--
-- PostgreSQL database dump
--

SET client_encoding = 'UTF8';
SET standard_conforming_strings = off;
SET check_function_bodies = false;
SET client_min_messages = warning;
SET escape_string_warning = off;

--
-- Name: clinlims; Type: SCHEMA; Schema: -; Owner: clinlims
--

CREATE SCHEMA clinlims;


ALTER SCHEMA clinlims OWNER TO clinlims;

SET search_path = clinlims, pg_catalog;

SET default_tablespace = '';

SET default_with_oids = false;

--
-- Name: action; Type: TABLE; Schema: clinlims; Owner: clinlims; Tablespace: 
--

CREATE TABLE action (
    id numeric(10,0) NOT NULL,
    code character varying(10) NOT NULL,
    description character varying(256) NOT NULL,
    type character varying(10) NOT NULL,
    lastupdated timestamp(6) without time zone
);


ALTER TABLE clinlims.action OWNER TO clinlims;

--
-- Name: action_seq; Type: SEQUENCE; Schema: clinlims; Owner: clinlims
--

CREATE SEQUENCE action_seq
    START WITH 45
    INCREMENT BY 1
    NO MAXVALUE
    NO MINVALUE
    CACHE 20;


ALTER TABLE clinlims.action_seq OWNER TO clinlims;

--
-- Name: action_seq; Type: SEQUENCE SET; Schema: clinlims; Owner: clinlims
--

SELECT pg_catalog.setval('action_seq', 45, false);


--
-- Name: analysis; Type: TABLE; Schema: clinlims; Owner: clinlims; Tablespace: 
--

CREATE TABLE analysis (
    id numeric(10,0) NOT NULL,
    sampitem_id numeric(10,0),
    test_sect_id numeric(10,0),
    test_id numeric(10,0),
    revision numeric,
    status character varying(1),
    started_date timestamp without time zone,
    completed_date timestamp without time zone,
    released_date timestamp without time zone,
    printed_date timestamp without time zone,
    is_reportable character varying(1),
    so_send_ready_date timestamp without time zone,
    so_client_reference character varying(240),
    so_notify_received_date timestamp without time zone,
    so_notify_send_date timestamp without time zone,
    so_send_date timestamp without time zone,
    so_send_entry_by character varying(240),
    so_send_entry_date timestamp without time zone,
    analysis_type character varying(10) NOT NULL,
    lastupdated timestamp(6) without time zone,
    parent_analysis_id numeric(10,0),
    parent_result_id numeric(10,0),
    reflex_trigger boolean DEFAULT false,
    status_id numeric(10,0)
);


ALTER TABLE clinlims.analysis OWNER TO clinlims;

--
-- Name: COLUMN analysis.id; Type: COMMENT; Schema: clinlims; Owner: clinlims
--

COMMENT ON COLUMN analysis.id IS 'Sequential number';


--
-- Name: COLUMN analysis.sampitem_id; Type: COMMENT; Schema: clinlims; Owner: clinlims
--

COMMENT ON COLUMN analysis.sampitem_id IS 'Sample source write in if not already defined';


--
-- Name: COLUMN analysis.test_id; Type: COMMENT; Schema: clinlims; Owner: clinlims
--

COMMENT ON COLUMN analysis.test_id IS 'Sequential value assigned on insert';


--
-- Name: COLUMN analysis.revision; Type: COMMENT; Schema: clinlims; Owner: clinlims
--

COMMENT ON COLUMN analysis.revision IS 'revision number';


--
-- Name: COLUMN analysis.status; Type: COMMENT; Schema: clinlims; Owner: clinlims
--

COMMENT ON COLUMN analysis.status IS 'Analysis Status; logged in, initiated, completed, released';


--
-- Name: COLUMN analysis.started_date; Type: COMMENT; Schema: clinlims; Owner: clinlims
--

COMMENT ON COLUMN analysis.started_date IS 'Date and time analysis started';


--
-- Name: COLUMN analysis.completed_date; Type: COMMENT; Schema: clinlims; Owner: clinlims
--

COMMENT ON COLUMN analysis.completed_date IS 'Date and time analysis completed';


--
-- Name: COLUMN analysis.released_date; Type: COMMENT; Schema: clinlims; Owner: clinlims
--

COMMENT ON COLUMN analysis.released_date IS 'Date and time analysis was released; basically verified and ready to report';


--
-- Name: COLUMN analysis.printed_date; Type: COMMENT; Schema: clinlims; Owner: clinlims
--

COMMENT ON COLUMN analysis.printed_date IS 'Date and time analysis was last printed for sending out';


--
-- Name: COLUMN analysis.is_reportable; Type: COMMENT; Schema: clinlims; Owner: clinlims
--

COMMENT ON COLUMN analysis.is_reportable IS 'Indicates if this analysis should be reported';


--
-- Name: COLUMN analysis.so_send_ready_date; Type: COMMENT; Schema: clinlims; Owner: clinlims
--

COMMENT ON COLUMN analysis.so_send_ready_date IS 'Send out ready date';


--
-- Name: COLUMN analysis.so_notify_received_date; Type: COMMENT; Schema: clinlims; Owner: clinlims
--

COMMENT ON COLUMN analysis.so_notify_received_date IS 'Date that send out facility notificed MDH that they had received the specimen';


--
-- Name: COLUMN analysis.so_notify_send_date; Type: COMMENT; Schema: clinlims; Owner: clinlims
--

COMMENT ON COLUMN analysis.so_notify_send_date IS 'Date that MDH sent out the specimen to a sendout facility';


--
-- Name: COLUMN analysis.so_send_entry_by; Type: COMMENT; Schema: clinlims; Owner: clinlims
--

COMMENT ON COLUMN analysis.so_send_entry_by IS 'User name who entered sendout';


--
-- Name: COLUMN analysis.reflex_trigger; Type: COMMENT; Schema: clinlims; Owner: clinlims
--

COMMENT ON COLUMN analysis.reflex_trigger IS 'True if this analysis has triggered a reflex test';


--
-- Name: COLUMN analysis.status_id; Type: COMMENT; Schema: clinlims; Owner: clinlims
--

COMMENT ON COLUMN analysis.status_id IS 'foriegn key to status of analysis ';


--
-- Name: analysis_qaevent; Type: TABLE; Schema: clinlims; Owner: clinlims; Tablespace: 
--

CREATE TABLE analysis_qaevent (
    id numeric(10,0) NOT NULL,
    qa_event_id numeric(10,0),
    analysis_id numeric(10,0),
    lastupdated timestamp(6) without time zone,
    completed_date timestamp without time zone
);


ALTER TABLE clinlims.analysis_qaevent OWNER TO clinlims;

--
-- Name: analysis_qaevent_action; Type: TABLE; Schema: clinlims; Owner: clinlims; Tablespace: 
--

CREATE TABLE analysis_qaevent_action (
    id numeric(10,0) NOT NULL,
    analysis_qaevent_id numeric(10,0) NOT NULL,
    action_id numeric(10,0) NOT NULL,
    created_date timestamp without time zone NOT NULL,
    lastupdated timestamp(6) without time zone,
    sys_user_id numeric(10,0)
);


ALTER TABLE clinlims.analysis_qaevent_action OWNER TO clinlims;

--
-- Name: analysis_qaevent_action_seq; Type: SEQUENCE; Schema: clinlims; Owner: clinlims
--

CREATE SEQUENCE analysis_qaevent_action_seq
    START WITH 221
    INCREMENT BY 1
    NO MAXVALUE
    NO MINVALUE
    CACHE 20;


ALTER TABLE clinlims.analysis_qaevent_action_seq OWNER TO clinlims;

--
-- Name: analysis_qaevent_action_seq; Type: SEQUENCE SET; Schema: clinlims; Owner: clinlims
--

SELECT pg_catalog.setval('analysis_qaevent_action_seq', 221, false);


--
-- Name: analysis_qaevent_seq; Type: SEQUENCE; Schema: clinlims; Owner: clinlims
--

CREATE SEQUENCE analysis_qaevent_seq
    START WITH 326
    INCREMENT BY 1
    NO MAXVALUE
    NO MINVALUE
    CACHE 20;


ALTER TABLE clinlims.analysis_qaevent_seq OWNER TO clinlims;

--
-- Name: analysis_qaevent_seq; Type: SEQUENCE SET; Schema: clinlims; Owner: clinlims
--

SELECT pg_catalog.setval('analysis_qaevent_seq', 326, false);


--
-- Name: analysis_seq; Type: SEQUENCE; Schema: clinlims; Owner: clinlims
--

CREATE SEQUENCE analysis_seq
    START WITH 1
    INCREMENT BY 1
    NO MAXVALUE
    NO MINVALUE
    CACHE 1;


ALTER TABLE clinlims.analysis_seq OWNER TO clinlims;

--
-- Name: analysis_seq; Type: SEQUENCE SET; Schema: clinlims; Owner: clinlims
--

SELECT pg_catalog.setval('analysis_seq', 1, false);


--
-- Name: analysis_storages; Type: TABLE; Schema: clinlims; Owner: clinlims; Tablespace: 
--

CREATE TABLE analysis_storages (
    id numeric(10,0) NOT NULL,
    storage_id numeric(10,0),
    checkin timestamp without time zone,
    checkout timestamp without time zone,
    analysis_id numeric(10,0)
);


ALTER TABLE clinlims.analysis_storages OWNER TO clinlims;

--
-- Name: COLUMN analysis_storages.checkin; Type: COMMENT; Schema: clinlims; Owner: clinlims
--

COMMENT ON COLUMN analysis_storages.checkin IS 'Date and time sample was moved to this storage_location';


--
-- Name: COLUMN analysis_storages.checkout; Type: COMMENT; Schema: clinlims; Owner: clinlims
--

COMMENT ON COLUMN analysis_storages.checkout IS 'Date and time sample was removed from this storage location';


--
-- Name: analysis_users; Type: TABLE; Schema: clinlims; Owner: clinlims; Tablespace: 
--

CREATE TABLE analysis_users (
    id numeric(10,0) NOT NULL,
    action character varying(1),
    analysis_id numeric(10,0),
    system_user_id numeric(10,0)
);


ALTER TABLE clinlims.analysis_users OWNER TO clinlims;

--
-- Name: COLUMN analysis_users.action; Type: COMMENT; Schema: clinlims; Owner: clinlims
--

COMMENT ON COLUMN analysis_users.action IS 'Type of action performed such as test request, complete, release';


--
-- Name: analyte; Type: TABLE; Schema: clinlims; Owner: clinlims; Tablespace: 
--

CREATE TABLE analyte (
    id numeric(10,0) NOT NULL,
    analyte_id numeric(10,0),
    name character varying(60),
    is_active character varying(1),
    external_id character varying(20),
    lastupdated timestamp(6) without time zone,
    local_abbrev character varying(10)
);


ALTER TABLE clinlims.analyte OWNER TO clinlims;

--
-- Name: COLUMN analyte.name; Type: COMMENT; Schema: clinlims; Owner: clinlims
--

COMMENT ON COLUMN analyte.name IS 'Name of analyte';


--
-- Name: COLUMN analyte.is_active; Type: COMMENT; Schema: clinlims; Owner: clinlims
--

COMMENT ON COLUMN analyte.is_active IS 'Flag indicating if the test is active';


--
-- Name: COLUMN analyte.external_id; Type: COMMENT; Schema: clinlims; Owner: clinlims
--

COMMENT ON COLUMN analyte.external_id IS 'External ID such as CAS #';


--
-- Name: analyte_seq; Type: SEQUENCE; Schema: clinlims; Owner: clinlims
--

CREATE SEQUENCE analyte_seq
    INCREMENT BY 1
    NO MAXVALUE
    NO MINVALUE
    CACHE 1;


ALTER TABLE clinlims.analyte_seq OWNER TO clinlims;

--
-- Name: analyte_seq; Type: SEQUENCE SET; Schema: clinlims; Owner: clinlims
--

SELECT pg_catalog.setval('analyte_seq', 97, true);


--
-- Name: analyzer; Type: TABLE; Schema: clinlims; Owner: clinlims; Tablespace: 
--

CREATE TABLE analyzer (
    id numeric(10,0) NOT NULL,
    scrip_id numeric(10,0),
    name character varying(20),
    machine_id character varying(20),
    description character varying(60),
    analyzer_type character varying(30),
    is_active boolean,
    location character varying(60),
    lastupdated timestamp(6) without time zone
);


ALTER TABLE clinlims.analyzer OWNER TO clinlims;

--
-- Name: COLUMN analyzer.name; Type: COMMENT; Schema: clinlims; Owner: clinlims
--

COMMENT ON COLUMN analyzer.name IS 'Short name for analyzer';


--
-- Name: COLUMN analyzer.machine_id; Type: COMMENT; Schema: clinlims; Owner: clinlims
--

COMMENT ON COLUMN analyzer.machine_id IS 'id which uniquely matches a machine, descriminates between duplicate analyzers';


--
-- Name: COLUMN analyzer.description; Type: COMMENT; Schema: clinlims; Owner: clinlims
--

COMMENT ON COLUMN analyzer.description IS 'analyzer description';


--
-- Name: COLUMN analyzer.analyzer_type; Type: COMMENT; Schema: clinlims; Owner: clinlims
--

COMMENT ON COLUMN analyzer.analyzer_type IS 'Type of analyzer: Mass Spec, HPLC, etc.';


--
-- Name: COLUMN analyzer.is_active; Type: COMMENT; Schema: clinlims; Owner: clinlims
--

COMMENT ON COLUMN analyzer.is_active IS 'Flag indicating if the analyzer is active';


--
-- Name: COLUMN analyzer.location; Type: COMMENT; Schema: clinlims; Owner: clinlims
--

COMMENT ON COLUMN analyzer.location IS 'Location of analyzer';


--
-- Name: analyzer_result_status; Type: TABLE; Schema: clinlims; Owner: clinlims; Tablespace: 
--

CREATE TABLE analyzer_result_status (
    id numeric(10,0) NOT NULL,
    name character varying(30) NOT NULL,
    description character varying(60)
);


ALTER TABLE clinlims.analyzer_result_status OWNER TO clinlims;

--
-- Name: analyzer_results; Type: TABLE; Schema: clinlims; Owner: clinlims; Tablespace: 
--

CREATE TABLE analyzer_results (
    id numeric(10,0) NOT NULL,
    analyzer_id numeric(10,0) NOT NULL,
    accession_number character varying(20) NOT NULL,
    test_name character varying(20) NOT NULL,
    result character varying(20) NOT NULL,
    units character varying(10),
    status_id numeric(10,0) DEFAULT 1 NOT NULL,
    iscontrol boolean DEFAULT false NOT NULL,
    lastupdated timestamp(6) without time zone,
    read_only boolean DEFAULT false,
    test_id numeric(10,0),
    duplicate_id numeric(10,0),
    positive boolean DEFAULT false,
    complete_date timestamp with time zone
);


ALTER TABLE clinlims.analyzer_results OWNER TO clinlims;

--
-- Name: TABLE analyzer_results; Type: COMMENT; Schema: clinlims; Owner: clinlims
--

COMMENT ON TABLE analyzer_results IS 'A holding table for analyzer results ';


--
-- Name: COLUMN analyzer_results.analyzer_id; Type: COMMENT; Schema: clinlims; Owner: clinlims
--

COMMENT ON COLUMN analyzer_results.analyzer_id IS 'Reference to analyzer table';


--
-- Name: COLUMN analyzer_results.accession_number; Type: COMMENT; Schema: clinlims; Owner: clinlims
--

COMMENT ON COLUMN analyzer_results.accession_number IS 'The display version of the accession number.  May be either the extended or normal accession number';


--
-- Name: COLUMN analyzer_results.test_name; Type: COMMENT; Schema: clinlims; Owner: clinlims
--

COMMENT ON COLUMN analyzer_results.test_name IS 'The test name, if a mapping is found then the mapping will be used, if not then the analyzer test name will be useds';


--
-- Name: COLUMN analyzer_results.result; Type: COMMENT; Schema: clinlims; Owner: clinlims
--

COMMENT ON COLUMN analyzer_results.result IS 'The result of the test, the meaning depends on the test itself';


--
-- Name: COLUMN analyzer_results.units; Type: COMMENT; Schema: clinlims; Owner: clinlims
--

COMMENT ON COLUMN analyzer_results.units IS 'The units as sent from the analyzer';


--
-- Name: COLUMN analyzer_results.status_id; Type: COMMENT; Schema: clinlims; Owner: clinlims
--

COMMENT ON COLUMN analyzer_results.status_id IS 'The status for the this analyzer result';


--
-- Name: COLUMN analyzer_results.iscontrol; Type: COMMENT; Schema: clinlims; Owner: clinlims
--

COMMENT ON COLUMN analyzer_results.iscontrol IS 'Is this result a control';


--
-- Name: COLUMN analyzer_results.read_only; Type: COMMENT; Schema: clinlims; Owner: clinlims
--

COMMENT ON COLUMN analyzer_results.read_only IS 'Is this result read only';


--
-- Name: COLUMN analyzer_results.test_id; Type: COMMENT; Schema: clinlims; Owner: clinlims
--

COMMENT ON COLUMN analyzer_results.test_id IS 'Test this is result is mapped to';


--
-- Name: COLUMN analyzer_results.duplicate_id; Type: COMMENT; Schema: clinlims; Owner: clinlims
--

COMMENT ON COLUMN analyzer_results.duplicate_id IS 'Reference to another analyzer result with the same analyzer and analyzer test';


--
-- Name: COLUMN analyzer_results.positive; Type: COMMENT; Schema: clinlims; Owner: clinlims
--

COMMENT ON COLUMN analyzer_results.positive IS 'Is the test positive';


--
-- Name: COLUMN analyzer_results.complete_date; Type: COMMENT; Schema: clinlims; Owner: clinlims
--

COMMENT ON COLUMN analyzer_results.complete_date IS 'The time stamp for when the analyzsis was done';


--
-- Name: analyzer_results_seq; Type: SEQUENCE; Schema: clinlims; Owner: clinlims
--

CREATE SEQUENCE analyzer_results_seq
    START WITH 1
    INCREMENT BY 1
    NO MAXVALUE
    MINVALUE 0
    CACHE 1;


ALTER TABLE clinlims.analyzer_results_seq OWNER TO clinlims;

--
-- Name: analyzer_results_seq; Type: SEQUENCE SET; Schema: clinlims; Owner: clinlims
--

SELECT pg_catalog.setval('analyzer_results_seq', 1, false);


--
-- Name: analyzer_seq; Type: SEQUENCE; Schema: clinlims; Owner: clinlims
--

CREATE SEQUENCE analyzer_seq
    INCREMENT BY 1
    NO MAXVALUE
    MINVALUE 0
    CACHE 1;


ALTER TABLE clinlims.analyzer_seq OWNER TO clinlims;

--
-- Name: analyzer_seq; Type: SEQUENCE SET; Schema: clinlims; Owner: clinlims
--

SELECT pg_catalog.setval('analyzer_seq', 1, true);


--
-- Name: analyzer_test_map; Type: TABLE; Schema: clinlims; Owner: clinlims; Tablespace: 
--

CREATE TABLE analyzer_test_map (
    analyzer_id numeric(10,0) NOT NULL,
    analyzer_test_name character varying(30) NOT NULL,
    test_id numeric(10,0) NOT NULL
);


ALTER TABLE clinlims.analyzer_test_map OWNER TO clinlims;

--
-- Name: TABLE analyzer_test_map; Type: COMMENT; Schema: clinlims; Owner: clinlims
--

COMMENT ON TABLE analyzer_test_map IS 'Maps the analyzers names to the tests in database';


--
-- Name: COLUMN analyzer_test_map.analyzer_id; Type: COMMENT; Schema: clinlims; Owner: clinlims
--

COMMENT ON COLUMN analyzer_test_map.analyzer_id IS 'foriegn key to analyzer table';


--
-- Name: COLUMN analyzer_test_map.analyzer_test_name; Type: COMMENT; Schema: clinlims; Owner: clinlims
--

COMMENT ON COLUMN analyzer_test_map.analyzer_test_name IS 'The name the analyzer uses for the test';


--
-- Name: COLUMN analyzer_test_map.test_id; Type: COMMENT; Schema: clinlims; Owner: clinlims
--

COMMENT ON COLUMN analyzer_test_map.test_id IS 'foriegn key to test table';


--
-- Name: animal_common_name; Type: TABLE; Schema: clinlims; Owner: clinlims; Tablespace: 
--

CREATE TABLE animal_common_name (
    id numeric(10,0) NOT NULL,
    name character varying(30)
);


ALTER TABLE clinlims.animal_common_name OWNER TO clinlims;

--
-- Name: COLUMN animal_common_name.name; Type: COMMENT; Schema: clinlims; Owner: clinlims
--

COMMENT ON COLUMN animal_common_name.name IS 'Lists the animal common name';


--
-- Name: animal_scientific_name; Type: TABLE; Schema: clinlims; Owner: clinlims; Tablespace: 
--

CREATE TABLE animal_scientific_name (
    id numeric(10,0) NOT NULL,
    comm_anim_id numeric(10,0) NOT NULL,
    name character varying(30)
);


ALTER TABLE clinlims.animal_scientific_name OWNER TO clinlims;

--
-- Name: COLUMN animal_scientific_name.id; Type: COMMENT; Schema: clinlims; Owner: clinlims
--

COMMENT ON COLUMN animal_scientific_name.id IS 'Sequential Number';


--
-- Name: COLUMN animal_scientific_name.name; Type: COMMENT; Schema: clinlims; Owner: clinlims
--

COMMENT ON COLUMN animal_scientific_name.name IS 'May include Genus and Species';


--
-- Name: attachment; Type: TABLE; Schema: clinlims; Owner: clinlims; Tablespace: 
--

CREATE TABLE attachment (
    id numeric(10,0) NOT NULL,
    attach_type character varying(20),
    filename character varying(60),
    description character varying(80),
    storage_reference character varying(255)
);


ALTER TABLE clinlims.attachment OWNER TO clinlims;

--
-- Name: attachment_item; Type: TABLE; Schema: clinlims; Owner: clinlims; Tablespace: 
--

CREATE TABLE attachment_item (
    id numeric(10,0) NOT NULL,
    reference_id numeric,
    reference_table_id numeric,
    attachment_id numeric
);


ALTER TABLE clinlims.attachment_item OWNER TO clinlims;

--
-- Name: aux_data; Type: TABLE; Schema: clinlims; Owner: clinlims; Tablespace: 
--

CREATE TABLE aux_data (
    id numeric(10,0) NOT NULL,
    sort_order numeric,
    is_reportable character varying(1),
    auxdata_type character varying(1),
    value character varying(80),
    reference_id numeric,
    reference_table numeric,
    aux_field_id numeric(10,0)
);


ALTER TABLE clinlims.aux_data OWNER TO clinlims;

--
-- Name: COLUMN aux_data.sort_order; Type: COMMENT; Schema: clinlims; Owner: clinlims
--

COMMENT ON COLUMN aux_data.sort_order IS 'The order the analytes (questions) are displayed';


--
-- Name: COLUMN aux_data.is_reportable; Type: COMMENT; Schema: clinlims; Owner: clinlims
--

COMMENT ON COLUMN aux_data.is_reportable IS 'Flag indicating if this entry is reportable';


--
-- Name: COLUMN aux_data.auxdata_type; Type: COMMENT; Schema: clinlims; Owner: clinlims
--

COMMENT ON COLUMN aux_data.auxdata_type IS 'Type of value: Dictionary, Titer range, Number, Date, String';


--
-- Name: COLUMN aux_data.value; Type: COMMENT; Schema: clinlims; Owner: clinlims
--

COMMENT ON COLUMN aux_data.value IS 'Actual value';


--
-- Name: COLUMN aux_data.reference_id; Type: COMMENT; Schema: clinlims; Owner: clinlims
--

COMMENT ON COLUMN aux_data.reference_id IS 'Link to record in table to which this entry pertains';


--
-- Name: COLUMN aux_data.reference_table; Type: COMMENT; Schema: clinlims; Owner: clinlims
--

COMMENT ON COLUMN aux_data.reference_table IS 'Link to table that this entry belongs to';


--
-- Name: aux_field; Type: TABLE; Schema: clinlims; Owner: clinlims; Tablespace: 
--

CREATE TABLE aux_field (
    id numeric(10,0) NOT NULL,
    sort_order numeric,
    auxfld_type character varying(1),
    is_active character varying(1),
    is_reportable character varying(1),
    reference_table numeric,
    analyte_id numeric(10,0),
    scriptlet_id numeric(10,0)
);


ALTER TABLE clinlims.aux_field OWNER TO clinlims;

--
-- Name: COLUMN aux_field.id; Type: COMMENT; Schema: clinlims; Owner: clinlims
--

COMMENT ON COLUMN aux_field.id IS 'Sequential Identifier';


--
-- Name: COLUMN aux_field.sort_order; Type: COMMENT; Schema: clinlims; Owner: clinlims
--

COMMENT ON COLUMN aux_field.sort_order IS 'The order the analystes (questions) are displayed';


--
-- Name: COLUMN aux_field.auxfld_type; Type: COMMENT; Schema: clinlims; Owner: clinlims
--

COMMENT ON COLUMN aux_field.auxfld_type IS 'Type of field: Required...';


--
-- Name: COLUMN aux_field.is_active; Type: COMMENT; Schema: clinlims; Owner: clinlims
--

COMMENT ON COLUMN aux_field.is_active IS 'Flag indicating is this entry is active';


--
-- Name: COLUMN aux_field.is_reportable; Type: COMMENT; Schema: clinlims; Owner: clinlims
--

COMMENT ON COLUMN aux_field.is_reportable IS 'Default value to reportable flag';


--
-- Name: COLUMN aux_field.reference_table; Type: COMMENT; Schema: clinlims; Owner: clinlims
--

COMMENT ON COLUMN aux_field.reference_table IS 'Link to table in which this entity can be used.';


--
-- Name: aux_field_values; Type: TABLE; Schema: clinlims; Owner: clinlims; Tablespace: 
--

CREATE TABLE aux_field_values (
    id numeric(10,0) NOT NULL,
    auxfldval_type character varying(1),
    value character varying(80),
    aux_field_id numeric(10,0)
);


ALTER TABLE clinlims.aux_field_values OWNER TO clinlims;

--
-- Name: COLUMN aux_field_values.id; Type: COMMENT; Schema: clinlims; Owner: clinlims
--

COMMENT ON COLUMN aux_field_values.id IS 'Sequential Identifier';


--
-- Name: COLUMN aux_field_values.auxfldval_type; Type: COMMENT; Schema: clinlims; Owner: clinlims
--

COMMENT ON COLUMN aux_field_values.auxfldval_type IS 'Type of value: Dictionary, titer range, number, date, string';


--
-- Name: COLUMN aux_field_values.value; Type: COMMENT; Schema: clinlims; Owner: clinlims
--

COMMENT ON COLUMN aux_field_values.value IS 'A permissible field value';


--
-- Name: city_seq; Type: SEQUENCE; Schema: clinlims; Owner: clinlims
--

CREATE SEQUENCE city_seq
    START WITH 1
    INCREMENT BY 1
    NO MAXVALUE
    NO MINVALUE
    CACHE 1;


ALTER TABLE clinlims.city_seq OWNER TO clinlims;

--
-- Name: city_seq; Type: SEQUENCE SET; Schema: clinlims; Owner: clinlims
--

SELECT pg_catalog.setval('city_seq', 1, false);


--
-- Name: city_state_zip; Type: TABLE; Schema: clinlims; Owner: clinlims; Tablespace: 
--

CREATE TABLE city_state_zip (
    id numeric(10,0),
    city character varying(30),
    state character varying(2),
    zip_code character varying(10),
    county_fips numeric(3,0),
    county character varying(25),
    region_id numeric(3,0),
    region character varying(30),
    state_fips numeric(3,0),
    state_name character varying(30),
    lastupdated timestamp(6) without time zone
);


ALTER TABLE clinlims.city_state_zip OWNER TO clinlims;

--
-- Name: code_element_type; Type: TABLE; Schema: clinlims; Owner: clinlims; Tablespace: 
--

CREATE TABLE code_element_type (
    id numeric(10,0) NOT NULL,
    text character varying(60),
    lastupdated timestamp(6) without time zone,
    local_reference_table numeric(10,0)
);


ALTER TABLE clinlims.code_element_type OWNER TO clinlims;

--
-- Name: code_element_type_seq; Type: SEQUENCE; Schema: clinlims; Owner: clinlims
--

CREATE SEQUENCE code_element_type_seq
    START WITH 21
    INCREMENT BY 1
    NO MAXVALUE
    NO MINVALUE
    CACHE 20;


ALTER TABLE clinlims.code_element_type_seq OWNER TO clinlims;

--
-- Name: code_element_type_seq; Type: SEQUENCE SET; Schema: clinlims; Owner: clinlims
--

SELECT pg_catalog.setval('code_element_type_seq', 21, false);


--
-- Name: code_element_xref; Type: TABLE; Schema: clinlims; Owner: clinlims; Tablespace: 
--

CREATE TABLE code_element_xref (
    id numeric(10,0) NOT NULL,
    message_org_id numeric(10,0),
    code_element_type_id numeric(10,0),
    receiver_code_element_id numeric(10,0),
    local_code_element_id numeric(10,0),
    lastupdated timestamp(6) without time zone
);


ALTER TABLE clinlims.code_element_xref OWNER TO clinlims;

--
-- Name: code_element_xref_seq; Type: SEQUENCE; Schema: clinlims; Owner: clinlims
--

CREATE SEQUENCE code_element_xref_seq
    START WITH 41
    INCREMENT BY 1
    NO MAXVALUE
    NO MINVALUE
    CACHE 20;


ALTER TABLE clinlims.code_element_xref_seq OWNER TO clinlims;

--
-- Name: code_element_xref_seq; Type: SEQUENCE SET; Schema: clinlims; Owner: clinlims
--

SELECT pg_catalog.setval('code_element_xref_seq', 41, false);


--
-- Name: contact_type; Type: TABLE; Schema: clinlims; Owner: clinlims; Tablespace: 
--

CREATE TABLE contact_type (
    id numeric(10,0) NOT NULL,
    description character varying(20),
    ct_type character varying(4),
    is_unique character varying(1)
);


ALTER TABLE clinlims.contact_type OWNER TO clinlims;

--
-- Name: COLUMN contact_type.id; Type: COMMENT; Schema: clinlims; Owner: clinlims
--

COMMENT ON COLUMN contact_type.id IS 'sequential field';


--
-- Name: COLUMN contact_type.description; Type: COMMENT; Schema: clinlims; Owner: clinlims
--

COMMENT ON COLUMN contact_type.description IS 'Can include such things as "Operator", "Accounting"';


--
-- Name: COLUMN contact_type.ct_type; Type: COMMENT; Schema: clinlims; Owner: clinlims
--

COMMENT ON COLUMN contact_type.ct_type IS 'Type code';


--
-- Name: COLUMN contact_type.is_unique; Type: COMMENT; Schema: clinlims; Owner: clinlims
--

COMMENT ON COLUMN contact_type.is_unique IS 'Indicates if only 1 of this contact type is allowed per organization';


--
-- Name: county_seq; Type: SEQUENCE; Schema: clinlims; Owner: clinlims
--

CREATE SEQUENCE county_seq
    START WITH 1
    INCREMENT BY 1
    NO MAXVALUE
    NO MINVALUE
    CACHE 1;


ALTER TABLE clinlims.county_seq OWNER TO clinlims;

--
-- Name: county_seq; Type: SEQUENCE SET; Schema: clinlims; Owner: clinlims
--

SELECT pg_catalog.setval('county_seq', 1, false);


--
-- Name: databasechangelog; Type: TABLE; Schema: clinlims; Owner: clinlims; Tablespace: 
--

CREATE TABLE databasechangelog (
    id character varying(63) NOT NULL,
    author character varying(63) NOT NULL,
    filename character varying(200) NOT NULL,
    dateexecuted timestamp with time zone NOT NULL,
    md5sum character varying(32),
    description character varying(255),
    comments character varying(255),
    tag character varying(255),
    liquibase character varying(10)
);


ALTER TABLE clinlims.databasechangelog OWNER TO clinlims;

--
-- Name: databasechangeloglock; Type: TABLE; Schema: clinlims; Owner: clinlims; Tablespace: 
--

CREATE TABLE databasechangeloglock (
    id integer NOT NULL,
    locked boolean NOT NULL,
    lockgranted timestamp with time zone,
    lockedby character varying(255)
);


ALTER TABLE clinlims.databasechangeloglock OWNER TO clinlims;

--
-- Name: dictionary; Type: TABLE; Schema: clinlims; Owner: clinlims; Tablespace: 
--

CREATE TABLE dictionary (
    id numeric(10,0) NOT NULL,
    is_active character varying(1),
    dict_entry character varying(4000),
    lastupdated timestamp(6) without time zone,
    local_abbrev character varying(10),
    dictionary_category_id numeric(10,0),
    display_key character varying(60)
);


ALTER TABLE clinlims.dictionary OWNER TO clinlims;

--
-- Name: COLUMN dictionary.is_active; Type: COMMENT; Schema: clinlims; Owner: clinlims
--

COMMENT ON COLUMN dictionary.is_active IS 'Flag indicating if the analyte is active';


--
-- Name: COLUMN dictionary.dict_entry; Type: COMMENT; Schema: clinlims; Owner: clinlims
--

COMMENT ON COLUMN dictionary.dict_entry IS 'Finding, result, interpretation';


--
-- Name: COLUMN dictionary.display_key; Type: COMMENT; Schema: clinlims; Owner: clinlims
--

COMMENT ON COLUMN dictionary.display_key IS 'Resource file lookup key for localization of displaying the name';


--
-- Name: dictionary_category; Type: TABLE; Schema: clinlims; Owner: clinlims; Tablespace: 
--

CREATE TABLE dictionary_category (
    id numeric(10,0) NOT NULL,
    description character varying(60),
    lastupdated timestamp(6) without time zone,
    local_abbrev character varying(10),
    name character varying(50)
);


ALTER TABLE clinlims.dictionary_category OWNER TO clinlims;

--
-- Name: COLUMN dictionary_category.id; Type: COMMENT; Schema: clinlims; Owner: clinlims
--

COMMENT ON COLUMN dictionary_category.id IS 'A unique auto generated integer number assigned by database';


--
-- Name: COLUMN dictionary_category.description; Type: COMMENT; Schema: clinlims; Owner: clinlims
--

COMMENT ON COLUMN dictionary_category.description IS 'Human readable description';


--
-- Name: dictionary_category_seq; Type: SEQUENCE; Schema: clinlims; Owner: clinlims
--

CREATE SEQUENCE dictionary_category_seq
    INCREMENT BY 1
    NO MAXVALUE
    NO MINVALUE
    CACHE 20;


ALTER TABLE clinlims.dictionary_category_seq OWNER TO clinlims;

--
-- Name: dictionary_category_seq; Type: SEQUENCE SET; Schema: clinlims; Owner: clinlims
--

SELECT pg_catalog.setval('dictionary_category_seq', 116, true);


--
-- Name: dictionary_seq; Type: SEQUENCE; Schema: clinlims; Owner: clinlims
--

CREATE SEQUENCE dictionary_seq
    INCREMENT BY 1
    NO MAXVALUE
    NO MINVALUE
    CACHE 20;


ALTER TABLE clinlims.dictionary_seq OWNER TO clinlims;

--
-- Name: dictionary_seq; Type: SEQUENCE SET; Schema: clinlims; Owner: clinlims
--

SELECT pg_catalog.setval('dictionary_seq', 819, true);


--
-- Name: district; Type: TABLE; Schema: clinlims; Owner: clinlims; Tablespace: 
--

CREATE TABLE district (
    id numeric(10,0) NOT NULL,
    city_id numeric(10,0) NOT NULL,
    dist_entry character varying(300),
    lastupdated timestamp without time zone,
    description character varying(50)
);


ALTER TABLE clinlims.district OWNER TO clinlims;

--
-- Name: COLUMN district.dist_entry; Type: COMMENT; Schema: clinlims; Owner: clinlims
--

COMMENT ON COLUMN district.dist_entry IS 'Finding, result, interpretation';


--
-- Name: district_seq; Type: SEQUENCE; Schema: clinlims; Owner: clinlims
--

CREATE SEQUENCE district_seq
    START WITH 1
    INCREMENT BY 1
    NO MAXVALUE
    NO MINVALUE
    CACHE 20;


ALTER TABLE clinlims.district_seq OWNER TO clinlims;

--
-- Name: district_seq; Type: SEQUENCE SET; Schema: clinlims; Owner: clinlims
--

SELECT pg_catalog.setval('district_seq', 1, false);


--
-- Name: ethnicity; Type: TABLE; Schema: clinlims; Owner: clinlims; Tablespace: 
--

CREATE TABLE ethnicity (
    id numeric(10,0) NOT NULL,
    ethnic_type character varying(1) NOT NULL,
    description character varying(20),
    is_active character varying(1)
);


ALTER TABLE clinlims.ethnicity OWNER TO clinlims;

--
-- Name: COLUMN ethnicity.id; Type: COMMENT; Schema: clinlims; Owner: clinlims
--

COMMENT ON COLUMN ethnicity.id IS 'Any code values in tables.';


--
-- Name: COLUMN ethnicity.ethnic_type; Type: COMMENT; Schema: clinlims; Owner: clinlims
--

COMMENT ON COLUMN ethnicity.ethnic_type IS 'Ethnicity of Patient';


--
-- Name: gender; Type: TABLE; Schema: clinlims; Owner: clinlims; Tablespace: 
--

CREATE TABLE gender (
    id numeric(10,0) NOT NULL,
    gender_type character varying(1),
    description character varying(20),
    lastupdated timestamp(6) without time zone,
    name_key character varying(60)
);


ALTER TABLE clinlims.gender OWNER TO clinlims;

--
-- Name: COLUMN gender.id; Type: COMMENT; Schema: clinlims; Owner: clinlims
--

COMMENT ON COLUMN gender.id IS 'A unique auto generated integer number assigned by database';


--
-- Name: COLUMN gender.gender_type; Type: COMMENT; Schema: clinlims; Owner: clinlims
--

COMMENT ON COLUMN gender.gender_type IS 'Gender code (M, F, U)';


--
-- Name: COLUMN gender.description; Type: COMMENT; Schema: clinlims; Owner: clinlims
--

COMMENT ON COLUMN gender.description IS 'Human readable description';


--
-- Name: gender_seq; Type: SEQUENCE; Schema: clinlims; Owner: clinlims
--

CREATE SEQUENCE gender_seq
    START WITH 1
    INCREMENT BY 1
    NO MAXVALUE
    NO MINVALUE
    CACHE 1;


ALTER TABLE clinlims.gender_seq OWNER TO clinlims;

--
-- Name: gender_seq; Type: SEQUENCE SET; Schema: clinlims; Owner: clinlims
--

SELECT pg_catalog.setval('gender_seq', 1, false);


--
-- Name: hibernate_sequence; Type: SEQUENCE; Schema: clinlims; Owner: clinlims
--

CREATE SEQUENCE hibernate_sequence
    INCREMENT BY 1
    NO MAXVALUE
    NO MINVALUE
    CACHE 20;


ALTER TABLE clinlims.hibernate_sequence OWNER TO clinlims;

--
-- Name: hibernate_sequence; Type: SEQUENCE SET; Schema: clinlims; Owner: clinlims
--

SELECT pg_catalog.setval('hibernate_sequence', 4819, true);


--
-- Name: history; Type: TABLE; Schema: clinlims; Owner: clinlims; Tablespace: 
--

CREATE TABLE history (
    id numeric(10,0) NOT NULL,
    sys_user_id numeric(10,0) NOT NULL,
    reference_id numeric NOT NULL,
    reference_table numeric NOT NULL,
    "timestamp" timestamp without time zone NOT NULL,
    activity character varying(1) NOT NULL,
    changes bytea
);


ALTER TABLE clinlims.history OWNER TO clinlims;

--
-- Name: COLUMN history.id; Type: COMMENT; Schema: clinlims; Owner: clinlims
--

COMMENT ON COLUMN history.id IS 'Sequential number for audit records';


--
-- Name: COLUMN history.sys_user_id; Type: COMMENT; Schema: clinlims; Owner: clinlims
--

COMMENT ON COLUMN history.sys_user_id IS 'Sequential Identifier';


--
-- Name: COLUMN history.reference_id; Type: COMMENT; Schema: clinlims; Owner: clinlims
--

COMMENT ON COLUMN history.reference_id IS 'Links to record in table to which this entry pertains';


--
-- Name: COLUMN history.reference_table; Type: COMMENT; Schema: clinlims; Owner: clinlims
--

COMMENT ON COLUMN history.reference_table IS 'Link to table that this entity belongs to';


--
-- Name: COLUMN history."timestamp"; Type: COMMENT; Schema: clinlims; Owner: clinlims
--

COMMENT ON COLUMN history."timestamp" IS 'Date of history record';


--
-- Name: COLUMN history.activity; Type: COMMENT; Schema: clinlims; Owner: clinlims
--

COMMENT ON COLUMN history.activity IS 'U for update, D for delete';


--
-- Name: COLUMN history.changes; Type: COMMENT; Schema: clinlims; Owner: clinlims
--

COMMENT ON COLUMN history.changes IS 'XML image of record prior to change';


--
-- Name: history_seq; Type: SEQUENCE; Schema: clinlims; Owner: clinlims
--

CREATE SEQUENCE history_seq
    INCREMENT BY 1
    NO MAXVALUE
    NO MINVALUE
    CACHE 20;


ALTER TABLE clinlims.history_seq OWNER TO clinlims;

--
-- Name: history_seq; Type: SEQUENCE SET; Schema: clinlims; Owner: clinlims
--

SELECT pg_catalog.setval('history_seq', 20, true);


--
-- Name: patient; Type: TABLE; Schema: clinlims; Owner: clinlims; Tablespace: 
--

CREATE TABLE patient (
    id numeric(10,0) NOT NULL,
    person_id numeric(10,0) NOT NULL,
    race character varying(5),
    gender character varying(1),
    birth_date timestamp without time zone,
    epi_first_name character varying(25),
    epi_middle_name character varying(25),
    epi_last_name character varying(240),
    birth_time timestamp without time zone,
    death_date timestamp without time zone,
    national_id character varying(240),
    ethnicity character varying(1),
    school_attend character varying(240),
    medicare_id character varying(240),
    medicaid_id character varying(240),
    birth_place character varying(35),
    lastupdated timestamp(6) without time zone,
    external_id character varying(20),
    chart_number character varying(20)
);


ALTER TABLE clinlims.patient OWNER TO clinlims;

--
-- Name: COLUMN patient.race; Type: COMMENT; Schema: clinlims; Owner: clinlims
--

COMMENT ON COLUMN patient.race IS 'A string of 1 character race code(s)';


--
-- Name: COLUMN patient.gender; Type: COMMENT; Schema: clinlims; Owner: clinlims
--

COMMENT ON COLUMN patient.gender IS 'A one character gender code';


--
-- Name: COLUMN patient.birth_date; Type: COMMENT; Schema: clinlims; Owner: clinlims
--

COMMENT ON COLUMN patient.birth_date IS 'Date of birth';


--
-- Name: COLUMN patient.birth_time; Type: COMMENT; Schema: clinlims; Owner: clinlims
--

COMMENT ON COLUMN patient.birth_time IS 'Time of birth for newborn patients';


--
-- Name: COLUMN patient.death_date; Type: COMMENT; Schema: clinlims; Owner: clinlims
--

COMMENT ON COLUMN patient.death_date IS 'Date of death if unexplained illness or death';


--
-- Name: COLUMN patient.national_id; Type: COMMENT; Schema: clinlims; Owner: clinlims
--

COMMENT ON COLUMN patient.national_id IS 'National Patient ID or SSN';


--
-- Name: COLUMN patient.medicare_id; Type: COMMENT; Schema: clinlims; Owner: clinlims
--

COMMENT ON COLUMN patient.medicare_id IS 'Medicare Number';


--
-- Name: COLUMN patient.medicaid_id; Type: COMMENT; Schema: clinlims; Owner: clinlims
--

COMMENT ON COLUMN patient.medicaid_id IS 'Medicaid Number';


--
-- Name: sample_human; Type: TABLE; Schema: clinlims; Owner: clinlims; Tablespace: 
--

CREATE TABLE sample_human (
    id numeric(10,0) NOT NULL,
    provider_id numeric(10,0),
    samp_id numeric(10,0) NOT NULL,
    patient_id numeric(10,0),
    lastupdated timestamp(6) without time zone
);


ALTER TABLE clinlims.sample_human OWNER TO clinlims;

--
-- Name: COLUMN sample_human.samp_id; Type: COMMENT; Schema: clinlims; Owner: clinlims
--

COMMENT ON COLUMN sample_human.samp_id IS 'MDH Specimen Number';


--
-- Name: sample_item; Type: TABLE; Schema: clinlims; Owner: clinlims; Tablespace: 
--

CREATE TABLE sample_item (
    id numeric(10,0) NOT NULL,
    sort_order numeric NOT NULL,
    sampitem_id numeric(10,0),
    samp_id numeric(10,0),
    source_id numeric(10,0),
    typeosamp_id numeric(10,0),
    uom_id numeric(10,0),
    source_other character varying(40),
    quantity numeric,
    lastupdated timestamp(6) without time zone
);


ALTER TABLE clinlims.sample_item OWNER TO clinlims;

--
-- Name: COLUMN sample_item.id; Type: COMMENT; Schema: clinlims; Owner: clinlims
--

COMMENT ON COLUMN sample_item.id IS 'Sample source write in if not already defined';


--
-- Name: COLUMN sample_item.sort_order; Type: COMMENT; Schema: clinlims; Owner: clinlims
--

COMMENT ON COLUMN sample_item.sort_order IS 'Sample items unique sequence number for this sample';


--
-- Name: COLUMN sample_item.sampitem_id; Type: COMMENT; Schema: clinlims; Owner: clinlims
--

COMMENT ON COLUMN sample_item.sampitem_id IS 'Sample source write in if not already defined';


--
-- Name: COLUMN sample_item.samp_id; Type: COMMENT; Schema: clinlims; Owner: clinlims
--

COMMENT ON COLUMN sample_item.samp_id IS 'MDH Specimen Number';


--
-- Name: COLUMN sample_item.source_id; Type: COMMENT; Schema: clinlims; Owner: clinlims
--

COMMENT ON COLUMN sample_item.source_id IS 'A unique auto generated integer number assigned by the database.';


--
-- Name: COLUMN sample_item.typeosamp_id; Type: COMMENT; Schema: clinlims; Owner: clinlims
--

COMMENT ON COLUMN sample_item.typeosamp_id IS 'A unique auto generated integer number assigned by the database';


--
-- Name: COLUMN sample_item.source_other; Type: COMMENT; Schema: clinlims; Owner: clinlims
--

COMMENT ON COLUMN sample_item.source_other IS 'Sample source write in if not already defined';


--
-- Name: COLUMN sample_item.quantity; Type: COMMENT; Schema: clinlims; Owner: clinlims
--

COMMENT ON COLUMN sample_item.quantity IS 'Amount of sample';


--
-- Name: status_of_sample; Type: TABLE; Schema: clinlims; Owner: clinlims; Tablespace: 
--

CREATE TABLE status_of_sample (
    id numeric(10,0) NOT NULL,
    description character varying(240),
    code numeric(3,0) NOT NULL,
    status_type character varying(10) NOT NULL,
    lastupdated timestamp(6) without time zone,
    name character varying(30),
    display_key character varying(60)
);


ALTER TABLE clinlims.status_of_sample OWNER TO clinlims;

--
-- Name: test; Type: TABLE; Schema: clinlims; Owner: clinlims; Tablespace: 
--

CREATE TABLE test (
    id numeric(10,0) NOT NULL,
    method_id numeric(10,0),
    uom_id numeric(10,0),
    description character varying(60) NOT NULL,
    loinc character varying(240),
    reporting_description character varying(60),
    sticker_req_flag character varying(1),
    is_active character varying(1),
    active_begin timestamp without time zone,
    active_end timestamp without time zone,
    is_reportable character varying(1),
    time_holding numeric,
    time_wait numeric,
    time_ta_average numeric,
    time_ta_warning numeric,
    time_ta_max numeric,
    label_qty numeric,
    lastupdated timestamp(6) without time zone,
    label_id numeric(10,0),
    test_trailer_id numeric(10,0),
    test_section_id numeric(10,0),
    scriptlet_id numeric(10,0),
    test_format_id numeric(10,0),
    local_abbrev character varying(20),
    sort_order numeric DEFAULT 0,
    name character varying(20),
    display_key character varying(60)
);


ALTER TABLE clinlims.test OWNER TO clinlims;

--
-- Name: COLUMN test.id; Type: COMMENT; Schema: clinlims; Owner: clinlims
--

COMMENT ON COLUMN test.id IS 'Sequential value assigned on insert';


--
-- Name: COLUMN test.method_id; Type: COMMENT; Schema: clinlims; Owner: clinlims
--

COMMENT ON COLUMN test.method_id IS 'Sequential number';


--
-- Name: COLUMN test.description; Type: COMMENT; Schema: clinlims; Owner: clinlims
--

COMMENT ON COLUMN test.description IS 'Description for test';


--
-- Name: COLUMN test.reporting_description; Type: COMMENT; Schema: clinlims; Owner: clinlims
--

COMMENT ON COLUMN test.reporting_description IS 'Description for test that appears on reports';


--
-- Name: COLUMN test.is_active; Type: COMMENT; Schema: clinlims; Owner: clinlims
--

COMMENT ON COLUMN test.is_active IS 'Active status flag';


--
-- Name: COLUMN test.active_begin; Type: COMMENT; Schema: clinlims; Owner: clinlims
--

COMMENT ON COLUMN test.active_begin IS 'Active end date';


--
-- Name: COLUMN test.active_end; Type: COMMENT; Schema: clinlims; Owner: clinlims
--

COMMENT ON COLUMN test.active_end IS 'Active begin date';


--
-- Name: COLUMN test.is_reportable; Type: COMMENT; Schema: clinlims; Owner: clinlims
--

COMMENT ON COLUMN test.is_reportable IS 'The default flag indicating if ths test is reportable';


--
-- Name: COLUMN test.time_holding; Type: COMMENT; Schema: clinlims; Owner: clinlims
--

COMMENT ON COLUMN test.time_holding IS 'Max hours between collection and received time';


--
-- Name: COLUMN test.time_wait; Type: COMMENT; Schema: clinlims; Owner: clinlims
--

COMMENT ON COLUMN test.time_wait IS 'Hours to wait before analysis can begin';


--
-- Name: COLUMN test.time_ta_average; Type: COMMENT; Schema: clinlims; Owner: clinlims
--

COMMENT ON COLUMN test.time_ta_average IS 'Average hours for test to be reported';


--
-- Name: COLUMN test.time_ta_warning; Type: COMMENT; Schema: clinlims; Owner: clinlims
--

COMMENT ON COLUMN test.time_ta_warning IS 'Hours before issuing touraround warning for test not reported';


--
-- Name: COLUMN test.time_ta_max; Type: COMMENT; Schema: clinlims; Owner: clinlims
--

COMMENT ON COLUMN test.time_ta_max IS 'Max hours test should be in laboratory';


--
-- Name: COLUMN test.label_qty; Type: COMMENT; Schema: clinlims; Owner: clinlims
--

COMMENT ON COLUMN test.label_qty IS 'Number of labels to print';


--
-- Name: COLUMN test.display_key; Type: COMMENT; Schema: clinlims; Owner: clinlims
--

COMMENT ON COLUMN test.display_key IS 'Resource file lookup key for localization of displaying the name';


--
-- Name: test_section; Type: TABLE; Schema: clinlims; Owner: clinlims; Tablespace: 
--

CREATE TABLE test_section (
    id numeric(10,0) NOT NULL,
    name character varying(20),
    description character varying(60) NOT NULL,
    org_id numeric(10,0),
    is_external character varying(1),
    lastupdated timestamp(6) without time zone,
    parent_test_section numeric(10,0),
    display_key character varying(60)
);


ALTER TABLE clinlims.test_section OWNER TO clinlims;

--
-- Name: COLUMN test_section.name; Type: COMMENT; Schema: clinlims; Owner: clinlims
--

COMMENT ON COLUMN test_section.name IS 'Short section name';


--
-- Name: COLUMN test_section.description; Type: COMMENT; Schema: clinlims; Owner: clinlims
--

COMMENT ON COLUMN test_section.description IS 'MDH Locations including various labs';


--
-- Name: COLUMN test_section.org_id; Type: COMMENT; Schema: clinlims; Owner: clinlims
--

COMMENT ON COLUMN test_section.org_id IS 'Sequential Numbering Field';


--
-- Name: COLUMN test_section.is_external; Type: COMMENT; Schema: clinlims; Owner: clinlims
--

COMMENT ON COLUMN test_section.is_external IS 'Flag indicating if section is external to organization (Y/N)';


--
-- Name: COLUMN test_section.display_key; Type: COMMENT; Schema: clinlims; Owner: clinlims
--

COMMENT ON COLUMN test_section.display_key IS 'Resource file lookup key for localization of displaying the name';


--
-- Name: hiv_patients; Type: VIEW; Schema: clinlims; Owner: clinlims
--

CREATE VIEW hiv_patients AS
    SELECT DISTINCT ON (pt.id) pt.id AS patient_id, pt.person_id, pt.gender, (age(a.started_date, pt.birth_date) < ((28)::double precision * '1 day'::interval)) AS infant, a.completed_date FROM ((((((analysis a JOIN sample_item si ON ((a.sampitem_id = si.id))) JOIN sample_human sh ON ((si.samp_id = sh.samp_id))) JOIN patient pt ON ((sh.patient_id = pt.id))) JOIN test t ON ((a.test_id = t.id))) JOIN test_section ts ON (((t.test_section_id = ts.id) AND ((ts.name)::text = 'VCT'::text)))) JOIN status_of_sample sos ON ((((sos.name)::text ~~ 'Finished'::text) AND (sos.id = to_number((a.status_id)::text, '999999999'::text))))) ORDER BY pt.id;


ALTER TABLE clinlims.hiv_patients OWNER TO clinlims;

--
-- Name: result; Type: TABLE; Schema: clinlims; Owner: clinlims; Tablespace: 
--

CREATE TABLE result (
    id numeric(10,0) NOT NULL,
    analysis_id numeric(10,0),
    sort_order numeric,
    is_reportable character varying(1),
    result_type character varying(1),
    value character varying(100),
    analyte_id numeric(10,0),
    test_result_id numeric(10,0),
    lastupdated timestamp(6) without time zone,
    min_normal double precision,
    max_normal double precision
);


ALTER TABLE clinlims.result OWNER TO clinlims;

--
-- Name: COLUMN result.analysis_id; Type: COMMENT; Schema: clinlims; Owner: clinlims
--

COMMENT ON COLUMN result.analysis_id IS 'Sequential number';


--
-- Name: COLUMN result.sort_order; Type: COMMENT; Schema: clinlims; Owner: clinlims
--

COMMENT ON COLUMN result.sort_order IS 'The order the results are displayed (sort order)';


--
-- Name: COLUMN result.is_reportable; Type: COMMENT; Schema: clinlims; Owner: clinlims
--

COMMENT ON COLUMN result.is_reportable IS 'Indicates if the result is reportable.';


--
-- Name: COLUMN result.result_type; Type: COMMENT; Schema: clinlims; Owner: clinlims
--

COMMENT ON COLUMN result.result_type IS 'Type of result: Dictionary, titer, number, date';


--
-- Name: COLUMN result.value; Type: COMMENT; Schema: clinlims; Owner: clinlims
--

COMMENT ON COLUMN result.value IS 'Actual result value.';


--
-- Name: COLUMN result.min_normal; Type: COMMENT; Schema: clinlims; Owner: clinlims
--

COMMENT ON COLUMN result.min_normal IS 'The min normal value for this result. (May vary by patient sex and age)';


--
-- Name: COLUMN result.max_normal; Type: COMMENT; Schema: clinlims; Owner: clinlims
--

COMMENT ON COLUMN result.max_normal IS 'The max normal value for this result. (May vary by patient sex and age)';


--
-- Name: result_context; Type: TABLE; Schema: clinlims; Owner: clinlims; Tablespace: 
--

CREATE TABLE result_context (
    result_id numeric(10,0) NOT NULL,
    min double precision,
    max double precision,
    units_of_measure character varying(20),
    outcome character(1) DEFAULT 'N'::bpchar NOT NULL
);


ALTER TABLE clinlims.result_context OWNER TO clinlims;

--
-- Name: TABLE result_context; Type: COMMENT; Schema: clinlims; Owner: clinlims
--

COMMENT ON TABLE result_context IS 'This table links a result with result limit values at the time the result was created';


--
-- Name: COLUMN result_context.min; Type: COMMENT; Schema: clinlims; Owner: clinlims
--

COMMENT ON COLUMN result_context.min IS 'The minimum value for the normal range';


--
-- Name: COLUMN result_context.max; Type: COMMENT; Schema: clinlims; Owner: clinlims
--

COMMENT ON COLUMN result_context.max IS 'The maximum value for the normal range';


--
-- Name: COLUMN result_context.outcome; Type: COMMENT; Schema: clinlims; Owner: clinlims
--

COMMENT ON COLUMN result_context.outcome IS 'What does the result mean.  N = negative, P = positive, I = indetirminate, F = invalid (failed)';


--
-- Name: hiv_tests; Type: VIEW; Schema: clinlims; Owner: clinlims
--

CREATE VIEW hiv_tests AS
    SELECT a.test_id, rc.outcome, a.completed_date FROM (((((analysis a JOIN status_of_sample sos ON ((((sos.name)::text ~~ 'Finished'::text) AND (sos.id = to_number((a.status_id)::text, '9999999999'::text))))) JOIN result r ON ((r.analysis_id = a.id))) JOIN result_context rc ON ((rc.result_id = r.id))) JOIN test t ON ((t.id = a.test_id))) JOIN test_section ts ON ((((ts.name)::text = 'VCT'::text) AND (t.test_section_id = ts.id))));


ALTER TABLE clinlims.hiv_tests OWNER TO clinlims;

--
-- Name: hl7_encoding_type; Type: TABLE; Schema: clinlims; Owner: clinlims; Tablespace: 
--

CREATE TABLE hl7_encoding_type (
    id numeric(10,0) NOT NULL,
    schema_name character varying(32) NOT NULL,
    lastupdated timestamp with time zone
);


ALTER TABLE clinlims.hl7_encoding_type OWNER TO clinlims;

--
-- Name: TABLE hl7_encoding_type; Type: COMMENT; Schema: clinlims; Owner: clinlims
--

COMMENT ON TABLE hl7_encoding_type IS 'The names of the encoding schems supported (SNOMWD, LOINC etc)';


--
-- Name: hl7_encoding_type_seq; Type: SEQUENCE; Schema: clinlims; Owner: clinlims
--

CREATE SEQUENCE hl7_encoding_type_seq
    START WITH 1
    INCREMENT BY 1
    NO MAXVALUE
    NO MINVALUE
    CACHE 1;


ALTER TABLE clinlims.hl7_encoding_type_seq OWNER TO clinlims;

--
-- Name: hl7_encoding_type_seq; Type: SEQUENCE SET; Schema: clinlims; Owner: clinlims
--

SELECT pg_catalog.setval('hl7_encoding_type_seq', 1, false);


--
-- Name: htmldb_plan_table; Type: TABLE; Schema: clinlims; Owner: clinlims; Tablespace: 
--

CREATE TABLE htmldb_plan_table (
    statement_id character varying(30),
    plan_id numeric,
    "timestamp" timestamp without time zone,
    remarks character varying(4000),
    operation character varying(30),
    options character varying(255),
    object_node character varying(128),
    object_owner character varying(30),
    object_name character varying(30),
    object_alias character varying(65),
    object_instance numeric,
    object_type character varying(30),
    optimizer character varying(255),
    search_columns numeric,
    id numeric,
    parent_id numeric,
    depth numeric,
    "position" numeric,
    cost numeric,
    cardinality numeric,
    bytes numeric,
    other_tag character varying(255),
    partition_start character varying(255),
    partition_stop character varying(255),
    partition_id numeric,
    other text,
    distribution character varying(30),
    cpu_cost numeric,
    io_cost numeric,
    temp_space numeric,
    access_predicates character varying(4000),
    filter_predicates character varying(4000),
    projection character varying(4000),
    "time" numeric,
    qblock_name character varying(30)
);


ALTER TABLE clinlims.htmldb_plan_table OWNER TO clinlims;

--
-- Name: instrument; Type: TABLE; Schema: clinlims; Owner: clinlims; Tablespace: 
--

CREATE TABLE instrument (
    id numeric(10,0) NOT NULL,
    scrip_id numeric(10,0),
    name character varying(20),
    description character varying(60),
    instru_type character varying(30),
    is_active character varying(1),
    location character varying(60)
);


ALTER TABLE clinlims.instrument OWNER TO clinlims;

--
-- Name: COLUMN instrument.name; Type: COMMENT; Schema: clinlims; Owner: clinlims
--

COMMENT ON COLUMN instrument.name IS 'Short name for instrument';


--
-- Name: COLUMN instrument.description; Type: COMMENT; Schema: clinlims; Owner: clinlims
--

COMMENT ON COLUMN instrument.description IS 'Instrument description';


--
-- Name: COLUMN instrument.instru_type; Type: COMMENT; Schema: clinlims; Owner: clinlims
--

COMMENT ON COLUMN instrument.instru_type IS 'Type of instrument: Mass Spec, HPLC, etc.';


--
-- Name: COLUMN instrument.is_active; Type: COMMENT; Schema: clinlims; Owner: clinlims
--

COMMENT ON COLUMN instrument.is_active IS 'Flag indicating if the instrument is active';


--
-- Name: COLUMN instrument.location; Type: COMMENT; Schema: clinlims; Owner: clinlims
--

COMMENT ON COLUMN instrument.location IS 'Location of instrument';


--
-- Name: instrument_analyte; Type: TABLE; Schema: clinlims; Owner: clinlims; Tablespace: 
--

CREATE TABLE instrument_analyte (
    id numeric(10,0) NOT NULL,
    analyte_id numeric(10,0),
    instru_id numeric(10,0),
    method_id numeric(10,0),
    result_group numeric
);


ALTER TABLE clinlims.instrument_analyte OWNER TO clinlims;

--
-- Name: COLUMN instrument_analyte.id; Type: COMMENT; Schema: clinlims; Owner: clinlims
--

COMMENT ON COLUMN instrument_analyte.id IS 'Sequential Identifier';


--
-- Name: COLUMN instrument_analyte.method_id; Type: COMMENT; Schema: clinlims; Owner: clinlims
--

COMMENT ON COLUMN instrument_analyte.method_id IS 'Sequential number';


--
-- Name: COLUMN instrument_analyte.result_group; Type: COMMENT; Schema: clinlims; Owner: clinlims
--

COMMENT ON COLUMN instrument_analyte.result_group IS 'A program generated group number';


--
-- Name: instrument_log; Type: TABLE; Schema: clinlims; Owner: clinlims; Tablespace: 
--

CREATE TABLE instrument_log (
    id numeric(10,0) NOT NULL,
    instru_id numeric(10,0),
    instlog_type character varying(1),
    event_begin timestamp without time zone,
    event_end timestamp without time zone
);


ALTER TABLE clinlims.instrument_log OWNER TO clinlims;

--
-- Name: COLUMN instrument_log.id; Type: COMMENT; Schema: clinlims; Owner: clinlims
--

COMMENT ON COLUMN instrument_log.id IS 'Sequential Identifier';


--
-- Name: COLUMN instrument_log.instlog_type; Type: COMMENT; Schema: clinlims; Owner: clinlims
--

COMMENT ON COLUMN instrument_log.instlog_type IS 'type of log entry: downtime, maintenance';


--
-- Name: COLUMN instrument_log.event_begin; Type: COMMENT; Schema: clinlims; Owner: clinlims
--

COMMENT ON COLUMN instrument_log.event_begin IS 'date-time logged event started';


--
-- Name: COLUMN instrument_log.event_end; Type: COMMENT; Schema: clinlims; Owner: clinlims
--

COMMENT ON COLUMN instrument_log.event_end IS 'Date-time logged event ended';


--
-- Name: inventory_component; Type: TABLE; Schema: clinlims; Owner: clinlims; Tablespace: 
--

CREATE TABLE inventory_component (
    id numeric(10,0) NOT NULL,
    invitem_id numeric(10,0),
    quantity numeric,
    material_component_id numeric(10,0)
);


ALTER TABLE clinlims.inventory_component OWNER TO clinlims;

--
-- Name: COLUMN inventory_component.quantity; Type: COMMENT; Schema: clinlims; Owner: clinlims
--

COMMENT ON COLUMN inventory_component.quantity IS 'Quantity of material required';


--
-- Name: inventory_item; Type: TABLE; Schema: clinlims; Owner: clinlims; Tablespace: 
--

CREATE TABLE inventory_item (
    id numeric(10,0) NOT NULL,
    uom_id numeric(10,0),
    name character varying(20),
    description character varying(60),
    quantity_min_level numeric,
    quantity_max_level numeric,
    quantity_to_reorder numeric,
    is_reorder_auto character varying(1),
    is_lot_maintained character varying(1),
    is_active character varying(1),
    average_lead_time numeric,
    average_cost numeric,
    average_daily_use numeric
);


ALTER TABLE clinlims.inventory_item OWNER TO clinlims;

--
-- Name: COLUMN inventory_item.name; Type: COMMENT; Schema: clinlims; Owner: clinlims
--

COMMENT ON COLUMN inventory_item.name IS 'Unique Short Name for this item ie "Red Top Tube"';


--
-- Name: COLUMN inventory_item.description; Type: COMMENT; Schema: clinlims; Owner: clinlims
--

COMMENT ON COLUMN inventory_item.description IS 'Description of Item';


--
-- Name: COLUMN inventory_item.quantity_min_level; Type: COMMENT; Schema: clinlims; Owner: clinlims
--

COMMENT ON COLUMN inventory_item.quantity_min_level IS 'Minimum inventory level';


--
-- Name: COLUMN inventory_item.quantity_max_level; Type: COMMENT; Schema: clinlims; Owner: clinlims
--

COMMENT ON COLUMN inventory_item.quantity_max_level IS 'Maximum Inventory Level';


--
-- Name: COLUMN inventory_item.quantity_to_reorder; Type: COMMENT; Schema: clinlims; Owner: clinlims
--

COMMENT ON COLUMN inventory_item.quantity_to_reorder IS 'Amount to reorder';


--
-- Name: COLUMN inventory_item.is_reorder_auto; Type: COMMENT; Schema: clinlims; Owner: clinlims
--

COMMENT ON COLUMN inventory_item.is_reorder_auto IS 'Flag indicating system should automatically reorder';


--
-- Name: COLUMN inventory_item.is_lot_maintained; Type: COMMENT; Schema: clinlims; Owner: clinlims
--

COMMENT ON COLUMN inventory_item.is_lot_maintained IS 'Indicates if individual lot information is maintained for this item';


--
-- Name: COLUMN inventory_item.is_active; Type: COMMENT; Schema: clinlims; Owner: clinlims
--

COMMENT ON COLUMN inventory_item.is_active IS 'Indicates if this item is available for use.';


--
-- Name: COLUMN inventory_item.average_lead_time; Type: COMMENT; Schema: clinlims; Owner: clinlims
--

COMMENT ON COLUMN inventory_item.average_lead_time IS 'Average lead time in days';


--
-- Name: COLUMN inventory_item.average_cost; Type: COMMENT; Schema: clinlims; Owner: clinlims
--

COMMENT ON COLUMN inventory_item.average_cost IS 'Average cost per unit';


--
-- Name: COLUMN inventory_item.average_daily_use; Type: COMMENT; Schema: clinlims; Owner: clinlims
--

COMMENT ON COLUMN inventory_item.average_daily_use IS 'Seasonally adjusted average usage per day';


--
-- Name: inventory_item_seq; Type: SEQUENCE; Schema: clinlims; Owner: clinlims
--

CREATE SEQUENCE inventory_item_seq
    INCREMENT BY 1
    NO MAXVALUE
    NO MINVALUE
    CACHE 1;


ALTER TABLE clinlims.inventory_item_seq OWNER TO clinlims;

--
-- Name: inventory_item_seq; Type: SEQUENCE SET; Schema: clinlims; Owner: clinlims
--

SELECT pg_catalog.setval('inventory_item_seq', 20, true);


--
-- Name: inventory_location; Type: TABLE; Schema: clinlims; Owner: clinlims; Tablespace: 
--

CREATE TABLE inventory_location (
    id numeric(10,0) NOT NULL,
    storage_id numeric(10,0),
    lot_number character varying(20),
    quantity_onhand numeric,
    expiration_date timestamp without time zone,
    inv_item_id numeric(10,0)
);


ALTER TABLE clinlims.inventory_location OWNER TO clinlims;

--
-- Name: COLUMN inventory_location.lot_number; Type: COMMENT; Schema: clinlims; Owner: clinlims
--

COMMENT ON COLUMN inventory_location.lot_number IS 'Lot number';


--
-- Name: COLUMN inventory_location.quantity_onhand; Type: COMMENT; Schema: clinlims; Owner: clinlims
--

COMMENT ON COLUMN inventory_location.quantity_onhand IS 'Number of units onhand';


--
-- Name: inventory_location_seq; Type: SEQUENCE; Schema: clinlims; Owner: clinlims
--

CREATE SEQUENCE inventory_location_seq
    INCREMENT BY 1
    NO MAXVALUE
    NO MINVALUE
    CACHE 1;


ALTER TABLE clinlims.inventory_location_seq OWNER TO clinlims;

--
-- Name: inventory_location_seq; Type: SEQUENCE SET; Schema: clinlims; Owner: clinlims
--

SELECT pg_catalog.setval('inventory_location_seq', 19, true);


--
-- Name: inventory_receipt; Type: TABLE; Schema: clinlims; Owner: clinlims; Tablespace: 
--

CREATE TABLE inventory_receipt (
    id numeric(10,0) NOT NULL,
    invitem_id numeric(10,0) NOT NULL,
    received_date timestamp without time zone,
    quantity_received numeric,
    unit_cost numeric,
    qc_reference character varying(20),
    external_reference character varying(20),
    org_id numeric(10,0)
);


ALTER TABLE clinlims.inventory_receipt OWNER TO clinlims;

--
-- Name: COLUMN inventory_receipt.received_date; Type: COMMENT; Schema: clinlims; Owner: clinlims
--

COMMENT ON COLUMN inventory_receipt.received_date IS 'Date and time item was received';


--
-- Name: COLUMN inventory_receipt.quantity_received; Type: COMMENT; Schema: clinlims; Owner: clinlims
--

COMMENT ON COLUMN inventory_receipt.quantity_received IS 'Number of units received';


--
-- Name: COLUMN inventory_receipt.unit_cost; Type: COMMENT; Schema: clinlims; Owner: clinlims
--

COMMENT ON COLUMN inventory_receipt.unit_cost IS 'Cost per unit item';


--
-- Name: COLUMN inventory_receipt.qc_reference; Type: COMMENT; Schema: clinlims; Owner: clinlims
--

COMMENT ON COLUMN inventory_receipt.qc_reference IS 'External QC reference number';


--
-- Name: COLUMN inventory_receipt.external_reference; Type: COMMENT; Schema: clinlims; Owner: clinlims
--

COMMENT ON COLUMN inventory_receipt.external_reference IS 'External reference to purchase order, invoice number.';


--
-- Name: inventory_receipt_seq; Type: SEQUENCE; Schema: clinlims; Owner: clinlims
--

CREATE SEQUENCE inventory_receipt_seq
    INCREMENT BY 1
    NO MAXVALUE
    NO MINVALUE
    CACHE 1;


ALTER TABLE clinlims.inventory_receipt_seq OWNER TO clinlims;

--
-- Name: inventory_receipt_seq; Type: SEQUENCE SET; Schema: clinlims; Owner: clinlims
--

SELECT pg_catalog.setval('inventory_receipt_seq', 19, true);


--
-- Name: label; Type: TABLE; Schema: clinlims; Owner: clinlims; Tablespace: 
--

CREATE TABLE label (
    id numeric(10,0) NOT NULL,
    name character varying(30),
    description character varying(60),
    printer_type character(1),
    scriptlet_id numeric(10,0),
    lastupdated timestamp(6) without time zone
);


ALTER TABLE clinlims.label OWNER TO clinlims;

--
-- Name: label_seq; Type: SEQUENCE; Schema: clinlims; Owner: clinlims
--

CREATE SEQUENCE label_seq
    START WITH 3
    INCREMENT BY 1
    NO MAXVALUE
    NO MINVALUE
    CACHE 1;


ALTER TABLE clinlims.label_seq OWNER TO clinlims;

--
-- Name: label_seq; Type: SEQUENCE SET; Schema: clinlims; Owner: clinlims
--

SELECT pg_catalog.setval('label_seq', 3, false);


--
-- Name: login_user; Type: TABLE; Schema: clinlims; Owner: clinlims; Tablespace: 
--

CREATE TABLE login_user (
    id numeric(10,0) NOT NULL,
    login_name character varying(20) NOT NULL,
    password character varying(256) NOT NULL,
    password_expired_dt date NOT NULL,
    account_locked character varying(1) NOT NULL,
    account_disabled character varying(1) NOT NULL,
    is_admin character varying(1) NOT NULL,
    user_time_out character varying(3) NOT NULL
);


ALTER TABLE clinlims.login_user OWNER TO clinlims;

--
-- Name: COLUMN login_user.login_name; Type: COMMENT; Schema: clinlims; Owner: clinlims
--

COMMENT ON COLUMN login_user.login_name IS 'User LOGIN_NAME from SYSTEM_USER table';


--
-- Name: COLUMN login_user.password; Type: COMMENT; Schema: clinlims; Owner: clinlims
--

COMMENT ON COLUMN login_user.password IS 'User password';


--
-- Name: COLUMN login_user.password_expired_dt; Type: COMMENT; Schema: clinlims; Owner: clinlims
--

COMMENT ON COLUMN login_user.password_expired_dt IS 'Password expiration date';


--
-- Name: COLUMN login_user.account_locked; Type: COMMENT; Schema: clinlims; Owner: clinlims
--

COMMENT ON COLUMN login_user.account_locked IS 'Account locked (Y/N)';


--
-- Name: COLUMN login_user.account_disabled; Type: COMMENT; Schema: clinlims; Owner: clinlims
--

COMMENT ON COLUMN login_user.account_disabled IS 'Account disabled (Y/N)';


--
-- Name: COLUMN login_user.is_admin; Type: COMMENT; Schema: clinlims; Owner: clinlims
--

COMMENT ON COLUMN login_user.is_admin IS 'Indicates if this user is administrator (Y/N)';


--
-- Name: COLUMN login_user.user_time_out; Type: COMMENT; Schema: clinlims; Owner: clinlims
--

COMMENT ON COLUMN login_user.user_time_out IS 'User session time out in minute';


--
-- Name: login_user_seq; Type: SEQUENCE; Schema: clinlims; Owner: clinlims
--

CREATE SEQUENCE login_user_seq
    INCREMENT BY 1
    NO MAXVALUE
    MINVALUE 0
    CACHE 1;


ALTER TABLE clinlims.login_user_seq OWNER TO clinlims;

--
-- Name: login_user_seq; Type: SEQUENCE SET; Schema: clinlims; Owner: clinlims
--

SELECT pg_catalog.setval('login_user_seq', 129, true);


--
-- Name: message_org; Type: TABLE; Schema: clinlims; Owner: clinlims; Tablespace: 
--

CREATE TABLE message_org (
    id numeric(10,0) NOT NULL,
    org_id character varying(60),
    is_active character varying(1),
    active_begin timestamp without time zone,
    active_end timestamp without time zone,
    description character varying(60),
    lastupdated timestamp(6) without time zone
);


ALTER TABLE clinlims.message_org OWNER TO clinlims;

--
-- Name: message_org_seq; Type: SEQUENCE; Schema: clinlims; Owner: clinlims
--

CREATE SEQUENCE message_org_seq
    START WITH 41
    INCREMENT BY 1
    NO MAXVALUE
    NO MINVALUE
    CACHE 20;


ALTER TABLE clinlims.message_org_seq OWNER TO clinlims;

--
-- Name: message_org_seq; Type: SEQUENCE SET; Schema: clinlims; Owner: clinlims
--

SELECT pg_catalog.setval('message_org_seq', 41, false);


--
-- Name: messagecontrolidseq; Type: SEQUENCE; Schema: clinlims; Owner: clinlims
--

CREATE SEQUENCE messagecontrolidseq
    START WITH 1
    INCREMENT BY 1
    NO MAXVALUE
    NO MINVALUE
    CACHE 1;


ALTER TABLE clinlims.messagecontrolidseq OWNER TO clinlims;

--
-- Name: messagecontrolidseq; Type: SEQUENCE SET; Schema: clinlims; Owner: clinlims
--

SELECT pg_catalog.setval('messagecontrolidseq', 1, false);


--
-- Name: method; Type: TABLE; Schema: clinlims; Owner: clinlims; Tablespace: 
--

CREATE TABLE method (
    id numeric(10,0) NOT NULL,
    name character varying(20) NOT NULL,
    description character varying(60) NOT NULL,
    reporting_description character varying(60),
    is_active character varying(1),
    active_begin timestamp without time zone,
    active_end timestamp without time zone,
    lastupdated timestamp(6) without time zone
);


ALTER TABLE clinlims.method OWNER TO clinlims;

--
-- Name: COLUMN method.id; Type: COMMENT; Schema: clinlims; Owner: clinlims
--

COMMENT ON COLUMN method.id IS 'Sequential number';


--
-- Name: COLUMN method.name; Type: COMMENT; Schema: clinlims; Owner: clinlims
--

COMMENT ON COLUMN method.name IS 'Sort name for method';


--
-- Name: COLUMN method.description; Type: COMMENT; Schema: clinlims; Owner: clinlims
--

COMMENT ON COLUMN method.description IS 'Description for Method';


--
-- Name: COLUMN method.reporting_description; Type: COMMENT; Schema: clinlims; Owner: clinlims
--

COMMENT ON COLUMN method.reporting_description IS 'Description that appears on reports';


--
-- Name: COLUMN method.is_active; Type: COMMENT; Schema: clinlims; Owner: clinlims
--

COMMENT ON COLUMN method.is_active IS 'Flag indicating if the test is active';


--
-- Name: COLUMN method.active_begin; Type: COMMENT; Schema: clinlims; Owner: clinlims
--

COMMENT ON COLUMN method.active_begin IS 'Date test was moved into production';


--
-- Name: COLUMN method.active_end; Type: COMMENT; Schema: clinlims; Owner: clinlims
--

COMMENT ON COLUMN method.active_end IS 'Date test was removed from production';


--
-- Name: method_analyte; Type: TABLE; Schema: clinlims; Owner: clinlims; Tablespace: 
--

CREATE TABLE method_analyte (
    id numeric(10,0) NOT NULL,
    method_id numeric(10,0),
    analyte_id numeric(10,0),
    result_group numeric,
    sort_order numeric,
    ma_type character varying(1)
);


ALTER TABLE clinlims.method_analyte OWNER TO clinlims;

--
-- Name: COLUMN method_analyte.method_id; Type: COMMENT; Schema: clinlims; Owner: clinlims
--

COMMENT ON COLUMN method_analyte.method_id IS 'Sequential number';


--
-- Name: COLUMN method_analyte.result_group; Type: COMMENT; Schema: clinlims; Owner: clinlims
--

COMMENT ON COLUMN method_analyte.result_group IS 'a program generated group (sequence) number';


--
-- Name: COLUMN method_analyte.sort_order; Type: COMMENT; Schema: clinlims; Owner: clinlims
--

COMMENT ON COLUMN method_analyte.sort_order IS 'The order the analytes are displayed (sort order)';


--
-- Name: COLUMN method_analyte.ma_type; Type: COMMENT; Schema: clinlims; Owner: clinlims
--

COMMENT ON COLUMN method_analyte.ma_type IS 'type of analyte';


--
-- Name: method_result; Type: TABLE; Schema: clinlims; Owner: clinlims; Tablespace: 
--

CREATE TABLE method_result (
    id numeric(10,0) NOT NULL,
    scrip_id numeric(10,0),
    result_group numeric,
    flags character varying(10),
    methres_type character varying(1),
    value character varying(80),
    quant_limit character varying(30),
    cont_level character varying(30),
    method_id numeric(10,0)
);


ALTER TABLE clinlims.method_result OWNER TO clinlims;

--
-- Name: COLUMN method_result.result_group; Type: COMMENT; Schema: clinlims; Owner: clinlims
--

COMMENT ON COLUMN method_result.result_group IS 'The method analyte result group number';


--
-- Name: COLUMN method_result.flags; Type: COMMENT; Schema: clinlims; Owner: clinlims
--

COMMENT ON COLUMN method_result.flags IS 'A string of 1 character codes: Positive, Reportable';


--
-- Name: COLUMN method_result.methres_type; Type: COMMENT; Schema: clinlims; Owner: clinlims
--

COMMENT ON COLUMN method_result.methres_type IS 'Type of parameter: Dictionary, Titer-range, Number-range, date';


--
-- Name: COLUMN method_result.value; Type: COMMENT; Schema: clinlims; Owner: clinlims
--

COMMENT ON COLUMN method_result.value IS 'A possible result value based on type';


--
-- Name: COLUMN method_result.quant_limit; Type: COMMENT; Schema: clinlims; Owner: clinlims
--

COMMENT ON COLUMN method_result.quant_limit IS 'Quantitation Limit (if any)';


--
-- Name: COLUMN method_result.cont_level; Type: COMMENT; Schema: clinlims; Owner: clinlims
--

COMMENT ON COLUMN method_result.cont_level IS 'Contaminant level (if any)';


--
-- Name: method_seq; Type: SEQUENCE; Schema: clinlims; Owner: clinlims
--

CREATE SEQUENCE method_seq
    INCREMENT BY 1
    NO MAXVALUE
    NO MINVALUE
    CACHE 1;


ALTER TABLE clinlims.method_seq OWNER TO clinlims;

--
-- Name: method_seq; Type: SEQUENCE SET; Schema: clinlims; Owner: clinlims
--

SELECT pg_catalog.setval('method_seq', 6, true);


--
-- Name: mls_lab_type; Type: TABLE; Schema: clinlims; Owner: clinlims; Tablespace: 
--

CREATE TABLE mls_lab_type (
    id numeric(10,0) NOT NULL,
    description character varying(50) NOT NULL,
    org_mlt_org_mlt_id numeric(10,0)
);


ALTER TABLE clinlims.mls_lab_type OWNER TO clinlims;

--
-- Name: COLUMN mls_lab_type.id; Type: COMMENT; Schema: clinlims; Owner: clinlims
--

COMMENT ON COLUMN mls_lab_type.id IS 'Sequential ID';


--
-- Name: COLUMN mls_lab_type.description; Type: COMMENT; Schema: clinlims; Owner: clinlims
--

COMMENT ON COLUMN mls_lab_type.description IS 'Used to define MLS lab types including Level A, Urine, Virology';


--
-- Name: note; Type: TABLE; Schema: clinlims; Owner: clinlims; Tablespace: 
--

CREATE TABLE note (
    id numeric(10,0) NOT NULL,
    sys_user_id numeric(10,0),
    reference_id numeric,
    reference_table numeric,
    note_type character varying(1),
    subject character varying(60),
    text character varying(1000),
    lastupdated timestamp(6) without time zone
);


ALTER TABLE clinlims.note OWNER TO clinlims;

--
-- Name: COLUMN note.sys_user_id; Type: COMMENT; Schema: clinlims; Owner: clinlims
--

COMMENT ON COLUMN note.sys_user_id IS 'Sequential Identifier';


--
-- Name: COLUMN note.reference_id; Type: COMMENT; Schema: clinlims; Owner: clinlims
--

COMMENT ON COLUMN note.reference_id IS 'Link to record in table to which this entry pertains.';


--
-- Name: COLUMN note.reference_table; Type: COMMENT; Schema: clinlims; Owner: clinlims
--

COMMENT ON COLUMN note.reference_table IS 'Link to table that this entity belongs to';


--
-- Name: COLUMN note.note_type; Type: COMMENT; Schema: clinlims; Owner: clinlims
--

COMMENT ON COLUMN note.note_type IS 'Type of comment such as external, internal';


--
-- Name: COLUMN note.subject; Type: COMMENT; Schema: clinlims; Owner: clinlims
--

COMMENT ON COLUMN note.subject IS 'Comment subject';


--
-- Name: note_seq; Type: SEQUENCE; Schema: clinlims; Owner: clinlims
--

CREATE SEQUENCE note_seq
    START WITH 1
    INCREMENT BY 1
    NO MAXVALUE
    NO MINVALUE
    CACHE 20;


ALTER TABLE clinlims.note_seq OWNER TO clinlims;

--
-- Name: note_seq; Type: SEQUENCE SET; Schema: clinlims; Owner: clinlims
--

SELECT pg_catalog.setval('note_seq', 1, false);


--
-- Name: observation_history; Type: TABLE; Schema: clinlims; Owner: clinlims; Tablespace: 
--

CREATE TABLE observation_history (
    id numeric(10,0) NOT NULL,
    patient_id numeric(10,0) NOT NULL,
    sample_id numeric(10,0) NOT NULL,
    observation_history_type_id numeric(10,0) NOT NULL,
    value_type character varying(5) NOT NULL,
    value character varying(80),
    lastupdated timestamp with time zone
);


ALTER TABLE clinlims.observation_history OWNER TO clinlims;

--
-- Name: TABLE observation_history; Type: COMMENT; Schema: clinlims; Owner: clinlims
--

COMMENT ON TABLE observation_history IS 'defines the answer at the time of a interview (with sample) to a demographic question.';


--
-- Name: COLUMN observation_history.id; Type: COMMENT; Schema: clinlims; Owner: clinlims
--

COMMENT ON COLUMN observation_history.id IS 'primary key';


--
-- Name: COLUMN observation_history.patient_id; Type: COMMENT; Schema: clinlims; Owner: clinlims
--

COMMENT ON COLUMN observation_history.patient_id IS 'FK linking this information to a patient';


--
-- Name: COLUMN observation_history.sample_id; Type: COMMENT; Schema: clinlims; Owner: clinlims
--

COMMENT ON COLUMN observation_history.sample_id IS 'FK linking this information to a sample (and a collection date).';


--
-- Name: COLUMN observation_history.observation_history_type_id; Type: COMMENT; Schema: clinlims; Owner: clinlims
--

COMMENT ON COLUMN observation_history.observation_history_type_id IS 'FK to type table to define what is contained in the value column';


--
-- Name: COLUMN observation_history.value_type; Type: COMMENT; Schema: clinlims; Owner: clinlims
--

COMMENT ON COLUMN observation_history.value_type IS 'L=local or literal, a value right here in the history table. D=Defined/Dictionary, the value is a foreign key to the Dictionary table. For multiple choice questions with fixed answers.';


--
-- Name: COLUMN observation_history.value; Type: COMMENT; Schema: clinlims; Owner: clinlims
--

COMMENT ON COLUMN observation_history.value IS 'either a literal value for this demo. type, or a Foreign key to dictionary';


--
-- Name: observation_history_seq; Type: SEQUENCE; Schema: clinlims; Owner: clinlims
--

CREATE SEQUENCE observation_history_seq
    START WITH 1
    INCREMENT BY 1
    NO MAXVALUE
    MINVALUE 0
    CACHE 1;


ALTER TABLE clinlims.observation_history_seq OWNER TO clinlims;

--
-- Name: observation_history_seq; Type: SEQUENCE SET; Schema: clinlims; Owner: clinlims
--

SELECT pg_catalog.setval('observation_history_seq', 1, false);


--
-- Name: observation_history_type; Type: TABLE; Schema: clinlims; Owner: clinlims; Tablespace: 
--

CREATE TABLE observation_history_type (
    id numeric(10,0) NOT NULL,
    type_name character varying(30) NOT NULL,
    description character varying(400),
    lastupdated timestamp with time zone
);


ALTER TABLE clinlims.observation_history_type OWNER TO clinlims;

--
-- Name: TABLE observation_history_type; Type: COMMENT; Schema: clinlims; Owner: clinlims
--

COMMENT ON TABLE observation_history_type IS 'defines the possible classes of values allowed in the demo. history table.';


--
-- Name: COLUMN observation_history_type.id; Type: COMMENT; Schema: clinlims; Owner: clinlims
--

COMMENT ON COLUMN observation_history_type.id IS 'primary key';


--
-- Name: COLUMN observation_history_type.type_name; Type: COMMENT; Schema: clinlims; Owner: clinlims
--

COMMENT ON COLUMN observation_history_type.type_name IS 'a short tag (1 word) for this type. What was asked "Gender", "HIVPositive" etc.';


--
-- Name: COLUMN observation_history_type.description; Type: COMMENT; Schema: clinlims; Owner: clinlims
--

COMMENT ON COLUMN observation_history_type.description IS 'a long description of this type.';


--
-- Name: COLUMN observation_history_type.lastupdated; Type: COMMENT; Schema: clinlims; Owner: clinlims
--

COMMENT ON COLUMN observation_history_type.lastupdated IS 'the last time this item was written to the database.';


--
-- Name: observation_history_type_seq; Type: SEQUENCE; Schema: clinlims; Owner: clinlims
--

CREATE SEQUENCE observation_history_type_seq
    START WITH 1
    INCREMENT BY 1
    NO MAXVALUE
    MINVALUE 0
    CACHE 1;


ALTER TABLE clinlims.observation_history_type_seq OWNER TO clinlims;

--
-- Name: observation_history_type_seq; Type: SEQUENCE SET; Schema: clinlims; Owner: clinlims
--

SELECT pg_catalog.setval('observation_history_type_seq', 1, false);


--
-- Name: occupation; Type: TABLE; Schema: clinlims; Owner: clinlims; Tablespace: 
--

CREATE TABLE occupation (
    id numeric(10,0) NOT NULL,
    occupation character varying(300),
    lastupdated timestamp without time zone
);


ALTER TABLE clinlims.occupation OWNER TO clinlims;

--
-- Name: occupation_seq; Type: SEQUENCE; Schema: clinlims; Owner: clinlims
--

CREATE SEQUENCE occupation_seq
    START WITH 1
    INCREMENT BY 1
    NO MAXVALUE
    NO MINVALUE
    CACHE 20;


ALTER TABLE clinlims.occupation_seq OWNER TO clinlims;

--
-- Name: occupation_seq; Type: SEQUENCE SET; Schema: clinlims; Owner: clinlims
--

SELECT pg_catalog.setval('occupation_seq', 1, false);


--
-- Name: or_properties; Type: TABLE; Schema: clinlims; Owner: clinlims; Tablespace: 
--

CREATE TABLE or_properties (
    property_id integer NOT NULL,
    property_key character varying(255) NOT NULL,
    property_value character varying(255)
);


ALTER TABLE clinlims.or_properties OWNER TO clinlims;

--
-- Name: or_tags; Type: TABLE; Schema: clinlims; Owner: clinlims; Tablespace: 
--

CREATE TABLE or_tags (
    tag_id integer NOT NULL,
    tagged_object_id integer NOT NULL,
    tagged_object_class character varying(255) NOT NULL,
    tag_value character varying(255) NOT NULL,
    tag_type character varying(255) NOT NULL
);


ALTER TABLE clinlims.or_tags OWNER TO clinlims;

--
-- Name: order_item; Type: TABLE; Schema: clinlims; Owner: clinlims; Tablespace: 
--

CREATE TABLE order_item (
    id numeric(10,0) NOT NULL,
    ord_id numeric(10,0) NOT NULL,
    quantity_requested numeric,
    quantity_received numeric,
    inv_loc_id numeric(10,0)
);


ALTER TABLE clinlims.order_item OWNER TO clinlims;

--
-- Name: COLUMN order_item.quantity_requested; Type: COMMENT; Schema: clinlims; Owner: clinlims
--

COMMENT ON COLUMN order_item.quantity_requested IS 'Quantity requested by organization';


--
-- Name: COLUMN order_item.quantity_received; Type: COMMENT; Schema: clinlims; Owner: clinlims
--

COMMENT ON COLUMN order_item.quantity_received IS 'Quantity received';


--
-- Name: orders; Type: TABLE; Schema: clinlims; Owner: clinlims; Tablespace: 
--

CREATE TABLE orders (
    id numeric(10,0) NOT NULL,
    org_id numeric(10,0) NOT NULL,
    sys_user_id numeric(10,0),
    ordered_date timestamp without time zone,
    neededby_date timestamp without time zone,
    requested_by character varying(30),
    cost_center character varying(15),
    shipping_type character varying(2),
    shipping_carrier character varying(2),
    shipping_cost numeric,
    delivered_date timestamp without time zone,
    is_external character varying(1),
    external_order_number character varying(20),
    is_filled character varying(1)
);


ALTER TABLE clinlims.orders OWNER TO clinlims;

--
-- Name: COLUMN orders.org_id; Type: COMMENT; Schema: clinlims; Owner: clinlims
--

COMMENT ON COLUMN orders.org_id IS 'Sequential Numbering Field';


--
-- Name: COLUMN orders.sys_user_id; Type: COMMENT; Schema: clinlims; Owner: clinlims
--

COMMENT ON COLUMN orders.sys_user_id IS 'Sequential Identifier';


--
-- Name: COLUMN orders.neededby_date; Type: COMMENT; Schema: clinlims; Owner: clinlims
--

COMMENT ON COLUMN orders.neededby_date IS 'Date-time the order must be received by client';


--
-- Name: COLUMN orders.requested_by; Type: COMMENT; Schema: clinlims; Owner: clinlims
--

COMMENT ON COLUMN orders.requested_by IS 'Name of person/entity who placed the order';


--
-- Name: COLUMN orders.cost_center; Type: COMMENT; Schema: clinlims; Owner: clinlims
--

COMMENT ON COLUMN orders.cost_center IS 'Entity or project the order will be charged against';


--
-- Name: COLUMN orders.shipping_type; Type: COMMENT; Schema: clinlims; Owner: clinlims
--

COMMENT ON COLUMN orders.shipping_type IS 'Type of shipping such as: Air, ground, First Class, Bulk....';


--
-- Name: COLUMN orders.shipping_carrier; Type: COMMENT; Schema: clinlims; Owner: clinlims
--

COMMENT ON COLUMN orders.shipping_carrier IS 'Company used for shipping: UPS, FedEx, USPS...';


--
-- Name: COLUMN orders.shipping_cost; Type: COMMENT; Schema: clinlims; Owner: clinlims
--

COMMENT ON COLUMN orders.shipping_cost IS 'Shipping Cost';


--
-- Name: COLUMN orders.delivered_date; Type: COMMENT; Schema: clinlims; Owner: clinlims
--

COMMENT ON COLUMN orders.delivered_date IS 'Date-time shipment received by client (including us)';


--
-- Name: COLUMN orders.is_external; Type: COMMENT; Schema: clinlims; Owner: clinlims
--

COMMENT ON COLUMN orders.is_external IS 'Indicates if current order will be filled by an external vendor';


--
-- Name: COLUMN orders.external_order_number; Type: COMMENT; Schema: clinlims; Owner: clinlims
--

COMMENT ON COLUMN orders.external_order_number IS 'External order number';


--
-- Name: COLUMN orders.is_filled; Type: COMMENT; Schema: clinlims; Owner: clinlims
--

COMMENT ON COLUMN orders.is_filled IS 'Flag indicating if the order has been filled';


--
-- Name: org_hl7_encoding_type; Type: TABLE; Schema: clinlims; Owner: clinlims; Tablespace: 
--

CREATE TABLE org_hl7_encoding_type (
    organization_id numeric(10,0) NOT NULL,
    encoding_type_id numeric(10,0) NOT NULL,
    lastupdated timestamp with time zone
);


ALTER TABLE clinlims.org_hl7_encoding_type OWNER TO clinlims;

--
-- Name: TABLE org_hl7_encoding_type; Type: COMMENT; Schema: clinlims; Owner: clinlims
--

COMMENT ON TABLE org_hl7_encoding_type IS 'mapping table to identify which organization uses which hly encoding schema';


--
-- Name: org_mls_lab_type; Type: TABLE; Schema: clinlims; Owner: clinlims; Tablespace: 
--

CREATE TABLE org_mls_lab_type (
    org_id numeric NOT NULL,
    mls_lab_id numeric NOT NULL,
    org_mlt_id numeric(10,0) NOT NULL
);


ALTER TABLE clinlims.org_mls_lab_type OWNER TO clinlims;

--
-- Name: COLUMN org_mls_lab_type.org_id; Type: COMMENT; Schema: clinlims; Owner: clinlims
--

COMMENT ON COLUMN org_mls_lab_type.org_id IS 'foreign key from organization table';


--
-- Name: COLUMN org_mls_lab_type.mls_lab_id; Type: COMMENT; Schema: clinlims; Owner: clinlims
--

COMMENT ON COLUMN org_mls_lab_type.mls_lab_id IS 'foreign key from MLS lab type table';


--
-- Name: organization; Type: TABLE; Schema: clinlims; Owner: clinlims; Tablespace: 
--

CREATE TABLE organization (
    id numeric(10,0) NOT NULL,
    name character varying(40) NOT NULL,
    city character varying(30),
    zip_code character varying(10),
    mls_sentinel_lab_flag character varying(1) DEFAULT 'N'::character varying NOT NULL,
    org_mlt_org_mlt_id numeric(10,0),
    org_id numeric(10,0),
    short_name character varying(15),
    multiple_unit character varying(30),
    street_address character varying(30),
    state character varying(2),
    internet_address character varying(40),
    clia_num character varying(12),
    pws_id character varying(15),
    lastupdated timestamp(6) without time zone,
    mls_lab_flag character(1),
    is_active character(1),
    local_abbrev character varying(10)
);


ALTER TABLE clinlims.organization OWNER TO clinlims;

--
-- Name: COLUMN organization.id; Type: COMMENT; Schema: clinlims; Owner: clinlims
--

COMMENT ON COLUMN organization.id IS 'Sequential Numbering Field';


--
-- Name: COLUMN organization.name; Type: COMMENT; Schema: clinlims; Owner: clinlims
--

COMMENT ON COLUMN organization.name IS 'The full name of an organization';


--
-- Name: COLUMN organization.city; Type: COMMENT; Schema: clinlims; Owner: clinlims
--

COMMENT ON COLUMN organization.city IS 'City';


--
-- Name: COLUMN organization.zip_code; Type: COMMENT; Schema: clinlims; Owner: clinlims
--

COMMENT ON COLUMN organization.zip_code IS 'Zip code';


--
-- Name: COLUMN organization.mls_sentinel_lab_flag; Type: COMMENT; Schema: clinlims; Owner: clinlims
--

COMMENT ON COLUMN organization.mls_sentinel_lab_flag IS 'Yes or No field indicating that the submitter is an Minnesota Laboratory System Lab';


--
-- Name: COLUMN organization.org_id; Type: COMMENT; Schema: clinlims; Owner: clinlims
--

COMMENT ON COLUMN organization.org_id IS 'Sequential Numbering Field';


--
-- Name: COLUMN organization.short_name; Type: COMMENT; Schema: clinlims; Owner: clinlims
--

COMMENT ON COLUMN organization.short_name IS 'A shortened or abbreviated name of an organization. For example "BCBSM" is the short name for Blue Cross Blue Shield Minnesota';


--
-- Name: COLUMN organization.multiple_unit; Type: COMMENT; Schema: clinlims; Owner: clinlims
--

COMMENT ON COLUMN organization.multiple_unit IS 'Apartment number or unit information';


--
-- Name: COLUMN organization.street_address; Type: COMMENT; Schema: clinlims; Owner: clinlims
--

COMMENT ON COLUMN organization.street_address IS 'Street address for this organization';


--
-- Name: COLUMN organization.state; Type: COMMENT; Schema: clinlims; Owner: clinlims
--

COMMENT ON COLUMN organization.state IS 'State or Province';


--
-- Name: COLUMN organization.internet_address; Type: COMMENT; Schema: clinlims; Owner: clinlims
--

COMMENT ON COLUMN organization.internet_address IS 'A uniform resource locator (URL), ie a website address assigned to an entity or pager.';


--
-- Name: COLUMN organization.clia_num; Type: COMMENT; Schema: clinlims; Owner: clinlims
--

COMMENT ON COLUMN organization.clia_num IS 'Clinical Laboratory Improvement Amendments number';


--
-- Name: COLUMN organization.pws_id; Type: COMMENT; Schema: clinlims; Owner: clinlims
--

COMMENT ON COLUMN organization.pws_id IS 'Public water supply id (SDWIS)';


--
-- Name: organization_contact; Type: TABLE; Schema: clinlims; Owner: clinlims; Tablespace: 
--

CREATE TABLE organization_contact (
    id numeric(10,0) NOT NULL,
    name character varying(30) NOT NULL,
    ct_id numeric(10,0),
    org_id numeric(10,0),
    is_fax_secure character varying(1),
    multiple_unit character varying(30),
    street_address character varying(30),
    city character varying(30),
    state character varying(2),
    zip_code character varying(10),
    work_phone character varying(17),
    home_phone character varying(12),
    cell_phone character varying(12),
    fax character varying(12),
    email character varying(60),
    country character varying(20)
);


ALTER TABLE clinlims.organization_contact OWNER TO clinlims;

--
-- Name: COLUMN organization_contact.id; Type: COMMENT; Schema: clinlims; Owner: clinlims
--

COMMENT ON COLUMN organization_contact.id IS 'Sequential number';


--
-- Name: COLUMN organization_contact.name; Type: COMMENT; Schema: clinlims; Owner: clinlims
--

COMMENT ON COLUMN organization_contact.name IS 'Name of contact organization';


--
-- Name: COLUMN organization_contact.ct_id; Type: COMMENT; Schema: clinlims; Owner: clinlims
--

COMMENT ON COLUMN organization_contact.ct_id IS 'sequential field';


--
-- Name: COLUMN organization_contact.org_id; Type: COMMENT; Schema: clinlims; Owner: clinlims
--

COMMENT ON COLUMN organization_contact.org_id IS 'Sequential Numbering Field';


--
-- Name: COLUMN organization_contact.is_fax_secure; Type: COMMENT; Schema: clinlims; Owner: clinlims
--

COMMENT ON COLUMN organization_contact.is_fax_secure IS 'Indicates is fax number is HIPAA secure compliant';


--
-- Name: COLUMN organization_contact.multiple_unit; Type: COMMENT; Schema: clinlims; Owner: clinlims
--

COMMENT ON COLUMN organization_contact.multiple_unit IS 'Apartment # or unit information';


--
-- Name: COLUMN organization_contact.street_address; Type: COMMENT; Schema: clinlims; Owner: clinlims
--

COMMENT ON COLUMN organization_contact.street_address IS 'Street Address';


--
-- Name: COLUMN organization_contact.city; Type: COMMENT; Schema: clinlims; Owner: clinlims
--

COMMENT ON COLUMN organization_contact.city IS 'City';


--
-- Name: COLUMN organization_contact.state; Type: COMMENT; Schema: clinlims; Owner: clinlims
--

COMMENT ON COLUMN organization_contact.state IS 'State abbreviation code';


--
-- Name: COLUMN organization_contact.zip_code; Type: COMMENT; Schema: clinlims; Owner: clinlims
--

COMMENT ON COLUMN organization_contact.zip_code IS 'Zip code';


--
-- Name: COLUMN organization_contact.work_phone; Type: COMMENT; Schema: clinlims; Owner: clinlims
--

COMMENT ON COLUMN organization_contact.work_phone IS 'Work phone number with extension - format: 800/123-4567 1234';


--
-- Name: COLUMN organization_contact.home_phone; Type: COMMENT; Schema: clinlims; Owner: clinlims
--

COMMENT ON COLUMN organization_contact.home_phone IS 'Home phone number';


--
-- Name: COLUMN organization_contact.cell_phone; Type: COMMENT; Schema: clinlims; Owner: clinlims
--

COMMENT ON COLUMN organization_contact.cell_phone IS 'Cell phone number';


--
-- Name: COLUMN organization_contact.fax; Type: COMMENT; Schema: clinlims; Owner: clinlims
--

COMMENT ON COLUMN organization_contact.fax IS 'Fax number - format: 800/123-4567';


--
-- Name: COLUMN organization_contact.email; Type: COMMENT; Schema: clinlims; Owner: clinlims
--

COMMENT ON COLUMN organization_contact.email IS 'Primary email address';


--
-- Name: COLUMN organization_contact.country; Type: COMMENT; Schema: clinlims; Owner: clinlims
--

COMMENT ON COLUMN organization_contact.country IS 'Country';


--
-- Name: organization_contact_reporting; Type: TABLE; Schema: clinlims; Owner: clinlims; Tablespace: 
--

CREATE TABLE organization_contact_reporting (
    id numeric(10,0) NOT NULL,
    route character varying(80),
    format character varying(5),
    org_contact_id numeric(10,0)
);


ALTER TABLE clinlims.organization_contact_reporting OWNER TO clinlims;

--
-- Name: COLUMN organization_contact_reporting.route; Type: COMMENT; Schema: clinlims; Owner: clinlims
--

COMMENT ON COLUMN organization_contact_reporting.route IS 'Format dependent route: printer, email address, fax phone number, etc.';


--
-- Name: COLUMN organization_contact_reporting.format; Type: COMMENT; Schema: clinlims; Owner: clinlims
--

COMMENT ON COLUMN organization_contact_reporting.format IS 'Format code: PRINT, EMAIL, HL7, EXCEL, WEB, FAX';


--
-- Name: organization_organization_type; Type: TABLE; Schema: clinlims; Owner: clinlims; Tablespace: 
--

CREATE TABLE organization_organization_type (
    org_id numeric(10,0) NOT NULL,
    org_type_id numeric(10,0) NOT NULL
);


ALTER TABLE clinlims.organization_organization_type OWNER TO clinlims;

--
-- Name: TABLE organization_organization_type; Type: COMMENT; Schema: clinlims; Owner: clinlims
--

COMMENT ON TABLE organization_organization_type IS 'many to many mapping table between organization and orginaztion type';


--
-- Name: organization_seq; Type: SEQUENCE; Schema: clinlims; Owner: clinlims
--

CREATE SEQUENCE organization_seq
    INCREMENT BY 1
    NO MAXVALUE
    NO MINVALUE
    CACHE 1;


ALTER TABLE clinlims.organization_seq OWNER TO clinlims;

--
-- Name: organization_seq; Type: SEQUENCE SET; Schema: clinlims; Owner: clinlims
--

SELECT pg_catalog.setval('organization_seq', 8, true);


--
-- Name: organization_type; Type: TABLE; Schema: clinlims; Owner: clinlims; Tablespace: 
--

CREATE TABLE organization_type (
    id numeric(10,0) NOT NULL,
    short_name character varying(20) NOT NULL,
    description character varying(60),
    name_display_key character varying(60),
    lastupdated timestamp(6) without time zone
);


ALTER TABLE clinlims.organization_type OWNER TO clinlims;

--
-- Name: TABLE organization_type; Type: COMMENT; Schema: clinlims; Owner: clinlims
--

COMMENT ON TABLE organization_type IS 'The type of an organization.  Releationship will be many to many';


--
-- Name: COLUMN organization_type.short_name; Type: COMMENT; Schema: clinlims; Owner: clinlims
--

COMMENT ON COLUMN organization_type.short_name IS 'The name to be displayed in when organization type is to be associated with an organization';


--
-- Name: COLUMN organization_type.description; Type: COMMENT; Schema: clinlims; Owner: clinlims
--

COMMENT ON COLUMN organization_type.description IS 'Optional longer description of the type';


--
-- Name: COLUMN organization_type.name_display_key; Type: COMMENT; Schema: clinlims; Owner: clinlims
--

COMMENT ON COLUMN organization_type.name_display_key IS 'Resource file lookup key for localization of displaying the name';


--
-- Name: organization_type_seq; Type: SEQUENCE; Schema: clinlims; Owner: clinlims
--

CREATE SEQUENCE organization_type_seq
    INCREMENT BY 1
    NO MAXVALUE
    NO MINVALUE
    CACHE 1;


ALTER TABLE clinlims.organization_type_seq OWNER TO clinlims;

--
-- Name: organization_type_seq; Type: SEQUENCE SET; Schema: clinlims; Owner: clinlims
--

SELECT pg_catalog.setval('organization_type_seq', 3, true);


--
-- Name: package_1; Type: TABLE; Schema: clinlims; Owner: clinlims; Tablespace: 
--

CREATE TABLE package_1 (
    id numeric(10,0) NOT NULL
);


ALTER TABLE clinlims.package_1 OWNER TO clinlims;

--
-- Name: panel; Type: TABLE; Schema: clinlims; Owner: clinlims; Tablespace: 
--

CREATE TABLE panel (
    id numeric(10,0) NOT NULL,
    name character varying(20),
    description character varying(60) NOT NULL,
    lastupdated timestamp(6) without time zone,
    display_key character varying(60)
);


ALTER TABLE clinlims.panel OWNER TO clinlims;

--
-- Name: COLUMN panel.display_key; Type: COMMENT; Schema: clinlims; Owner: clinlims
--

COMMENT ON COLUMN panel.display_key IS 'Resource file lookup key for localization of displaying the name';


--
-- Name: panel_item; Type: TABLE; Schema: clinlims; Owner: clinlims; Tablespace: 
--

CREATE TABLE panel_item (
    id numeric(10,0) NOT NULL,
    panel_id numeric(10,0) NOT NULL,
    sort_order numeric,
    test_local_abbrev character varying(20),
    method_name character varying(20),
    lastupdated timestamp(6) without time zone,
    test_name character varying(20)
);


ALTER TABLE clinlims.panel_item OWNER TO clinlims;

--
-- Name: COLUMN panel_item.sort_order; Type: COMMENT; Schema: clinlims; Owner: clinlims
--

COMMENT ON COLUMN panel_item.sort_order IS 'The order the tests are displayed (sort order)';


--
-- Name: COLUMN panel_item.test_local_abbrev; Type: COMMENT; Schema: clinlims; Owner: clinlims
--

COMMENT ON COLUMN panel_item.test_local_abbrev IS 'Short test name';


--
-- Name: COLUMN panel_item.method_name; Type: COMMENT; Schema: clinlims; Owner: clinlims
--

COMMENT ON COLUMN panel_item.method_name IS 'Short method name';


--
-- Name: panel_item_seq; Type: SEQUENCE; Schema: clinlims; Owner: clinlims
--

CREATE SEQUENCE panel_item_seq
    INCREMENT BY 1
    NO MAXVALUE
    NO MINVALUE
    CACHE 1;


ALTER TABLE clinlims.panel_item_seq OWNER TO clinlims;

--
-- Name: panel_item_seq; Type: SEQUENCE SET; Schema: clinlims; Owner: clinlims
--

SELECT pg_catalog.setval('panel_item_seq', 78, true);


--
-- Name: panel_seq; Type: SEQUENCE; Schema: clinlims; Owner: clinlims
--

CREATE SEQUENCE panel_seq
    INCREMENT BY 1
    NO MAXVALUE
    NO MINVALUE
    CACHE 1;


ALTER TABLE clinlims.panel_seq OWNER TO clinlims;

--
-- Name: panel_seq; Type: SEQUENCE SET; Schema: clinlims; Owner: clinlims
--

SELECT pg_catalog.setval('panel_seq', 13, true);


--
-- Name: patient_identity; Type: TABLE; Schema: clinlims; Owner: clinlims; Tablespace: 
--

CREATE TABLE patient_identity (
    id numeric(10,0) NOT NULL,
    identity_type_id numeric(10,0),
    patient_id numeric(10,0),
    identity_data character varying(40),
    lastupdated timestamp(6) without time zone
);


ALTER TABLE clinlims.patient_identity OWNER TO clinlims;

--
-- Name: patient_identity_seq; Type: SEQUENCE; Schema: clinlims; Owner: clinlims
--

CREATE SEQUENCE patient_identity_seq
    START WITH 1
    INCREMENT BY 1
    NO MAXVALUE
    MINVALUE 0
    CACHE 1;


ALTER TABLE clinlims.patient_identity_seq OWNER TO clinlims;

--
-- Name: patient_identity_seq; Type: SEQUENCE SET; Schema: clinlims; Owner: clinlims
--

SELECT pg_catalog.setval('patient_identity_seq', 1, false);


--
-- Name: patient_identity_type; Type: TABLE; Schema: clinlims; Owner: clinlims; Tablespace: 
--

CREATE TABLE patient_identity_type (
    id numeric(10,0) NOT NULL,
    identity_type character varying(30),
    description character varying(400),
    lastupdated timestamp without time zone
);


ALTER TABLE clinlims.patient_identity_type OWNER TO clinlims;

--
-- Name: patient_identity_type_seq; Type: SEQUENCE; Schema: clinlims; Owner: clinlims
--

CREATE SEQUENCE patient_identity_type_seq
    INCREMENT BY 1
    NO MAXVALUE
    MINVALUE 0
    CACHE 1;


ALTER TABLE clinlims.patient_identity_type_seq OWNER TO clinlims;

--
-- Name: patient_identity_type_seq; Type: SEQUENCE SET; Schema: clinlims; Owner: clinlims
--

SELECT pg_catalog.setval('patient_identity_type_seq', 10, true);


--
-- Name: patient_occupation; Type: TABLE; Schema: clinlims; Owner: clinlims; Tablespace: 
--

CREATE TABLE patient_occupation (
    id numeric(10,0) NOT NULL,
    patient_id numeric(10,0),
    occupation character varying(400),
    lastupdated timestamp without time zone
);


ALTER TABLE clinlims.patient_occupation OWNER TO clinlims;

--
-- Name: patient_occupation_seq; Type: SEQUENCE; Schema: clinlims; Owner: clinlims
--

CREATE SEQUENCE patient_occupation_seq
    START WITH 1
    INCREMENT BY 1
    NO MAXVALUE
    MINVALUE 0
    CACHE 1;


ALTER TABLE clinlims.patient_occupation_seq OWNER TO clinlims;

--
-- Name: patient_occupation_seq; Type: SEQUENCE SET; Schema: clinlims; Owner: clinlims
--

SELECT pg_catalog.setval('patient_occupation_seq', 1, false);


--
-- Name: patient_patient_type; Type: TABLE; Schema: clinlims; Owner: clinlims; Tablespace: 
--

CREATE TABLE patient_patient_type (
    id numeric(10,0) NOT NULL,
    patient_type_id numeric(10,0),
    patient_id numeric(10,0),
    lastupdated timestamp without time zone
);


ALTER TABLE clinlims.patient_patient_type OWNER TO clinlims;

--
-- Name: patient_patient_type_seq; Type: SEQUENCE; Schema: clinlims; Owner: clinlims
--

CREATE SEQUENCE patient_patient_type_seq
    START WITH 1
    INCREMENT BY 1
    NO MAXVALUE
    MINVALUE 0
    CACHE 1;


ALTER TABLE clinlims.patient_patient_type_seq OWNER TO clinlims;

--
-- Name: patient_patient_type_seq; Type: SEQUENCE SET; Schema: clinlims; Owner: clinlims
--

SELECT pg_catalog.setval('patient_patient_type_seq', 1, false);


--
-- Name: patient_relation_seq; Type: SEQUENCE; Schema: clinlims; Owner: clinlims
--

CREATE SEQUENCE patient_relation_seq
    START WITH 1
    INCREMENT BY 1
    NO MAXVALUE
    MINVALUE 0
    CACHE 1;


ALTER TABLE clinlims.patient_relation_seq OWNER TO clinlims;

--
-- Name: patient_relation_seq; Type: SEQUENCE SET; Schema: clinlims; Owner: clinlims
--

SELECT pg_catalog.setval('patient_relation_seq', 1, false);


--
-- Name: patient_relations; Type: TABLE; Schema: clinlims; Owner: clinlims; Tablespace: 
--

CREATE TABLE patient_relations (
    id numeric(10,0) NOT NULL,
    pat_id_source numeric(10,0) NOT NULL,
    pat_id numeric(10,0),
    relation character varying(1)
);


ALTER TABLE clinlims.patient_relations OWNER TO clinlims;

--
-- Name: COLUMN patient_relations.relation; Type: COMMENT; Schema: clinlims; Owner: clinlims
--

COMMENT ON COLUMN patient_relations.relation IS 'Type of relation (mother to child, parent to child, sibling)';


--
-- Name: patient_seq; Type: SEQUENCE; Schema: clinlims; Owner: clinlims
--

CREATE SEQUENCE patient_seq
    START WITH 1
    INCREMENT BY 1
    NO MAXVALUE
    NO MINVALUE
    CACHE 1;


ALTER TABLE clinlims.patient_seq OWNER TO clinlims;

--
-- Name: patient_seq; Type: SEQUENCE SET; Schema: clinlims; Owner: clinlims
--

SELECT pg_catalog.setval('patient_seq', 1, false);


--
-- Name: patient_type; Type: TABLE; Schema: clinlims; Owner: clinlims; Tablespace: 
--

CREATE TABLE patient_type (
    id numeric(10,0) NOT NULL,
    type character varying(300),
    description character varying(4000),
    lastupdated timestamp without time zone
);


ALTER TABLE clinlims.patient_type OWNER TO clinlims;

--
-- Name: patient_type_seq; Type: SEQUENCE; Schema: clinlims; Owner: clinlims
--

CREATE SEQUENCE patient_type_seq
    INCREMENT BY 1
    NO MAXVALUE
    NO MINVALUE
    CACHE 20;


ALTER TABLE clinlims.patient_type_seq OWNER TO clinlims;

--
-- Name: patient_type_seq; Type: SEQUENCE SET; Schema: clinlims; Owner: clinlims
--

SELECT pg_catalog.setval('patient_type_seq', 20, true);


--
-- Name: payment_type; Type: TABLE; Schema: clinlims; Owner: clinlims; Tablespace: 
--

CREATE TABLE payment_type (
    id numeric(10,0) NOT NULL,
    type character varying(300),
    description character varying(4000)
);


ALTER TABLE clinlims.payment_type OWNER TO clinlims;

--
-- Name: payment_type_seq; Type: SEQUENCE; Schema: clinlims; Owner: clinlims
--

CREATE SEQUENCE payment_type_seq
    START WITH 1
    INCREMENT BY 1
    NO MAXVALUE
    NO MINVALUE
    CACHE 20;


ALTER TABLE clinlims.payment_type_seq OWNER TO clinlims;

--
-- Name: payment_type_seq; Type: SEQUENCE SET; Schema: clinlims; Owner: clinlims
--

SELECT pg_catalog.setval('payment_type_seq', 1, false);


--
-- Name: person; Type: TABLE; Schema: clinlims; Owner: clinlims; Tablespace: 
--

CREATE TABLE person (
    id numeric(10,0) NOT NULL,
    last_name character varying(40),
    first_name character varying(40),
    middle_name character varying(30),
    multiple_unit character varying(30),
    street_address character(30),
    city character(30),
    state character(2),
    zip_code character(10),
    country character varying(20),
    work_phone character(17),
    home_phone character(12),
    cell_phone character(12),
    fax character(12),
    email character varying(60),
    lastupdated timestamp(6) without time zone
);


ALTER TABLE clinlims.person OWNER TO clinlims;

--
-- Name: COLUMN person.last_name; Type: COMMENT; Schema: clinlims; Owner: clinlims
--

COMMENT ON COLUMN person.last_name IS 'Last name';


--
-- Name: COLUMN person.first_name; Type: COMMENT; Schema: clinlims; Owner: clinlims
--

COMMENT ON COLUMN person.first_name IS 'Person Name';


--
-- Name: COLUMN person.middle_name; Type: COMMENT; Schema: clinlims; Owner: clinlims
--

COMMENT ON COLUMN person.middle_name IS 'Middle Name';


--
-- Name: COLUMN person.multiple_unit; Type: COMMENT; Schema: clinlims; Owner: clinlims
--

COMMENT ON COLUMN person.multiple_unit IS 'Designates a specific part of a building, such as "APT 212"';


--
-- Name: person_seq; Type: SEQUENCE; Schema: clinlims; Owner: clinlims
--

CREATE SEQUENCE person_seq
    START WITH 1
    INCREMENT BY 1
    NO MAXVALUE
    NO MINVALUE
    CACHE 1;


ALTER TABLE clinlims.person_seq OWNER TO clinlims;

--
-- Name: person_seq; Type: SEQUENCE SET; Schema: clinlims; Owner: clinlims
--

SELECT pg_catalog.setval('person_seq', 1, false);


--
-- Name: program; Type: TABLE; Schema: clinlims; Owner: clinlims; Tablespace: 
--

CREATE TABLE program (
    id numeric(10,0) NOT NULL,
    code character varying(10) NOT NULL,
    name character varying(50) NOT NULL,
    lastupdated timestamp(6) without time zone
);


ALTER TABLE clinlims.program OWNER TO clinlims;

--
-- Name: COLUMN program.name; Type: COMMENT; Schema: clinlims; Owner: clinlims
--

COMMENT ON COLUMN program.name IS 'EPI PROGRAM NAME';


--
-- Name: program_seq; Type: SEQUENCE; Schema: clinlims; Owner: clinlims
--

CREATE SEQUENCE program_seq
    START WITH 1
    INCREMENT BY 1
    NO MAXVALUE
    NO MINVALUE
    CACHE 1;


ALTER TABLE clinlims.program_seq OWNER TO clinlims;

--
-- Name: program_seq; Type: SEQUENCE SET; Schema: clinlims; Owner: clinlims
--

SELECT pg_catalog.setval('program_seq', 1, false);


--
-- Name: project; Type: TABLE; Schema: clinlims; Owner: clinlims; Tablespace: 
--

CREATE TABLE project (
    id numeric(10,0) NOT NULL,
    name character varying(50) NOT NULL,
    sys_user_id numeric(10,0),
    description character varying(60),
    started_date timestamp without time zone,
    completed_date timestamp without time zone,
    is_active character varying(1),
    reference_to character varying(20),
    program_code character varying(10),
    lastupdated timestamp(6) without time zone,
    scriptlet_id numeric(10,0),
    local_abbrev numeric(10,0),
    display_key character varying(60)
);


ALTER TABLE clinlims.project OWNER TO clinlims;

--
-- Name: COLUMN project.id; Type: COMMENT; Schema: clinlims; Owner: clinlims
--

COMMENT ON COLUMN project.id IS 'Sequential number assigned by sequence';


--
-- Name: COLUMN project.name; Type: COMMENT; Schema: clinlims; Owner: clinlims
--

COMMENT ON COLUMN project.name IS 'Short name of Project';


--
-- Name: COLUMN project.sys_user_id; Type: COMMENT; Schema: clinlims; Owner: clinlims
--

COMMENT ON COLUMN project.sys_user_id IS 'Sequential Identifier';


--
-- Name: COLUMN project.description; Type: COMMENT; Schema: clinlims; Owner: clinlims
--

COMMENT ON COLUMN project.description IS 'Description of Project';


--
-- Name: COLUMN project.started_date; Type: COMMENT; Schema: clinlims; Owner: clinlims
--

COMMENT ON COLUMN project.started_date IS 'Start date of project';


--
-- Name: COLUMN project.completed_date; Type: COMMENT; Schema: clinlims; Owner: clinlims
--

COMMENT ON COLUMN project.completed_date IS 'End date of project';


--
-- Name: COLUMN project.is_active; Type: COMMENT; Schema: clinlims; Owner: clinlims
--

COMMENT ON COLUMN project.is_active IS 'Flag indicating if project is active';


--
-- Name: COLUMN project.reference_to; Type: COMMENT; Schema: clinlims; Owner: clinlims
--

COMMENT ON COLUMN project.reference_to IS 'External reference information such as Grant number, contract number or purchase order number associated with this project.';


--
-- Name: COLUMN project.display_key; Type: COMMENT; Schema: clinlims; Owner: clinlims
--

COMMENT ON COLUMN project.display_key IS 'Resource file lookup key for localization of displaying the name';


--
-- Name: project_organization; Type: TABLE; Schema: clinlims; Owner: clinlims; Tablespace: 
--

CREATE TABLE project_organization (
    project_id numeric(10,0) NOT NULL,
    org_id numeric(10,0) NOT NULL
);


ALTER TABLE clinlims.project_organization OWNER TO clinlims;

--
-- Name: TABLE project_organization; Type: COMMENT; Schema: clinlims; Owner: clinlims
--

COMMENT ON TABLE project_organization IS 'many to many mapping table between project and organization';


--
-- Name: project_parameter; Type: TABLE; Schema: clinlims; Owner: clinlims; Tablespace: 
--

CREATE TABLE project_parameter (
    id numeric(10,0) NOT NULL,
    projparam_type character varying(1),
    operation character varying(2),
    value character varying(256),
    project_id numeric(10,0),
    param_name character varying(80)
);


ALTER TABLE clinlims.project_parameter OWNER TO clinlims;

--
-- Name: COLUMN project_parameter.projparam_type; Type: COMMENT; Schema: clinlims; Owner: clinlims
--

COMMENT ON COLUMN project_parameter.projparam_type IS 'Type of parameter: apply-parameter or search-parameter';


--
-- Name: COLUMN project_parameter.operation; Type: COMMENT; Schema: clinlims; Owner: clinlims
--

COMMENT ON COLUMN project_parameter.operation IS 'Operation to be performed: =, <, <=, >, >=,in,!=';


--
-- Name: COLUMN project_parameter.value; Type: COMMENT; Schema: clinlims; Owner: clinlims
--

COMMENT ON COLUMN project_parameter.value IS 'Query or Set value';


--
-- Name: project_seq; Type: SEQUENCE; Schema: clinlims; Owner: clinlims
--

CREATE SEQUENCE project_seq
    START WITH 13
    INCREMENT BY 1
    NO MAXVALUE
    NO MINVALUE
    CACHE 1;


ALTER TABLE clinlims.project_seq OWNER TO clinlims;

--
-- Name: project_seq; Type: SEQUENCE SET; Schema: clinlims; Owner: clinlims
--

SELECT pg_catalog.setval('project_seq', 13, false);


--
-- Name: provider; Type: TABLE; Schema: clinlims; Owner: clinlims; Tablespace: 
--

CREATE TABLE provider (
    id numeric(10,0) NOT NULL,
    npi character varying(10),
    person_id numeric(10,0) NOT NULL,
    external_id character varying(10),
    provider_type character varying(1),
    lastupdated timestamp(6) without time zone
);


ALTER TABLE clinlims.provider OWNER TO clinlims;

--
-- Name: COLUMN provider.npi; Type: COMMENT; Schema: clinlims; Owner: clinlims
--

COMMENT ON COLUMN provider.npi IS 'Unique National Provider ID';


--
-- Name: COLUMN provider.external_id; Type: COMMENT; Schema: clinlims; Owner: clinlims
--

COMMENT ON COLUMN provider.external_id IS 'National/Local provider reference number such as UPIN or MINC#NIMC';


--
-- Name: COLUMN provider.provider_type; Type: COMMENT; Schema: clinlims; Owner: clinlims
--

COMMENT ON COLUMN provider.provider_type IS 'Type of Provider (physician, nurse)';


--
-- Name: provider_seq; Type: SEQUENCE; Schema: clinlims; Owner: clinlims
--

CREATE SEQUENCE provider_seq
    START WITH 1
    INCREMENT BY 1
    NO MAXVALUE
    NO MINVALUE
    CACHE 1;


ALTER TABLE clinlims.provider_seq OWNER TO clinlims;

--
-- Name: provider_seq; Type: SEQUENCE SET; Schema: clinlims; Owner: clinlims
--

SELECT pg_catalog.setval('provider_seq', 1, false);


--
-- Name: qa_event; Type: TABLE; Schema: clinlims; Owner: clinlims; Tablespace: 
--

CREATE TABLE qa_event (
    id numeric(10,0) NOT NULL,
    name character varying(20),
    description character varying(120),
    is_billable character varying(1),
    reporting_sequence numeric,
    reporting_text character varying(1000),
    test_id numeric(10,0),
    is_holdable character varying(1) NOT NULL,
    lastupdated timestamp(6) without time zone,
    type numeric(10,0),
    category numeric(10,0),
    display_key character varying(60)
);


ALTER TABLE clinlims.qa_event OWNER TO clinlims;

--
-- Name: COLUMN qa_event.name; Type: COMMENT; Schema: clinlims; Owner: clinlims
--

COMMENT ON COLUMN qa_event.name IS 'Short Name';


--
-- Name: COLUMN qa_event.description; Type: COMMENT; Schema: clinlims; Owner: clinlims
--

COMMENT ON COLUMN qa_event.description IS 'Description of the QA event';


--
-- Name: COLUMN qa_event.is_billable; Type: COMMENT; Schema: clinlims; Owner: clinlims
--

COMMENT ON COLUMN qa_event.is_billable IS 'Indicates if analysis with this QA Event is billable';


--
-- Name: COLUMN qa_event.reporting_sequence; Type: COMMENT; Schema: clinlims; Owner: clinlims
--

COMMENT ON COLUMN qa_event.reporting_sequence IS 'An overall number that orders the print sequence';


--
-- Name: COLUMN qa_event.test_id; Type: COMMENT; Schema: clinlims; Owner: clinlims
--

COMMENT ON COLUMN qa_event.test_id IS 'Reported/printed text';


--
-- Name: COLUMN qa_event.display_key; Type: COMMENT; Schema: clinlims; Owner: clinlims
--

COMMENT ON COLUMN qa_event.display_key IS 'Resource file lookup key for localization of displaying the name';


--
-- Name: qa_event_seq; Type: SEQUENCE; Schema: clinlims; Owner: clinlims
--

CREATE SEQUENCE qa_event_seq
    START WITH 66
    INCREMENT BY 1
    NO MAXVALUE
    NO MINVALUE
    CACHE 20;


ALTER TABLE clinlims.qa_event_seq OWNER TO clinlims;

--
-- Name: qa_event_seq; Type: SEQUENCE SET; Schema: clinlims; Owner: clinlims
--

SELECT pg_catalog.setval('qa_event_seq', 66, false);


--
-- Name: qc; Type: TABLE; Schema: clinlims; Owner: clinlims; Tablespace: 
--

CREATE TABLE qc (
    id numeric NOT NULL,
    uom_id numeric(10,0),
    sys_user_id numeric(10,0),
    name character varying(30),
    source character varying(30),
    lot_number character varying(30),
    prepared_date timestamp without time zone,
    prepared_volume numeric,
    usable_date timestamp without time zone,
    expire_date timestamp without time zone
);


ALTER TABLE clinlims.qc OWNER TO clinlims;

--
-- Name: COLUMN qc.sys_user_id; Type: COMMENT; Schema: clinlims; Owner: clinlims
--

COMMENT ON COLUMN qc.sys_user_id IS 'Sequential Identifier';


--
-- Name: COLUMN qc.name; Type: COMMENT; Schema: clinlims; Owner: clinlims
--

COMMENT ON COLUMN qc.name IS 'Descriptive QC name: Positive control for CHL';


--
-- Name: COLUMN qc.source; Type: COMMENT; Schema: clinlims; Owner: clinlims
--

COMMENT ON COLUMN qc.source IS 'Name of supplier such as company or in-house';


--
-- Name: COLUMN qc.lot_number; Type: COMMENT; Schema: clinlims; Owner: clinlims
--

COMMENT ON COLUMN qc.lot_number IS 'Lot number';


--
-- Name: COLUMN qc.prepared_date; Type: COMMENT; Schema: clinlims; Owner: clinlims
--

COMMENT ON COLUMN qc.prepared_date IS 'Date QC was prepared';


--
-- Name: COLUMN qc.prepared_volume; Type: COMMENT; Schema: clinlims; Owner: clinlims
--

COMMENT ON COLUMN qc.prepared_volume IS 'Amount prepared';


--
-- Name: COLUMN qc.usable_date; Type: COMMENT; Schema: clinlims; Owner: clinlims
--

COMMENT ON COLUMN qc.usable_date IS 'Cannot be used before this date';


--
-- Name: COLUMN qc.expire_date; Type: COMMENT; Schema: clinlims; Owner: clinlims
--

COMMENT ON COLUMN qc.expire_date IS 'Cannot be used after this date';


--
-- Name: qc_analytes; Type: TABLE; Schema: clinlims; Owner: clinlims; Tablespace: 
--

CREATE TABLE qc_analytes (
    id numeric(10,0) NOT NULL,
    qcanaly_type character varying(1),
    value character varying(80),
    analyte_id numeric(10,0)
);


ALTER TABLE clinlims.qc_analytes OWNER TO clinlims;

--
-- Name: COLUMN qc_analytes.qcanaly_type; Type: COMMENT; Schema: clinlims; Owner: clinlims
--

COMMENT ON COLUMN qc_analytes.qcanaly_type IS 'Type of value: dictionary, titer range, number range, true value';


--
-- Name: COLUMN qc_analytes.value; Type: COMMENT; Schema: clinlims; Owner: clinlims
--

COMMENT ON COLUMN qc_analytes.value IS 'Min max,, true value & % if type is any range';


--
-- Name: qrtz_blob_triggers; Type: TABLE; Schema: clinlims; Owner: clinlims; Tablespace: 
--

CREATE TABLE qrtz_blob_triggers (
    trigger_name character varying(80) NOT NULL,
    trigger_group character varying(80) NOT NULL,
    blob_data bytea
);


ALTER TABLE clinlims.qrtz_blob_triggers OWNER TO clinlims;

--
-- Name: qrtz_calendars; Type: TABLE; Schema: clinlims; Owner: clinlims; Tablespace: 
--

CREATE TABLE qrtz_calendars (
    calendar_name character varying(80) NOT NULL,
    calendar bytea NOT NULL
);


ALTER TABLE clinlims.qrtz_calendars OWNER TO clinlims;

--
-- Name: qrtz_cron_triggers; Type: TABLE; Schema: clinlims; Owner: clinlims; Tablespace: 
--

CREATE TABLE qrtz_cron_triggers (
    trigger_name character varying(80) NOT NULL,
    trigger_group character varying(80) NOT NULL,
    cron_expression character varying(80) NOT NULL,
    time_zone_id character varying(80)
);


ALTER TABLE clinlims.qrtz_cron_triggers OWNER TO clinlims;

--
-- Name: qrtz_fired_triggers; Type: TABLE; Schema: clinlims; Owner: clinlims; Tablespace: 
--

CREATE TABLE qrtz_fired_triggers (
    entry_id character varying(95) NOT NULL,
    trigger_name character varying(80) NOT NULL,
    trigger_group character varying(80) NOT NULL,
    is_volatile boolean NOT NULL,
    instance_name character varying(80) NOT NULL,
    fired_time bigint NOT NULL,
    priority integer NOT NULL,
    state character varying(16) NOT NULL,
    job_name character varying(80),
    job_group character varying(80),
    is_stateful boolean,
    requests_recovery boolean
);


ALTER TABLE clinlims.qrtz_fired_triggers OWNER TO clinlims;

--
-- Name: qrtz_job_details; Type: TABLE; Schema: clinlims; Owner: clinlims; Tablespace: 
--

CREATE TABLE qrtz_job_details (
    job_name character varying(80) NOT NULL,
    job_group character varying(80) NOT NULL,
    description character varying(120),
    job_class_name character varying(128) NOT NULL,
    is_durable boolean NOT NULL,
    is_volatile boolean NOT NULL,
    is_stateful boolean NOT NULL,
    requests_recovery boolean NOT NULL,
    job_data bytea
);


ALTER TABLE clinlims.qrtz_job_details OWNER TO clinlims;

--
-- Name: qrtz_job_listeners; Type: TABLE; Schema: clinlims; Owner: clinlims; Tablespace: 
--

CREATE TABLE qrtz_job_listeners (
    job_name character varying(80) NOT NULL,
    job_group character varying(80) NOT NULL,
    job_listener character varying(80) NOT NULL
);


ALTER TABLE clinlims.qrtz_job_listeners OWNER TO clinlims;

--
-- Name: qrtz_locks; Type: TABLE; Schema: clinlims; Owner: clinlims; Tablespace: 
--

CREATE TABLE qrtz_locks (
    lock_name character varying(40) NOT NULL
);


ALTER TABLE clinlims.qrtz_locks OWNER TO clinlims;

--
-- Name: qrtz_paused_trigger_grps; Type: TABLE; Schema: clinlims; Owner: clinlims; Tablespace: 
--

CREATE TABLE qrtz_paused_trigger_grps (
    trigger_group character varying(80) NOT NULL
);


ALTER TABLE clinlims.qrtz_paused_trigger_grps OWNER TO clinlims;

--
-- Name: qrtz_scheduler_state; Type: TABLE; Schema: clinlims; Owner: clinlims; Tablespace: 
--

CREATE TABLE qrtz_scheduler_state (
    instance_name character varying(80) NOT NULL,
    last_checkin_time bigint NOT NULL,
    checkin_interval bigint NOT NULL
);


ALTER TABLE clinlims.qrtz_scheduler_state OWNER TO clinlims;

--
-- Name: qrtz_simple_triggers; Type: TABLE; Schema: clinlims; Owner: clinlims; Tablespace: 
--

CREATE TABLE qrtz_simple_triggers (
    trigger_name character varying(80) NOT NULL,
    trigger_group character varying(80) NOT NULL,
    repeat_count bigint NOT NULL,
    repeat_interval bigint NOT NULL,
    times_triggered bigint NOT NULL
);


ALTER TABLE clinlims.qrtz_simple_triggers OWNER TO clinlims;

--
-- Name: qrtz_trigger_listeners; Type: TABLE; Schema: clinlims; Owner: clinlims; Tablespace: 
--

CREATE TABLE qrtz_trigger_listeners (
    trigger_name character varying(80) NOT NULL,
    trigger_group character varying(80) NOT NULL,
    trigger_listener character varying(80) NOT NULL
);


ALTER TABLE clinlims.qrtz_trigger_listeners OWNER TO clinlims;

--
-- Name: qrtz_triggers; Type: TABLE; Schema: clinlims; Owner: clinlims; Tablespace: 
--

CREATE TABLE qrtz_triggers (
    trigger_name character varying(80) NOT NULL,
    trigger_group character varying(80) NOT NULL,
    job_name character varying(80) NOT NULL,
    job_group character varying(80) NOT NULL,
    is_volatile boolean NOT NULL,
    description character varying(120),
    next_fire_time bigint,
    prev_fire_time bigint,
    priority integer,
    trigger_state character varying(16) NOT NULL,
    trigger_type character varying(8) NOT NULL,
    start_time bigint NOT NULL,
    end_time bigint,
    calendar_name character varying(80),
    misfire_instr smallint,
    job_data bytea
);


ALTER TABLE clinlims.qrtz_triggers OWNER TO clinlims;

--
-- Name: race; Type: TABLE; Schema: clinlims; Owner: clinlims; Tablespace: 
--

CREATE TABLE race (
    id numeric(10,0) NOT NULL,
    description character varying(20) NOT NULL,
    race_type character varying(1),
    is_active character(1)
);


ALTER TABLE clinlims.race OWNER TO clinlims;

--
-- Name: receiver_code_element; Type: TABLE; Schema: clinlims; Owner: clinlims; Tablespace: 
--

CREATE TABLE receiver_code_element (
    id numeric(10,0) NOT NULL,
    identifier character varying(20),
    text character varying(60),
    code_system character varying(20),
    lastupdated timestamp(6) without time zone,
    message_org_id numeric(10,0),
    code_element_type_id numeric(10,0)
);


ALTER TABLE clinlims.receiver_code_element OWNER TO clinlims;

--
-- Name: receiver_code_element_seq; Type: SEQUENCE; Schema: clinlims; Owner: clinlims
--

CREATE SEQUENCE receiver_code_element_seq
    START WITH 21
    INCREMENT BY 1
    NO MAXVALUE
    NO MINVALUE
    CACHE 20;


ALTER TABLE clinlims.receiver_code_element_seq OWNER TO clinlims;

--
-- Name: receiver_code_element_seq; Type: SEQUENCE SET; Schema: clinlims; Owner: clinlims
--

SELECT pg_catalog.setval('receiver_code_element_seq', 21, false);


--
-- Name: reference_tables; Type: TABLE; Schema: clinlims; Owner: clinlims; Tablespace: 
--

CREATE TABLE reference_tables (
    id numeric(10,0) NOT NULL,
    name character varying(40),
    keep_history character varying(1),
    is_hl7_encoded character varying(1),
    lastupdated timestamp(6) without time zone
);


ALTER TABLE clinlims.reference_tables OWNER TO clinlims;

--
-- Name: COLUMN reference_tables.name; Type: COMMENT; Schema: clinlims; Owner: clinlims
--

COMMENT ON COLUMN reference_tables.name IS 'Name of table or module';


--
-- Name: reference_tables_seq; Type: SEQUENCE; Schema: clinlims; Owner: clinlims
--

CREATE SEQUENCE reference_tables_seq
    INCREMENT BY 1
    NO MAXVALUE
    NO MINVALUE
    CACHE 1;


ALTER TABLE clinlims.reference_tables_seq OWNER TO clinlims;

--
-- Name: reference_tables_seq; Type: SEQUENCE SET; Schema: clinlims; Owner: clinlims
--

SELECT pg_catalog.setval('reference_tables_seq', 192, true);


--
-- Name: referral; Type: TABLE; Schema: clinlims; Owner: clinlims; Tablespace: 
--

CREATE TABLE referral (
    id numeric(10,0) NOT NULL,
    analysis_id numeric(10,0),
    organization_id numeric(10,0),
    organization_name character varying(30),
    send_ready_date timestamp with time zone,
    sent_date timestamp with time zone,
    result_recieved_date timestamp with time zone,
    referral_reason_id numeric(10,0),
    referral_type_id numeric(10,0) NOT NULL,
    requester_name character varying(60),
    lastupdated timestamp with time zone,
    canceled boolean DEFAULT false,
    referral_request_date timestamp with time zone
);


ALTER TABLE clinlims.referral OWNER TO clinlims;

--
-- Name: TABLE referral; Type: COMMENT; Schema: clinlims; Owner: clinlims
--

COMMENT ON TABLE referral IS 'Tracks referrals made to and from the lab.  If referrals should be attached to samples add another column for sample and edit this comment';


--
-- Name: COLUMN referral.analysis_id; Type: COMMENT; Schema: clinlims; Owner: clinlims
--

COMMENT ON COLUMN referral.analysis_id IS 'The analysis which will be duplicated at other lab when refering out or which will be be done at this lab when referred in.  ';


--
-- Name: COLUMN referral.organization_id; Type: COMMENT; Schema: clinlims; Owner: clinlims
--

COMMENT ON COLUMN referral.organization_id IS 'The organization the sample was sent to or from';


--
-- Name: COLUMN referral.organization_name; Type: COMMENT; Schema: clinlims; Owner: clinlims
--

COMMENT ON COLUMN referral.organization_name IS 'The organiztion the sample was sent to or from, if busness rules allow them not to be in the organization table';


--
-- Name: COLUMN referral.send_ready_date; Type: COMMENT; Schema: clinlims; Owner: clinlims
--

COMMENT ON COLUMN referral.send_ready_date IS 'The date the referral out results are ready to be sent';


--
-- Name: COLUMN referral.sent_date; Type: COMMENT; Schema: clinlims; Owner: clinlims
--

COMMENT ON COLUMN referral.sent_date IS 'The date the referral out results are actually sent';


--
-- Name: COLUMN referral.result_recieved_date; Type: COMMENT; Schema: clinlims; Owner: clinlims
--

COMMENT ON COLUMN referral.result_recieved_date IS 'If this was a referral out then the date the results were recieved from the external lab';


--
-- Name: COLUMN referral.referral_reason_id; Type: COMMENT; Schema: clinlims; Owner: clinlims
--

COMMENT ON COLUMN referral.referral_reason_id IS 'Why was this referral done';


--
-- Name: COLUMN referral.requester_name; Type: COMMENT; Schema: clinlims; Owner: clinlims
--

COMMENT ON COLUMN referral.requester_name IS 'The name of the person who requested that the referral be done';


--
-- Name: COLUMN referral.referral_request_date; Type: COMMENT; Schema: clinlims; Owner: clinlims
--

COMMENT ON COLUMN referral.referral_request_date IS 'The date the referral request was made';


--
-- Name: referral_reason; Type: TABLE; Schema: clinlims; Owner: clinlims; Tablespace: 
--

CREATE TABLE referral_reason (
    id numeric(10,0) NOT NULL,
    name character varying(30) NOT NULL,
    description character varying(60),
    display_key character varying(60),
    lastupdated timestamp with time zone
);


ALTER TABLE clinlims.referral_reason OWNER TO clinlims;

--
-- Name: TABLE referral_reason; Type: COMMENT; Schema: clinlims; Owner: clinlims
--

COMMENT ON TABLE referral_reason IS 'The reason a referral was made to or from the lab';


--
-- Name: COLUMN referral_reason.name; Type: COMMENT; Schema: clinlims; Owner: clinlims
--

COMMENT ON COLUMN referral_reason.name IS 'The name of the reason, default value displayed to user if no display_key value';


--
-- Name: COLUMN referral_reason.description; Type: COMMENT; Schema: clinlims; Owner: clinlims
--

COMMENT ON COLUMN referral_reason.description IS 'Clarification of the reason';


--
-- Name: COLUMN referral_reason.display_key; Type: COMMENT; Schema: clinlims; Owner: clinlims
--

COMMENT ON COLUMN referral_reason.display_key IS 'Key for localization files to display locale appropriate reasons';


--
-- Name: referral_reason_seq; Type: SEQUENCE; Schema: clinlims; Owner: clinlims
--

CREATE SEQUENCE referral_reason_seq
    START WITH 1
    INCREMENT BY 1
    NO MAXVALUE
    MINVALUE 0
    CACHE 1;


ALTER TABLE clinlims.referral_reason_seq OWNER TO clinlims;

--
-- Name: referral_reason_seq; Type: SEQUENCE SET; Schema: clinlims; Owner: clinlims
--

SELECT pg_catalog.setval('referral_reason_seq', 1, false);


--
-- Name: referral_result; Type: TABLE; Schema: clinlims; Owner: clinlims; Tablespace: 
--

CREATE TABLE referral_result (
    id numeric(10,0) NOT NULL,
    referral_id numeric(10,0) NOT NULL,
    test_id numeric(10,0),
    result_id numeric(10,0),
    referral_report_date timestamp with time zone,
    lastupdated timestamp with time zone
);


ALTER TABLE clinlims.referral_result OWNER TO clinlims;

--
-- Name: TABLE referral_result; Type: COMMENT; Schema: clinlims; Owner: clinlims
--

COMMENT ON TABLE referral_result IS 'A referral may have one or more results';


--
-- Name: COLUMN referral_result.referral_id; Type: COMMENT; Schema: clinlims; Owner: clinlims
--

COMMENT ON COLUMN referral_result.referral_id IS 'The referral for which this is a result. May be one to many';


--
-- Name: COLUMN referral_result.test_id; Type: COMMENT; Schema: clinlims; Owner: clinlims
--

COMMENT ON COLUMN referral_result.test_id IS 'When the referral lab reported the results back';


--
-- Name: COLUMN referral_result.result_id; Type: COMMENT; Schema: clinlims; Owner: clinlims
--

COMMENT ON COLUMN referral_result.result_id IS 'The result returned by the referral lab';


--
-- Name: referral_result_seq; Type: SEQUENCE; Schema: clinlims; Owner: clinlims
--

CREATE SEQUENCE referral_result_seq
    START WITH 1
    INCREMENT BY 1
    NO MAXVALUE
    MINVALUE 0
    CACHE 1;


ALTER TABLE clinlims.referral_result_seq OWNER TO clinlims;

--
-- Name: referral_result_seq; Type: SEQUENCE SET; Schema: clinlims; Owner: clinlims
--

SELECT pg_catalog.setval('referral_result_seq', 1, false);


--
-- Name: referral_seq; Type: SEQUENCE; Schema: clinlims; Owner: clinlims
--

CREATE SEQUENCE referral_seq
    START WITH 1
    INCREMENT BY 1
    NO MAXVALUE
    MINVALUE 0
    CACHE 1;


ALTER TABLE clinlims.referral_seq OWNER TO clinlims;

--
-- Name: referral_seq; Type: SEQUENCE SET; Schema: clinlims; Owner: clinlims
--

SELECT pg_catalog.setval('referral_seq', 1, false);


--
-- Name: referral_type; Type: TABLE; Schema: clinlims; Owner: clinlims; Tablespace: 
--

CREATE TABLE referral_type (
    id numeric(10,0) NOT NULL,
    name character varying(30) NOT NULL,
    description character varying(60),
    display_key character varying(60),
    lastupdated timestamp with time zone
);


ALTER TABLE clinlims.referral_type OWNER TO clinlims;

--
-- Name: TABLE referral_type; Type: COMMENT; Schema: clinlims; Owner: clinlims
--

COMMENT ON TABLE referral_type IS 'The type of referral. i.e. a referral into the lab or a referral out of the lab';


--
-- Name: COLUMN referral_type.name; Type: COMMENT; Schema: clinlims; Owner: clinlims
--

COMMENT ON COLUMN referral_type.name IS 'The name of the type, default value displayed to user if no display_key value';


--
-- Name: COLUMN referral_type.description; Type: COMMENT; Schema: clinlims; Owner: clinlims
--

COMMENT ON COLUMN referral_type.description IS 'Clarification of the type';


--
-- Name: COLUMN referral_type.display_key; Type: COMMENT; Schema: clinlims; Owner: clinlims
--

COMMENT ON COLUMN referral_type.display_key IS 'Key for localization files to display locale appropriate types';


--
-- Name: referral_type_seq; Type: SEQUENCE; Schema: clinlims; Owner: clinlims
--

CREATE SEQUENCE referral_type_seq
    START WITH 1
    INCREMENT BY 1
    NO MAXVALUE
    MINVALUE 0
    CACHE 1;


ALTER TABLE clinlims.referral_type_seq OWNER TO clinlims;

--
-- Name: referral_type_seq; Type: SEQUENCE SET; Schema: clinlims; Owner: clinlims
--

SELECT pg_catalog.setval('referral_type_seq', 1, false);


--
-- Name: region; Type: TABLE; Schema: clinlims; Owner: clinlims; Tablespace: 
--

CREATE TABLE region (
    id numeric(10,0) NOT NULL,
    region character varying(240) NOT NULL,
    lastupdated timestamp(6) without time zone
);


ALTER TABLE clinlims.region OWNER TO clinlims;

--
-- Name: COLUMN region.id; Type: COMMENT; Schema: clinlims; Owner: clinlims
--

COMMENT ON COLUMN region.id IS 'Sequential Number';


--
-- Name: COLUMN region.region; Type: COMMENT; Schema: clinlims; Owner: clinlims
--

COMMENT ON COLUMN region.region IS 'Epidemiology Region Description used for MLS';


--
-- Name: region_seq; Type: SEQUENCE; Schema: clinlims; Owner: clinlims
--

CREATE SEQUENCE region_seq
    START WITH 1
    INCREMENT BY 1
    NO MAXVALUE
    NO MINVALUE
    CACHE 1;


ALTER TABLE clinlims.region_seq OWNER TO clinlims;

--
-- Name: region_seq; Type: SEQUENCE SET; Schema: clinlims; Owner: clinlims
--

SELECT pg_catalog.setval('region_seq', 1, false);


--
-- Name: report; Type: TABLE; Schema: clinlims; Owner: clinlims; Tablespace: 
--

CREATE TABLE report (
    report_id integer NOT NULL,
    name character varying(255) NOT NULL,
    description character varying(255) NOT NULL,
    report_file character varying(255) NOT NULL,
    pdf_export boolean NOT NULL,
    csv_export boolean NOT NULL,
    xls_export boolean NOT NULL,
    html_export boolean NOT NULL,
    rtf_export boolean NOT NULL,
    text_export boolean NOT NULL,
    excel_export boolean NOT NULL,
    image_export boolean NOT NULL,
    fill_virtual boolean NOT NULL,
    hidden_report boolean NOT NULL,
    report_query text,
    datasource_id integer,
    chart_id integer,
    export_option_id integer
);


ALTER TABLE clinlims.report OWNER TO clinlims;

--
-- Name: report_alert; Type: TABLE; Schema: clinlims; Owner: clinlims; Tablespace: 
--

CREATE TABLE report_alert (
    alert_id integer NOT NULL,
    name character varying(255) NOT NULL,
    description character varying(255) NOT NULL,
    alert_query text NOT NULL,
    datasource_id integer
);


ALTER TABLE clinlims.report_alert OWNER TO clinlims;

--
-- Name: report_chart; Type: TABLE; Schema: clinlims; Owner: clinlims; Tablespace: 
--

CREATE TABLE report_chart (
    chart_id integer NOT NULL,
    name character varying(255) NOT NULL,
    description character varying(255) NOT NULL,
    chart_query text NOT NULL,
    chart_type integer NOT NULL,
    width integer NOT NULL,
    height integer NOT NULL,
    x_axis_label character varying(255),
    y_axis_label character varying(255),
    show_legend boolean NOT NULL,
    show_title boolean NOT NULL,
    show_values boolean NOT NULL,
    plot_orientation integer,
    datasource_id integer,
    report_id integer,
    overlay_chart_id integer
);


ALTER TABLE clinlims.report_chart OWNER TO clinlims;

--
-- Name: report_datasource; Type: TABLE; Schema: clinlims; Owner: clinlims; Tablespace: 
--

CREATE TABLE report_datasource (
    datasource_id integer NOT NULL,
    name character varying(255) NOT NULL,
    driver character varying(255),
    url character varying(255) NOT NULL,
    username character varying(255),
    password character varying(255),
    max_idle integer,
    max_active integer,
    max_wait bigint,
    validation_query character varying(255),
    jndi boolean
);


ALTER TABLE clinlims.report_datasource OWNER TO clinlims;

--
-- Name: report_delivery_log; Type: TABLE; Schema: clinlims; Owner: clinlims; Tablespace: 
--

CREATE TABLE report_delivery_log (
    delivery_log_id integer NOT NULL,
    start_time timestamp without time zone,
    end_time timestamp without time zone,
    status character varying(255),
    message text,
    delivery_method character varying(255),
    log_id integer,
    delivery_index integer
);


ALTER TABLE clinlims.report_delivery_log OWNER TO clinlims;

--
-- Name: report_export_options; Type: TABLE; Schema: clinlims; Owner: clinlims; Tablespace: 
--

CREATE TABLE report_export_options (
    export_option_id integer NOT NULL,
    xls_remove_empty_space boolean NOT NULL,
    xls_one_page_per_sheet boolean NOT NULL,
    xls_auto_detect_cell boolean NOT NULL,
    xls_white_background boolean NOT NULL,
    html_remove_empty_space boolean NOT NULL,
    html_white_background boolean NOT NULL,
    html_use_images boolean NOT NULL,
    html_wrap_break boolean NOT NULL
);


ALTER TABLE clinlims.report_export_options OWNER TO clinlims;

--
-- Name: report_group; Type: TABLE; Schema: clinlims; Owner: clinlims; Tablespace: 
--

CREATE TABLE report_group (
    group_id integer NOT NULL,
    name character varying(255) NOT NULL,
    description character varying(255) NOT NULL
);


ALTER TABLE clinlims.report_group OWNER TO clinlims;

--
-- Name: report_group_map; Type: TABLE; Schema: clinlims; Owner: clinlims; Tablespace: 
--

CREATE TABLE report_group_map (
    group_id integer NOT NULL,
    report_id integer NOT NULL,
    map_id integer NOT NULL
);


ALTER TABLE clinlims.report_group_map OWNER TO clinlims;

--
-- Name: report_log; Type: TABLE; Schema: clinlims; Owner: clinlims; Tablespace: 
--

CREATE TABLE report_log (
    log_id integer NOT NULL,
    start_time timestamp without time zone,
    end_time timestamp without time zone,
    status character varying(255),
    message text,
    export_type integer,
    request_id character varying(255),
    report_id integer,
    user_id integer,
    alert_id integer
);


ALTER TABLE clinlims.report_log OWNER TO clinlims;

--
-- Name: report_parameter; Type: TABLE; Schema: clinlims; Owner: clinlims; Tablespace: 
--

CREATE TABLE report_parameter (
    parameter_id integer NOT NULL,
    name character varying(255) NOT NULL,
    type character varying(255) NOT NULL,
    classname character varying(255) NOT NULL,
    data text,
    datasource_id integer,
    description character varying(255),
    required boolean,
    multi_select boolean,
    default_value character varying(255)
);


ALTER TABLE clinlims.report_parameter OWNER TO clinlims;

--
-- Name: report_parameter_map; Type: TABLE; Schema: clinlims; Owner: clinlims; Tablespace: 
--

CREATE TABLE report_parameter_map (
    report_id integer NOT NULL,
    parameter_id integer,
    required boolean,
    sort_order integer,
    step integer,
    map_id integer NOT NULL
);


ALTER TABLE clinlims.report_parameter_map OWNER TO clinlims;

--
-- Name: report_user; Type: TABLE; Schema: clinlims; Owner: clinlims; Tablespace: 
--

CREATE TABLE report_user (
    reportuser_id integer NOT NULL,
    name character varying(255) NOT NULL,
    password character varying(255) NOT NULL,
    external_id character varying(255),
    email_address character varying(255),
    pdf_export_type integer NOT NULL,
    default_report_id integer
);


ALTER TABLE clinlims.report_user OWNER TO clinlims;

--
-- Name: requester_type; Type: TABLE; Schema: clinlims; Owner: clinlims; Tablespace: 
--

CREATE TABLE requester_type (
    id numeric(10,0) NOT NULL,
    requester_type character varying(20) NOT NULL
);


ALTER TABLE clinlims.requester_type OWNER TO clinlims;

--
-- Name: TABLE requester_type; Type: COMMENT; Schema: clinlims; Owner: clinlims
--

COMMENT ON TABLE requester_type IS 'The types of entities which can request test.  This table will be used by sample_requester so the type should map to table';


--
-- Name: COLUMN requester_type.requester_type; Type: COMMENT; Schema: clinlims; Owner: clinlims
--

COMMENT ON COLUMN requester_type.requester_type IS 'The type. i.e. organization or provider';


--
-- Name: result_inventory; Type: TABLE; Schema: clinlims; Owner: clinlims; Tablespace: 
--

CREATE TABLE result_inventory (
    id numeric(10,0) NOT NULL,
    inventory_location_id numeric(10,0) NOT NULL,
    result_id numeric(10,0) NOT NULL,
    description character varying(20),
    lastupdated timestamp(6) without time zone
);


ALTER TABLE clinlims.result_inventory OWNER TO clinlims;

--
-- Name: TABLE result_inventory; Type: COMMENT; Schema: clinlims; Owner: clinlims
--

COMMENT ON TABLE result_inventory IS 'Table to link analyte, inventory_items and results.  This is to tie a specific test kit to HIV or syphilis test result.';


--
-- Name: COLUMN result_inventory.inventory_location_id; Type: COMMENT; Schema: clinlims; Owner: clinlims
--

COMMENT ON COLUMN result_inventory.inventory_location_id IS 'The specific identifiable inventory.  For Haiti this should be a test kit in inventory';


--
-- Name: COLUMN result_inventory.result_id; Type: COMMENT; Schema: clinlims; Owner: clinlims
--

COMMENT ON COLUMN result_inventory.result_id IS 'The result which is tied to the inventory';


--
-- Name: COLUMN result_inventory.description; Type: COMMENT; Schema: clinlims; Owner: clinlims
--

COMMENT ON COLUMN result_inventory.description IS 'The description of inventory the result refers to.';


--
-- Name: result_inventory_seq; Type: SEQUENCE; Schema: clinlims; Owner: clinlims
--

CREATE SEQUENCE result_inventory_seq
    START WITH 1
    INCREMENT BY 1
    NO MAXVALUE
    NO MINVALUE
    CACHE 1;


ALTER TABLE clinlims.result_inventory_seq OWNER TO clinlims;

--
-- Name: result_inventory_seq; Type: SEQUENCE SET; Schema: clinlims; Owner: clinlims
--

SELECT pg_catalog.setval('result_inventory_seq', 1, false);


--
-- Name: result_limits; Type: TABLE; Schema: clinlims; Owner: clinlims; Tablespace: 
--

CREATE TABLE result_limits (
    id numeric(10,0) NOT NULL,
    test_id numeric(10,0) NOT NULL,
    test_result_type_id numeric NOT NULL,
    min_age double precision DEFAULT 0,
    max_age double precision DEFAULT 'Infinity'::double precision,
    gender character(1),
    low_normal double precision DEFAULT '-Infinity'::double precision,
    high_normal double precision DEFAULT 'Infinity'::double precision,
    low_valid double precision DEFAULT '-Infinity'::double precision,
    high_valid double precision DEFAULT 'Infinity'::double precision,
    lastupdated timestamp(6) without time zone,
    units character(20) DEFAULT '%'::bpchar
);


ALTER TABLE clinlims.result_limits OWNER TO clinlims;

--
-- Name: TABLE result_limits; Type: COMMENT; Schema: clinlims; Owner: clinlims
--

COMMENT ON TABLE result_limits IS 'This is a mainly read only table for normal and valid limits for given tests.  Currently it assumes that only age and gender matter.  If more criteria matter then refactor';


--
-- Name: COLUMN result_limits.test_id; Type: COMMENT; Schema: clinlims; Owner: clinlims
--

COMMENT ON COLUMN result_limits.test_id IS 'Refers to the test table, this is additional information';


--
-- Name: COLUMN result_limits.test_result_type_id; Type: COMMENT; Schema: clinlims; Owner: clinlims
--

COMMENT ON COLUMN result_limits.test_result_type_id IS 'Refers to the test_result_type table.  Does not make sense for the type to be a dictonary';


--
-- Name: COLUMN result_limits.min_age; Type: COMMENT; Schema: clinlims; Owner: clinlims
--

COMMENT ON COLUMN result_limits.min_age IS 'Should be null or less than max age';


--
-- Name: COLUMN result_limits.max_age; Type: COMMENT; Schema: clinlims; Owner: clinlims
--

COMMENT ON COLUMN result_limits.max_age IS 'Should be null or greater than min age';


--
-- Name: COLUMN result_limits.gender; Type: COMMENT; Schema: clinlims; Owner: clinlims
--

COMMENT ON COLUMN result_limits.gender IS 'Should be F or M or null if gender is not a criteria';


--
-- Name: COLUMN result_limits.low_normal; Type: COMMENT; Schema: clinlims; Owner: clinlims
--

COMMENT ON COLUMN result_limits.low_normal IS 'Low end of normal range';


--
-- Name: COLUMN result_limits.high_normal; Type: COMMENT; Schema: clinlims; Owner: clinlims
--

COMMENT ON COLUMN result_limits.high_normal IS 'High end of the normal range';


--
-- Name: COLUMN result_limits.low_valid; Type: COMMENT; Schema: clinlims; Owner: clinlims
--

COMMENT ON COLUMN result_limits.low_valid IS 'Low end of the valid range, any result value lower should be considered suspect';


--
-- Name: COLUMN result_limits.high_valid; Type: COMMENT; Schema: clinlims; Owner: clinlims
--

COMMENT ON COLUMN result_limits.high_valid IS 'high end of the valid range, any result value higher should be considered suspect';


--
-- Name: result_limits_seq; Type: SEQUENCE; Schema: clinlims; Owner: clinlims
--

CREATE SEQUENCE result_limits_seq
    INCREMENT BY 1
    NO MAXVALUE
    NO MINVALUE
    CACHE 1;


ALTER TABLE clinlims.result_limits_seq OWNER TO clinlims;

--
-- Name: result_limits_seq; Type: SEQUENCE SET; Schema: clinlims; Owner: clinlims
--

SELECT pg_catalog.setval('result_limits_seq', 131, true);


--
-- Name: result_seq; Type: SEQUENCE; Schema: clinlims; Owner: clinlims
--

CREATE SEQUENCE result_seq
    START WITH 1
    INCREMENT BY 1
    NO MAXVALUE
    NO MINVALUE
    CACHE 1;


ALTER TABLE clinlims.result_seq OWNER TO clinlims;

--
-- Name: result_seq; Type: SEQUENCE SET; Schema: clinlims; Owner: clinlims
--

SELECT pg_catalog.setval('result_seq', 1, false);


--
-- Name: result_signature; Type: TABLE; Schema: clinlims; Owner: clinlims; Tablespace: 
--

CREATE TABLE result_signature (
    id numeric(10,0) NOT NULL,
    result_id numeric(10,0) NOT NULL,
    system_user_id numeric(10,0),
    is_supervisor boolean DEFAULT false NOT NULL,
    lastupdated timestamp(6) without time zone,
    non_user_name character varying(20)
);


ALTER TABLE clinlims.result_signature OWNER TO clinlims;

--
-- Name: TABLE result_signature; Type: COMMENT; Schema: clinlims; Owner: clinlims
--

COMMENT ON TABLE result_signature IS 'This matches the person who signed the result form with the result.';


--
-- Name: COLUMN result_signature.result_id; Type: COMMENT; Schema: clinlims; Owner: clinlims
--

COMMENT ON COLUMN result_signature.result_id IS 'The result which is being signed';


--
-- Name: COLUMN result_signature.system_user_id; Type: COMMENT; Schema: clinlims; Owner: clinlims
--

COMMENT ON COLUMN result_signature.system_user_id IS 'The signer of the result';


--
-- Name: COLUMN result_signature.is_supervisor; Type: COMMENT; Schema: clinlims; Owner: clinlims
--

COMMENT ON COLUMN result_signature.is_supervisor IS 'Is the signer a supervisor';


--
-- Name: COLUMN result_signature.non_user_name; Type: COMMENT; Schema: clinlims; Owner: clinlims
--

COMMENT ON COLUMN result_signature.non_user_name IS 'For signers that are not systemUsers';


--
-- Name: result_signature_seq; Type: SEQUENCE; Schema: clinlims; Owner: clinlims
--

CREATE SEQUENCE result_signature_seq
    START WITH 1
    INCREMENT BY 1
    NO MAXVALUE
    NO MINVALUE
    CACHE 1;


ALTER TABLE clinlims.result_signature_seq OWNER TO clinlims;

--
-- Name: result_signature_seq; Type: SEQUENCE SET; Schema: clinlims; Owner: clinlims
--

SELECT pg_catalog.setval('result_signature_seq', 1, false);


--
-- Name: sample; Type: TABLE; Schema: clinlims; Owner: clinlims; Tablespace: 
--

CREATE TABLE sample (
    id numeric(10,0) NOT NULL,
    accession_number character varying(20) NOT NULL,
    package_id numeric(10,0),
    domain character varying(1),
    next_item_sequence numeric(10,0),
    revision numeric,
    entered_date timestamp without time zone NOT NULL,
    received_date timestamp without time zone NOT NULL,
    collection_date timestamp without time zone,
    client_reference character varying(20),
    status character varying(1),
    released_date timestamp without time zone,
    sticker_rcvd_flag character varying(1),
    sys_user_id numeric(10,0),
    barcode character varying(20),
    transmission_date timestamp without time zone,
    lastupdated timestamp(6) without time zone,
    spec_or_isolate character varying(1),
    priority numeric(1,0),
    status_id numeric(10,0)
);


ALTER TABLE clinlims.sample OWNER TO clinlims;

--
-- Name: COLUMN sample.status_id; Type: COMMENT; Schema: clinlims; Owner: clinlims
--

COMMENT ON COLUMN sample.status_id IS 'foriegn key to status of analysis ';


--
-- Name: sample_animal; Type: TABLE; Schema: clinlims; Owner: clinlims; Tablespace: 
--

CREATE TABLE sample_animal (
    id numeric(10,0) NOT NULL,
    sci_name_id numeric(10,0) NOT NULL,
    comm_anim_id numeric(10,0) NOT NULL,
    sampling_location character varying(40),
    collector character varying(40),
    samp_id numeric(10,0) NOT NULL,
    multiple_unit character varying(30),
    street_address character varying(30),
    city character varying(30),
    state character varying(2),
    country character varying(20),
    zip_code character varying(10)
);


ALTER TABLE clinlims.sample_animal OWNER TO clinlims;

--
-- Name: COLUMN sample_animal.sci_name_id; Type: COMMENT; Schema: clinlims; Owner: clinlims
--

COMMENT ON COLUMN sample_animal.sci_name_id IS 'Sequential Number';


--
-- Name: COLUMN sample_animal.sampling_location; Type: COMMENT; Schema: clinlims; Owner: clinlims
--

COMMENT ON COLUMN sample_animal.sampling_location IS 'Sampling location - name of farm';


--
-- Name: COLUMN sample_animal.collector; Type: COMMENT; Schema: clinlims; Owner: clinlims
--

COMMENT ON COLUMN sample_animal.collector IS 'Person collecting sample';


--
-- Name: COLUMN sample_animal.samp_id; Type: COMMENT; Schema: clinlims; Owner: clinlims
--

COMMENT ON COLUMN sample_animal.samp_id IS 'MDH Specimen Number';


--
-- Name: COLUMN sample_animal.street_address; Type: COMMENT; Schema: clinlims; Owner: clinlims
--

COMMENT ON COLUMN sample_animal.street_address IS 'Address of animal';


--
-- Name: sample_domain; Type: TABLE; Schema: clinlims; Owner: clinlims; Tablespace: 
--

CREATE TABLE sample_domain (
    id numeric(10,0) NOT NULL,
    domain_description character varying(20),
    domain character varying(1),
    lastupdated timestamp(6) without time zone
);


ALTER TABLE clinlims.sample_domain OWNER TO clinlims;

--
-- Name: COLUMN sample_domain.id; Type: COMMENT; Schema: clinlims; Owner: clinlims
--

COMMENT ON COLUMN sample_domain.id IS 'A unique auto generated integer number assigned by the database.';


--
-- Name: COLUMN sample_domain.domain_description; Type: COMMENT; Schema: clinlims; Owner: clinlims
--

COMMENT ON COLUMN sample_domain.domain_description IS 'Type of sample this can be applied to:environ, human, animal, rabies, bt, newborn.';


--
-- Name: COLUMN sample_domain.domain; Type: COMMENT; Schema: clinlims; Owner: clinlims
--

COMMENT ON COLUMN sample_domain.domain IS 'Code for description: E-Environmental, A-Animal, C-Clinical';


--
-- Name: sample_domain_seq; Type: SEQUENCE; Schema: clinlims; Owner: clinlims
--

CREATE SEQUENCE sample_domain_seq
    INCREMENT BY 1
    NO MAXVALUE
    NO MINVALUE
    CACHE 1;


ALTER TABLE clinlims.sample_domain_seq OWNER TO clinlims;

--
-- Name: sample_domain_seq; Type: SEQUENCE SET; Schema: clinlims; Owner: clinlims
--

SELECT pg_catalog.setval('sample_domain_seq', 2, true);


--
-- Name: sample_environmental; Type: TABLE; Schema: clinlims; Owner: clinlims; Tablespace: 
--

CREATE TABLE sample_environmental (
    id numeric(10,0) NOT NULL,
    samp_id numeric(10,0) NOT NULL,
    is_hazardous character varying(1),
    lot_nbr character varying(30),
    description character varying(40),
    chem_samp_num character varying(240),
    street_address character varying(30),
    multiple_unit character varying(30),
    city character varying(30),
    state character varying(2),
    zip_code character varying(10),
    country character varying(20),
    collector character varying(40),
    sampling_location character varying(40)
);


ALTER TABLE clinlims.sample_environmental OWNER TO clinlims;

--
-- Name: COLUMN sample_environmental.samp_id; Type: COMMENT; Schema: clinlims; Owner: clinlims
--

COMMENT ON COLUMN sample_environmental.samp_id IS 'MDH Specimen Number';


--
-- Name: COLUMN sample_environmental.lot_nbr; Type: COMMENT; Schema: clinlims; Owner: clinlims
--

COMMENT ON COLUMN sample_environmental.lot_nbr IS 'If sample is unopened package of food then include the lot number from the package';


--
-- Name: COLUMN sample_environmental.description; Type: COMMENT; Schema: clinlims; Owner: clinlims
--

COMMENT ON COLUMN sample_environmental.description IS 'Additional description field for sample attributes.';


--
-- Name: COLUMN sample_environmental.zip_code; Type: COMMENT; Schema: clinlims; Owner: clinlims
--

COMMENT ON COLUMN sample_environmental.zip_code IS 'Zip +4 code';


--
-- Name: COLUMN sample_environmental.collector; Type: COMMENT; Schema: clinlims; Owner: clinlims
--

COMMENT ON COLUMN sample_environmental.collector IS 'Person collecting the sample';


--
-- Name: COLUMN sample_environmental.sampling_location; Type: COMMENT; Schema: clinlims; Owner: clinlims
--

COMMENT ON COLUMN sample_environmental.sampling_location IS 'Sampling location - name of restaurant, store, farm';


--
-- Name: sample_human_seq; Type: SEQUENCE; Schema: clinlims; Owner: clinlims
--

CREATE SEQUENCE sample_human_seq
    START WITH 1
    INCREMENT BY 1
    NO MAXVALUE
    NO MINVALUE
    CACHE 1;


ALTER TABLE clinlims.sample_human_seq OWNER TO clinlims;

--
-- Name: sample_human_seq; Type: SEQUENCE SET; Schema: clinlims; Owner: clinlims
--

SELECT pg_catalog.setval('sample_human_seq', 1, false);


--
-- Name: sample_item_seq; Type: SEQUENCE; Schema: clinlims; Owner: clinlims
--

CREATE SEQUENCE sample_item_seq
    START WITH 1
    INCREMENT BY 1
    NO MAXVALUE
    NO MINVALUE
    CACHE 1;


ALTER TABLE clinlims.sample_item_seq OWNER TO clinlims;

--
-- Name: sample_item_seq; Type: SEQUENCE SET; Schema: clinlims; Owner: clinlims
--

SELECT pg_catalog.setval('sample_item_seq', 1, false);


--
-- Name: sample_newborn; Type: TABLE; Schema: clinlims; Owner: clinlims; Tablespace: 
--

CREATE TABLE sample_newborn (
    id numeric(10,0) NOT NULL,
    weight numeric(5,0),
    multi_birth character(1),
    birth_order numeric(2,0),
    gestational_week numeric(5,2),
    date_first_feeding date,
    breast character(1),
    tpn character(1),
    formula character(1),
    milk character(1),
    soy character(1),
    jaundice character(1),
    antibiotics character(1),
    transfused character(1),
    date_transfusion date,
    medical_record_numeric character varying(18),
    nicu character(1),
    birth_defect character(1),
    pregnancy_complication character(1),
    deceased_sibling character(1),
    cause_of_death character varying(50),
    family_history character(1),
    other character varying(100),
    y_numeric character varying(18),
    yellow_card character(1),
    lastupdated timestamp(6) without time zone
);


ALTER TABLE clinlims.sample_newborn OWNER TO clinlims;

--
-- Name: sample_org_seq; Type: SEQUENCE; Schema: clinlims; Owner: clinlims
--

CREATE SEQUENCE sample_org_seq
    START WITH 112
    INCREMENT BY 1
    NO MAXVALUE
    NO MINVALUE
    CACHE 1;


ALTER TABLE clinlims.sample_org_seq OWNER TO clinlims;

--
-- Name: sample_org_seq; Type: SEQUENCE SET; Schema: clinlims; Owner: clinlims
--

SELECT pg_catalog.setval('sample_org_seq', 112, false);


--
-- Name: sample_organization; Type: TABLE; Schema: clinlims; Owner: clinlims; Tablespace: 
--

CREATE TABLE sample_organization (
    id numeric(10,0) NOT NULL,
    org_id numeric(10,0),
    samp_id numeric(10,0),
    samp_org_type character varying(1),
    lastupdated timestamp(6) without time zone
);


ALTER TABLE clinlims.sample_organization OWNER TO clinlims;

--
-- Name: COLUMN sample_organization.org_id; Type: COMMENT; Schema: clinlims; Owner: clinlims
--

COMMENT ON COLUMN sample_organization.org_id IS 'Sequential Numbering Field';


--
-- Name: COLUMN sample_organization.samp_id; Type: COMMENT; Schema: clinlims; Owner: clinlims
--

COMMENT ON COLUMN sample_organization.samp_id IS 'MDH Specimen Number';


--
-- Name: COLUMN sample_organization.samp_org_type; Type: COMMENT; Schema: clinlims; Owner: clinlims
--

COMMENT ON COLUMN sample_organization.samp_org_type IS 'Type of organization: Primary, Secondary, Billing';


--
-- Name: sample_pdf; Type: TABLE; Schema: clinlims; Owner: clinlims; Tablespace: 
--

CREATE TABLE sample_pdf (
    id numeric(10,0) NOT NULL,
    accession_number numeric(10,0) NOT NULL,
    allow_view character varying(1),
    barcode character varying(20)
);


ALTER TABLE clinlims.sample_pdf OWNER TO clinlims;

--
-- Name: sample_pdf_seq; Type: SEQUENCE; Schema: clinlims; Owner: clinlims
--

CREATE SEQUENCE sample_pdf_seq
    START WITH 1
    INCREMENT BY 1
    NO MAXVALUE
    NO MINVALUE
    CACHE 20;


ALTER TABLE clinlims.sample_pdf_seq OWNER TO clinlims;

--
-- Name: sample_pdf_seq; Type: SEQUENCE SET; Schema: clinlims; Owner: clinlims
--

SELECT pg_catalog.setval('sample_pdf_seq', 1, false);


--
-- Name: sample_proj_seq; Type: SEQUENCE; Schema: clinlims; Owner: clinlims
--

CREATE SEQUENCE sample_proj_seq
    START WITH 62
    INCREMENT BY 1
    NO MAXVALUE
    NO MINVALUE
    CACHE 1;


ALTER TABLE clinlims.sample_proj_seq OWNER TO clinlims;

--
-- Name: sample_proj_seq; Type: SEQUENCE SET; Schema: clinlims; Owner: clinlims
--

SELECT pg_catalog.setval('sample_proj_seq', 62, false);


--
-- Name: sample_projects; Type: TABLE; Schema: clinlims; Owner: clinlims; Tablespace: 
--

CREATE TABLE sample_projects (
    samp_id numeric(10,0) NOT NULL,
    proj_id numeric(10,0),
    is_permanent character varying(1),
    id numeric(10,0) NOT NULL,
    lastupdated timestamp(6) without time zone
);


ALTER TABLE clinlims.sample_projects OWNER TO clinlims;

--
-- Name: COLUMN sample_projects.samp_id; Type: COMMENT; Schema: clinlims; Owner: clinlims
--

COMMENT ON COLUMN sample_projects.samp_id IS 'MDH Specimen Number';


--
-- Name: COLUMN sample_projects.proj_id; Type: COMMENT; Schema: clinlims; Owner: clinlims
--

COMMENT ON COLUMN sample_projects.proj_id IS 'Sequential number assigned by sequence';


--
-- Name: COLUMN sample_projects.is_permanent; Type: COMMENT; Schema: clinlims; Owner: clinlims
--

COMMENT ON COLUMN sample_projects.is_permanent IS 'Indicates if project is assigned to this sample permanently (Y/N)';


--
-- Name: sample_qaevent; Type: TABLE; Schema: clinlims; Owner: clinlims; Tablespace: 
--

CREATE TABLE sample_qaevent (
    id numeric(10,0) NOT NULL,
    qa_event_id numeric(10,0),
    sample_id numeric(10,0),
    completed_date date,
    lastupdated timestamp without time zone,
    sampleitem_id numeric(10,0),
    authorizer character varying(40),
    section character varying(40)
);


ALTER TABLE clinlims.sample_qaevent OWNER TO clinlims;

--
-- Name: COLUMN sample_qaevent.sampleitem_id; Type: COMMENT; Schema: clinlims; Owner: clinlims
--

COMMENT ON COLUMN sample_qaevent.sampleitem_id IS 'If the qaevent refers to a sampleitem of the sample use this column';


--
-- Name: COLUMN sample_qaevent.authorizer; Type: COMMENT; Schema: clinlims; Owner: clinlims
--

COMMENT ON COLUMN sample_qaevent.authorizer IS 'string describing what authorizes this event: lab manager, doctor name or other identifier.';


--
-- Name: COLUMN sample_qaevent.section; Type: COMMENT; Schema: clinlims; Owner: clinlims
--

COMMENT ON COLUMN sample_qaevent.section IS 'a description of which section (department, bench etc.) created the Sample QA Event.';


--
-- Name: sample_qaevent_action; Type: TABLE; Schema: clinlims; Owner: clinlims; Tablespace: 
--

CREATE TABLE sample_qaevent_action (
    id numeric(10,0) NOT NULL,
    sample_qaevent_id numeric(10,0) NOT NULL,
    action_id numeric(10,0) NOT NULL,
    created_date date NOT NULL,
    lastupdated timestamp(6) without time zone,
    sys_user_id numeric(10,0)
);


ALTER TABLE clinlims.sample_qaevent_action OWNER TO clinlims;

--
-- Name: sample_qaevent_action_seq; Type: SEQUENCE; Schema: clinlims; Owner: clinlims
--

CREATE SEQUENCE sample_qaevent_action_seq
    START WITH 1
    INCREMENT BY 1
    NO MAXVALUE
    NO MINVALUE
    CACHE 1;


ALTER TABLE clinlims.sample_qaevent_action_seq OWNER TO clinlims;

--
-- Name: sample_qaevent_action_seq; Type: SEQUENCE SET; Schema: clinlims; Owner: clinlims
--

SELECT pg_catalog.setval('sample_qaevent_action_seq', 1, false);


--
-- Name: sample_qaevent_seq; Type: SEQUENCE; Schema: clinlims; Owner: clinlims
--

CREATE SEQUENCE sample_qaevent_seq
    START WITH 1
    INCREMENT BY 1
    NO MAXVALUE
    NO MINVALUE
    CACHE 1;


ALTER TABLE clinlims.sample_qaevent_seq OWNER TO clinlims;

--
-- Name: sample_qaevent_seq; Type: SEQUENCE SET; Schema: clinlims; Owner: clinlims
--

SELECT pg_catalog.setval('sample_qaevent_seq', 1, false);


--
-- Name: sample_requester; Type: TABLE; Schema: clinlims; Owner: clinlims; Tablespace: 
--

CREATE TABLE sample_requester (
    sample_id numeric(10,0) NOT NULL,
    requester_id numeric(10,0) NOT NULL,
    requester_type_id numeric(10,0) NOT NULL,
    lastupdated timestamp(6) without time zone
);


ALTER TABLE clinlims.sample_requester OWNER TO clinlims;

--
-- Name: TABLE sample_requester; Type: COMMENT; Schema: clinlims; Owner: clinlims
--

COMMENT ON TABLE sample_requester IS 'Links a sample to the entity which requested it';


--
-- Name: COLUMN sample_requester.sample_id; Type: COMMENT; Schema: clinlims; Owner: clinlims
--

COMMENT ON COLUMN sample_requester.sample_id IS 'The sample';


--
-- Name: COLUMN sample_requester.requester_id; Type: COMMENT; Schema: clinlims; Owner: clinlims
--

COMMENT ON COLUMN sample_requester.requester_id IS 'The requester_id.  The exact table row depends on the requester type';


--
-- Name: COLUMN sample_requester.requester_type_id; Type: COMMENT; Schema: clinlims; Owner: clinlims
--

COMMENT ON COLUMN sample_requester.requester_type_id IS 'The type from the requester_type table';


--
-- Name: sample_seq; Type: SEQUENCE; Schema: clinlims; Owner: clinlims
--

CREATE SEQUENCE sample_seq
    START WITH 1
    INCREMENT BY 1
    NO MAXVALUE
    NO MINVALUE
    CACHE 1;


ALTER TABLE clinlims.sample_seq OWNER TO clinlims;

--
-- Name: sample_seq; Type: SEQUENCE SET; Schema: clinlims; Owner: clinlims
--

SELECT pg_catalog.setval('sample_seq', 1, false);


--
-- Name: sample_type_panel_seq; Type: SEQUENCE; Schema: clinlims; Owner: clinlims
--

CREATE SEQUENCE sample_type_panel_seq
    INCREMENT BY 1
    NO MAXVALUE
    MINVALUE 0
    CACHE 1;


ALTER TABLE clinlims.sample_type_panel_seq OWNER TO clinlims;

--
-- Name: sample_type_panel_seq; Type: SEQUENCE SET; Schema: clinlims; Owner: clinlims
--

SELECT pg_catalog.setval('sample_type_panel_seq', 21, true);


--
-- Name: sample_type_test_seq; Type: SEQUENCE; Schema: clinlims; Owner: clinlims
--

CREATE SEQUENCE sample_type_test_seq
    INCREMENT BY 1
    NO MAXVALUE
    MINVALUE 0
    CACHE 1;


ALTER TABLE clinlims.sample_type_test_seq OWNER TO clinlims;

--
-- Name: sample_type_test_seq; Type: SEQUENCE SET; Schema: clinlims; Owner: clinlims
--

SELECT pg_catalog.setval('sample_type_test_seq', 436, true);


--
-- Name: source_of_sample; Type: TABLE; Schema: clinlims; Owner: clinlims; Tablespace: 
--

CREATE TABLE source_of_sample (
    id numeric(10,0) NOT NULL,
    description character varying(40),
    domain character varying(1),
    lastupdated timestamp(6) without time zone
);


ALTER TABLE clinlims.source_of_sample OWNER TO clinlims;

--
-- Name: COLUMN source_of_sample.id; Type: COMMENT; Schema: clinlims; Owner: clinlims
--

COMMENT ON COLUMN source_of_sample.id IS 'A unique auto generated integer number assigned by the database.';


--
-- Name: COLUMN source_of_sample.description; Type: COMMENT; Schema: clinlims; Owner: clinlims
--

COMMENT ON COLUMN source_of_sample.description IS 'Description such as left ear, right hand, kitchen sink.';


--
-- Name: COLUMN source_of_sample.domain; Type: COMMENT; Schema: clinlims; Owner: clinlims
--

COMMENT ON COLUMN source_of_sample.domain IS 'Type of sample this can be applied to: Environ, Animal, Clinical';


--
-- Name: type_of_sample; Type: TABLE; Schema: clinlims; Owner: clinlims; Tablespace: 
--

CREATE TABLE type_of_sample (
    id numeric(10,0) NOT NULL,
    description character varying(40) NOT NULL,
    domain character varying(1),
    lastupdated timestamp(6) without time zone,
    local_abbrev character varying(10),
    display_key character varying(60)
);


ALTER TABLE clinlims.type_of_sample OWNER TO clinlims;

--
-- Name: COLUMN type_of_sample.id; Type: COMMENT; Schema: clinlims; Owner: clinlims
--

COMMENT ON COLUMN type_of_sample.id IS 'A unique auto generated integer number assigned by the database';


--
-- Name: COLUMN type_of_sample.description; Type: COMMENT; Schema: clinlims; Owner: clinlims
--

COMMENT ON COLUMN type_of_sample.description IS 'Description such as water, tissue, sludge, etc.';


--
-- Name: COLUMN type_of_sample.domain; Type: COMMENT; Schema: clinlims; Owner: clinlims
--

COMMENT ON COLUMN type_of_sample.domain IS 'Type of sample this can be applied to : Environ, Animal, Clinical';


--
-- Name: COLUMN type_of_sample.display_key; Type: COMMENT; Schema: clinlims; Owner: clinlims
--

COMMENT ON COLUMN type_of_sample.display_key IS 'Resource file lookup key for localization of displaying the name';


--
-- Name: sampletracking; Type: VIEW; Schema: clinlims; Owner: clinlims
--

CREATE VIEW sampletracking AS
    SELECT organizationinfo.accnum, patientinfo.patientid, organizationinfo.cliref, patientinfo.patientlastname, patientinfo.patientfirstname, patientinfo.dateofbirth, organizationinfo.orglocalabbrev AS org_local_abbrev, organizationinfo.orgname, organizationinfo.recddate, typeinfo.tosid, typeinfo.tosdesc, sourceinfo.sosid, sourceinfo.sosdesc, organizationinfo.colldate, sampleinfo.si AS sori FROM (SELECT s.accession_number AS accnum, p.last_name AS patientlastname, p.first_name AS patientfirstname, pt.external_id AS patientid, pt.birth_date AS dateofbirth FROM (((sample s LEFT JOIN sample_human samphum ON ((s.id = samphum.samp_id))) LEFT JOIN patient pt ON ((samphum.patient_id = pt.id))) LEFT JOIN person p ON ((pt.person_id = p.id)))) patientinfo, (SELECT s.accession_number AS accnum, sos.id AS sosid, sos.description AS sosdesc FROM ((sample s LEFT JOIN sample_item sampitem ON ((s.id = sampitem.samp_id))) LEFT JOIN source_of_sample sos ON ((sampitem.source_id = sos.id)))) sourceinfo, (SELECT s.accession_number AS accnum, tos.id AS tosid, tos.description AS tosdesc FROM ((sample s LEFT JOIN sample_item sampitem ON ((s.id = sampitem.samp_id))) LEFT JOIN type_of_sample tos ON ((sampitem.typeosamp_id = tos.id)))) typeinfo, (SELECT s.accession_number AS accnum, org.local_abbrev AS orglocalabbrev, org.name AS orgname, s.received_date AS recddate, s.collection_date AS colldate, s.client_reference AS cliref FROM ((sample s LEFT JOIN sample_organization samporg ON ((s.id = samporg.samp_id))) LEFT JOIN organization org ON ((samporg.org_id = org.id)))) organizationinfo, (SELECT s.accession_number AS accnum, s.spec_or_isolate AS si FROM sample s) sampleinfo WHERE (((((typeinfo.accnum)::text = (organizationinfo.accnum)::text) AND ((sourceinfo.accnum)::text = (organizationinfo.accnum)::text)) AND ((patientinfo.accnum)::text = (organizationinfo.accnum)::text)) AND ((sampleinfo.accnum)::text = (organizationinfo.accnum)::text)) ORDER BY organizationinfo.orglocalabbrev, organizationinfo.recddate, organizationinfo.colldate, typeinfo.tosdesc, sourceinfo.sosdesc;


ALTER TABLE clinlims.sampletracking OWNER TO clinlims;

--
-- Name: sampletype_panel; Type: TABLE; Schema: clinlims; Owner: clinlims; Tablespace: 
--

CREATE TABLE sampletype_panel (
    id numeric(10,0) NOT NULL,
    sample_type_id numeric(10,0) NOT NULL,
    panel_id numeric(10,0) NOT NULL
);


ALTER TABLE clinlims.sampletype_panel OWNER TO clinlims;

--
-- Name: sampletype_test; Type: TABLE; Schema: clinlims; Owner: clinlims; Tablespace: 
--

CREATE TABLE sampletype_test (
    id numeric(10,0) NOT NULL,
    sample_type_id numeric(10,0) NOT NULL,
    test_id numeric(10,0) NOT NULL,
    is_panel boolean DEFAULT false
);


ALTER TABLE clinlims.sampletype_test OWNER TO clinlims;

--
-- Name: scriptlet; Type: TABLE; Schema: clinlims; Owner: clinlims; Tablespace: 
--

CREATE TABLE scriptlet (
    id numeric(10,0) NOT NULL,
    name character varying(40),
    code_type character varying(1),
    code_source character varying(4000),
    lastupdated timestamp(6) without time zone
);


ALTER TABLE clinlims.scriptlet OWNER TO clinlims;

--
-- Name: COLUMN scriptlet.name; Type: COMMENT; Schema: clinlims; Owner: clinlims
--

COMMENT ON COLUMN scriptlet.name IS 'Script name';


--
-- Name: COLUMN scriptlet.code_type; Type: COMMENT; Schema: clinlims; Owner: clinlims
--

COMMENT ON COLUMN scriptlet.code_type IS 'Flag indicating type of script code : Java, Basic, PLSQL';


--
-- Name: COLUMN scriptlet.lastupdated; Type: COMMENT; Schema: clinlims; Owner: clinlims
--

COMMENT ON COLUMN scriptlet.lastupdated IS 'Body of Source Code';


--
-- Name: scriptlet_seq; Type: SEQUENCE; Schema: clinlims; Owner: clinlims
--

CREATE SEQUENCE scriptlet_seq
    INCREMENT BY 1
    NO MAXVALUE
    NO MINVALUE
    CACHE 1;


ALTER TABLE clinlims.scriptlet_seq OWNER TO clinlims;

--
-- Name: scriptlet_seq; Type: SEQUENCE SET; Schema: clinlims; Owner: clinlims
--

SELECT pg_catalog.setval('scriptlet_seq', 3, true);


--
-- Name: sequence; Type: TABLE; Schema: clinlims; Owner: clinlims; Tablespace: 
--

CREATE TABLE sequence (
    seq_name character varying(30),
    seq_count numeric
);


ALTER TABLE clinlims.sequence OWNER TO clinlims;

--
-- Name: site_information; Type: TABLE; Schema: clinlims; Owner: clinlims; Tablespace: 
--

CREATE TABLE site_information (
    id integer NOT NULL,
    name character varying(32) NOT NULL,
    lastupdated timestamp with time zone,
    description character varying(60),
    value character varying(120)
);


ALTER TABLE clinlims.site_information OWNER TO clinlims;

--
-- Name: TABLE site_information; Type: COMMENT; Schema: clinlims; Owner: clinlims
--

COMMENT ON TABLE site_information IS 'Information about a specific installation at a site, seperate from an implimentation';


--
-- Name: COLUMN site_information.name; Type: COMMENT; Schema: clinlims; Owner: clinlims
--

COMMENT ON COLUMN site_information.name IS 'Name by which this information will be found';


--
-- Name: COLUMN site_information.description; Type: COMMENT; Schema: clinlims; Owner: clinlims
--

COMMENT ON COLUMN site_information.description IS 'Clarification of the name';


--
-- Name: COLUMN site_information.value; Type: COMMENT; Schema: clinlims; Owner: clinlims
--

COMMENT ON COLUMN site_information.value IS 'Value for the named information';


--
-- Name: site_information_seq; Type: SEQUENCE; Schema: clinlims; Owner: clinlims
--

CREATE SEQUENCE site_information_seq
    INCREMENT BY 1
    NO MAXVALUE
    NO MINVALUE
    CACHE 1;


ALTER TABLE clinlims.site_information_seq OWNER TO clinlims;

--
-- Name: site_information_seq; Type: SEQUENCE SET; Schema: clinlims; Owner: clinlims
--

SELECT pg_catalog.setval('site_information_seq', 10, true);


--
-- Name: source_of_sample_seq; Type: SEQUENCE; Schema: clinlims; Owner: clinlims
--

CREATE SEQUENCE source_of_sample_seq
    START WITH 1
    INCREMENT BY 1
    NO MAXVALUE
    NO MINVALUE
    CACHE 1;


ALTER TABLE clinlims.source_of_sample_seq OWNER TO clinlims;

--
-- Name: source_of_sample_seq; Type: SEQUENCE SET; Schema: clinlims; Owner: clinlims
--

SELECT pg_catalog.setval('source_of_sample_seq', 1, false);


--
-- Name: state_code; Type: TABLE; Schema: clinlims; Owner: clinlims; Tablespace: 
--

CREATE TABLE state_code (
    id numeric(10,0) NOT NULL,
    code character varying(240),
    description character varying(240),
    lastupdated timestamp(6) without time zone
);


ALTER TABLE clinlims.state_code OWNER TO clinlims;

--
-- Name: COLUMN state_code.code; Type: COMMENT; Schema: clinlims; Owner: clinlims
--

COMMENT ON COLUMN state_code.code IS 'State abbreviation';


--
-- Name: COLUMN state_code.description; Type: COMMENT; Schema: clinlims; Owner: clinlims
--

COMMENT ON COLUMN state_code.description IS 'State Name';


--
-- Name: state_code_seq; Type: SEQUENCE; Schema: clinlims; Owner: clinlims
--

CREATE SEQUENCE state_code_seq
    START WITH 1
    INCREMENT BY 1
    NO MAXVALUE
    NO MINVALUE
    CACHE 1;


ALTER TABLE clinlims.state_code_seq OWNER TO clinlims;

--
-- Name: state_code_seq; Type: SEQUENCE SET; Schema: clinlims; Owner: clinlims
--

SELECT pg_catalog.setval('state_code_seq', 1, false);


--
-- Name: status_of_sample_seq; Type: SEQUENCE; Schema: clinlims; Owner: clinlims
--

CREATE SEQUENCE status_of_sample_seq
    INCREMENT BY 1
    NO MAXVALUE
    NO MINVALUE
    CACHE 1;


ALTER TABLE clinlims.status_of_sample_seq OWNER TO clinlims;

--
-- Name: status_of_sample_seq; Type: SEQUENCE SET; Schema: clinlims; Owner: clinlims
--

SELECT pg_catalog.setval('status_of_sample_seq', 9, true);


--
-- Name: storage_location; Type: TABLE; Schema: clinlims; Owner: clinlims; Tablespace: 
--

CREATE TABLE storage_location (
    id numeric(10,0) NOT NULL,
    sort_order numeric,
    name character varying(20),
    location character varying(80),
    is_available character varying(1),
    parent_storageloc_id numeric(10,0),
    storage_unit_id numeric(10,0)
);


ALTER TABLE clinlims.storage_location OWNER TO clinlims;

--
-- Name: COLUMN storage_location.sort_order; Type: COMMENT; Schema: clinlims; Owner: clinlims
--

COMMENT ON COLUMN storage_location.sort_order IS 'The sequence order of this item; sort order used for display';


--
-- Name: COLUMN storage_location.name; Type: COMMENT; Schema: clinlims; Owner: clinlims
--

COMMENT ON COLUMN storage_location.name IS 'Name of unit: Virology Fridge #1';


--
-- Name: COLUMN storage_location.location; Type: COMMENT; Schema: clinlims; Owner: clinlims
--

COMMENT ON COLUMN storage_location.location IS 'Location of storage';


--
-- Name: COLUMN storage_location.is_available; Type: COMMENT; Schema: clinlims; Owner: clinlims
--

COMMENT ON COLUMN storage_location.is_available IS 'Indicates if storage is available for use.';


--
-- Name: storage_unit; Type: TABLE; Schema: clinlims; Owner: clinlims; Tablespace: 
--

CREATE TABLE storage_unit (
    id numeric(10,0) NOT NULL,
    category character varying(15),
    description character varying(60),
    is_singular character varying(1)
);


ALTER TABLE clinlims.storage_unit OWNER TO clinlims;

--
-- Name: COLUMN storage_unit.category; Type: COMMENT; Schema: clinlims; Owner: clinlims
--

COMMENT ON COLUMN storage_unit.category IS 'type of storage unit: box, fridge, shelf, tube';


--
-- Name: COLUMN storage_unit.description; Type: COMMENT; Schema: clinlims; Owner: clinlims
--

COMMENT ON COLUMN storage_unit.description IS 'Description of unit: 10 mL tube, 5 shelf fridge.';


--
-- Name: COLUMN storage_unit.is_singular; Type: COMMENT; Schema: clinlims; Owner: clinlims
--

COMMENT ON COLUMN storage_unit.is_singular IS 'Y, N flag indicating if this unit can contain more than one item.';


--
-- Name: system_module; Type: TABLE; Schema: clinlims; Owner: clinlims; Tablespace: 
--

CREATE TABLE system_module (
    id numeric(10,0) NOT NULL,
    name character varying(32),
    description character varying(80),
    has_select_flag character varying(1),
    has_add_flag character varying(1),
    has_update_flag character varying(1),
    has_delete_flag character varying(1)
);


ALTER TABLE clinlims.system_module OWNER TO clinlims;

--
-- Name: COLUMN system_module.name; Type: COMMENT; Schema: clinlims; Owner: clinlims
--

COMMENT ON COLUMN system_module.name IS 'Name of security module';


--
-- Name: COLUMN system_module.description; Type: COMMENT; Schema: clinlims; Owner: clinlims
--

COMMENT ON COLUMN system_module.description IS 'Description for this security module';


--
-- Name: COLUMN system_module.has_select_flag; Type: COMMENT; Schema: clinlims; Owner: clinlims
--

COMMENT ON COLUMN system_module.has_select_flag IS 'Flag indicating if this module can be assigned to a user';


--
-- Name: COLUMN system_module.has_add_flag; Type: COMMENT; Schema: clinlims; Owner: clinlims
--

COMMENT ON COLUMN system_module.has_add_flag IS 'Flag indicating if this module has add capability';


--
-- Name: COLUMN system_module.has_update_flag; Type: COMMENT; Schema: clinlims; Owner: clinlims
--

COMMENT ON COLUMN system_module.has_update_flag IS 'Flag indicating if this module has update capability';


--
-- Name: COLUMN system_module.has_delete_flag; Type: COMMENT; Schema: clinlims; Owner: clinlims
--

COMMENT ON COLUMN system_module.has_delete_flag IS 'Flag indicating if this module has delete capability';


--
-- Name: system_module_seq; Type: SEQUENCE; Schema: clinlims; Owner: clinlims
--

CREATE SEQUENCE system_module_seq
    INCREMENT BY 1
    NO MAXVALUE
    MINVALUE 0
    CACHE 1;


ALTER TABLE clinlims.system_module_seq OWNER TO clinlims;

--
-- Name: system_module_seq; Type: SEQUENCE SET; Schema: clinlims; Owner: clinlims
--

SELECT pg_catalog.setval('system_module_seq', 185, true);


--
-- Name: system_role; Type: TABLE; Schema: clinlims; Owner: clinlims; Tablespace: 
--

CREATE TABLE system_role (
    id numeric(10,0) NOT NULL,
    name character(20) NOT NULL,
    description character(40),
    is_grouping_role boolean DEFAULT false,
    grouping_parent numeric(10,0),
    display_key character varying(60)
);


ALTER TABLE clinlims.system_role OWNER TO clinlims;

--
-- Name: TABLE system_role; Type: COMMENT; Schema: clinlims; Owner: clinlims
--

COMMENT ON TABLE system_role IS 'Describes the roles a user may have.  ';


--
-- Name: COLUMN system_role.name; Type: COMMENT; Schema: clinlims; Owner: clinlims
--

COMMENT ON COLUMN system_role.name IS 'The name of the role, this is how it will appear to the user';


--
-- Name: COLUMN system_role.description; Type: COMMENT; Schema: clinlims; Owner: clinlims
--

COMMENT ON COLUMN system_role.description IS 'Notes about the role';


--
-- Name: COLUMN system_role.is_grouping_role; Type: COMMENT; Schema: clinlims; Owner: clinlims
--

COMMENT ON COLUMN system_role.is_grouping_role IS 'Indicates that this role is only for grouping other roles.  It should not have modules assigned to it';


--
-- Name: COLUMN system_role.grouping_parent; Type: COMMENT; Schema: clinlims; Owner: clinlims
--

COMMENT ON COLUMN system_role.grouping_parent IS 'Should only refer to a grouping role';


--
-- Name: COLUMN system_role.display_key; Type: COMMENT; Schema: clinlims; Owner: clinlims
--

COMMENT ON COLUMN system_role.display_key IS 'key for localizing dropdown lists';


--
-- Name: system_role_module; Type: TABLE; Schema: clinlims; Owner: clinlims; Tablespace: 
--

CREATE TABLE system_role_module (
    id numeric(10,0) NOT NULL,
    has_select character varying(1),
    has_add character varying(1),
    has_update character varying(1),
    has_delete character varying(1),
    system_role_id numeric(10,0),
    system_module_id numeric(10,0)
);


ALTER TABLE clinlims.system_role_module OWNER TO clinlims;

--
-- Name: system_role_seq; Type: SEQUENCE; Schema: clinlims; Owner: clinlims
--

CREATE SEQUENCE system_role_seq
    INCREMENT BY 1
    NO MAXVALUE
    NO MINVALUE
    CACHE 1;


ALTER TABLE clinlims.system_role_seq OWNER TO clinlims;

--
-- Name: system_role_seq; Type: SEQUENCE SET; Schema: clinlims; Owner: clinlims
--

SELECT pg_catalog.setval('system_role_seq', 8, true);


--
-- Name: system_user; Type: TABLE; Schema: clinlims; Owner: clinlims; Tablespace: 
--

CREATE TABLE system_user (
    id numeric(10,0) NOT NULL,
    external_id character varying(80),
    login_name character varying(20) NOT NULL,
    last_name character varying(30) NOT NULL,
    first_name character varying(20) NOT NULL,
    initials character varying(3),
    is_active character varying(1) NOT NULL,
    is_employee character varying(1) NOT NULL,
    lastupdated timestamp(6) without time zone
);


ALTER TABLE clinlims.system_user OWNER TO clinlims;

--
-- Name: COLUMN system_user.id; Type: COMMENT; Schema: clinlims; Owner: clinlims
--

COMMENT ON COLUMN system_user.id IS 'Sequential Identifier';


--
-- Name: COLUMN system_user.external_id; Type: COMMENT; Schema: clinlims; Owner: clinlims
--

COMMENT ON COLUMN system_user.external_id IS 'External ID such as employee number or external system ID.';


--
-- Name: COLUMN system_user.login_name; Type: COMMENT; Schema: clinlims; Owner: clinlims
--

COMMENT ON COLUMN system_user.login_name IS 'User''s system log in name.';


--
-- Name: COLUMN system_user.last_name; Type: COMMENT; Schema: clinlims; Owner: clinlims
--

COMMENT ON COLUMN system_user.last_name IS 'Last name of person';


--
-- Name: COLUMN system_user.first_name; Type: COMMENT; Schema: clinlims; Owner: clinlims
--

COMMENT ON COLUMN system_user.first_name IS 'Person Name';


--
-- Name: COLUMN system_user.initials; Type: COMMENT; Schema: clinlims; Owner: clinlims
--

COMMENT ON COLUMN system_user.initials IS 'Middle Initial';


--
-- Name: COLUMN system_user.is_active; Type: COMMENT; Schema: clinlims; Owner: clinlims
--

COMMENT ON COLUMN system_user.is_active IS 'Indicates the status of active or inactive for user';


--
-- Name: COLUMN system_user.is_employee; Type: COMMENT; Schema: clinlims; Owner: clinlims
--

COMMENT ON COLUMN system_user.is_employee IS 'Indicates if user is an MDH employee';


--
-- Name: system_user_module; Type: TABLE; Schema: clinlims; Owner: clinlims; Tablespace: 
--

CREATE TABLE system_user_module (
    id numeric(10,0) NOT NULL,
    has_select character varying(1),
    has_add character varying(1),
    has_update character varying(1),
    has_delete character varying(1),
    system_user_id numeric(10,0),
    system_module_id numeric(10,0)
);


ALTER TABLE clinlims.system_user_module OWNER TO clinlims;

--
-- Name: COLUMN system_user_module.has_select; Type: COMMENT; Schema: clinlims; Owner: clinlims
--

COMMENT ON COLUMN system_user_module.has_select IS 'Flag indicating if this user has permission to enter this module';


--
-- Name: COLUMN system_user_module.has_add; Type: COMMENT; Schema: clinlims; Owner: clinlims
--

COMMENT ON COLUMN system_user_module.has_add IS 'Flag indicating if this user has permission to add a record';


--
-- Name: COLUMN system_user_module.has_update; Type: COMMENT; Schema: clinlims; Owner: clinlims
--

COMMENT ON COLUMN system_user_module.has_update IS 'Flag indicating if this person has permission to update a record';


--
-- Name: COLUMN system_user_module.has_delete; Type: COMMENT; Schema: clinlims; Owner: clinlims
--

COMMENT ON COLUMN system_user_module.has_delete IS 'Flag indicating if this person has permission to remove a record';


--
-- Name: system_user_module_seq; Type: SEQUENCE; Schema: clinlims; Owner: clinlims
--

CREATE SEQUENCE system_user_module_seq
    INCREMENT BY 1
    NO MAXVALUE
    MINVALUE 0
    CACHE 1;


ALTER TABLE clinlims.system_user_module_seq OWNER TO clinlims;

--
-- Name: system_user_module_seq; Type: SEQUENCE SET; Schema: clinlims; Owner: clinlims
--

SELECT pg_catalog.setval('system_user_module_seq', 313, true);


--
-- Name: system_user_role; Type: TABLE; Schema: clinlims; Owner: clinlims; Tablespace: 
--

CREATE TABLE system_user_role (
    system_user_id numeric(10,0) NOT NULL,
    role_id numeric(10,0) NOT NULL
);


ALTER TABLE clinlims.system_user_role OWNER TO clinlims;

--
-- Name: system_user_section; Type: TABLE; Schema: clinlims; Owner: clinlims; Tablespace: 
--

CREATE TABLE system_user_section (
    id numeric NOT NULL,
    has_view character varying(1),
    has_assign character varying(1),
    has_complete character varying(1),
    has_release character varying(1),
    has_cancel character varying(1),
    system_user_id numeric(10,0),
    test_section_id numeric(10,0)
);


ALTER TABLE clinlims.system_user_section OWNER TO clinlims;

--
-- Name: COLUMN system_user_section.has_view; Type: COMMENT; Schema: clinlims; Owner: clinlims
--

COMMENT ON COLUMN system_user_section.has_view IS 'Flag indicating if user has permission to iew this sections''s records';


--
-- Name: COLUMN system_user_section.has_assign; Type: COMMENT; Schema: clinlims; Owner: clinlims
--

COMMENT ON COLUMN system_user_section.has_assign IS 'Flag indicating if user has permission to assign this section''s tests';


--
-- Name: COLUMN system_user_section.has_complete; Type: COMMENT; Schema: clinlims; Owner: clinlims
--

COMMENT ON COLUMN system_user_section.has_complete IS 'Flag indicating if user has permission to complete this section''s tests';


--
-- Name: COLUMN system_user_section.has_release; Type: COMMENT; Schema: clinlims; Owner: clinlims
--

COMMENT ON COLUMN system_user_section.has_release IS 'Flag indicating if user has permission to release this section''s tests';


--
-- Name: COLUMN system_user_section.has_cancel; Type: COMMENT; Schema: clinlims; Owner: clinlims
--

COMMENT ON COLUMN system_user_section.has_cancel IS 'Flag indicating if user has permission to cancel this section''s tests';


--
-- Name: system_user_section_seq; Type: SEQUENCE; Schema: clinlims; Owner: clinlims
--

CREATE SEQUENCE system_user_section_seq
    START WITH 1
    INCREMENT BY 1
    NO MAXVALUE
    MINVALUE 0
    CACHE 1;


ALTER TABLE clinlims.system_user_section_seq OWNER TO clinlims;

--
-- Name: system_user_section_seq; Type: SEQUENCE SET; Schema: clinlims; Owner: clinlims
--

SELECT pg_catalog.setval('system_user_section_seq', 1, false);


--
-- Name: system_user_seq; Type: SEQUENCE; Schema: clinlims; Owner: clinlims
--

CREATE SEQUENCE system_user_seq
    INCREMENT BY 1
    NO MAXVALUE
    NO MINVALUE
    CACHE 1;


ALTER TABLE clinlims.system_user_seq OWNER TO clinlims;

--
-- Name: system_user_seq; Type: SEQUENCE SET; Schema: clinlims; Owner: clinlims
--

SELECT pg_catalog.setval('system_user_seq', 105, true);


--
-- Name: test_analyte; Type: TABLE; Schema: clinlims; Owner: clinlims; Tablespace: 
--

CREATE TABLE test_analyte (
    id numeric(10,0) NOT NULL,
    test_id numeric(10,0),
    analyte_id numeric(10,0),
    result_group numeric,
    sort_order numeric,
    testalyt_type character varying(1),
    lastupdated timestamp(6) without time zone,
    is_reportable character varying(1)
);


ALTER TABLE clinlims.test_analyte OWNER TO clinlims;

--
-- Name: COLUMN test_analyte.test_id; Type: COMMENT; Schema: clinlims; Owner: clinlims
--

COMMENT ON COLUMN test_analyte.test_id IS 'Sequential value assigned on insert';


--
-- Name: COLUMN test_analyte.result_group; Type: COMMENT; Schema: clinlims; Owner: clinlims
--

COMMENT ON COLUMN test_analyte.result_group IS 'A program generated group number';


--
-- Name: COLUMN test_analyte.sort_order; Type: COMMENT; Schema: clinlims; Owner: clinlims
--

COMMENT ON COLUMN test_analyte.sort_order IS 'The order in which the analytes are displayed (sort order)';


--
-- Name: COLUMN test_analyte.testalyt_type; Type: COMMENT; Schema: clinlims; Owner: clinlims
--

COMMENT ON COLUMN test_analyte.testalyt_type IS 'Type of analyte: required...';


--
-- Name: test_analyte_seq; Type: SEQUENCE; Schema: clinlims; Owner: clinlims
--

CREATE SEQUENCE test_analyte_seq
    INCREMENT BY 1
    NO MAXVALUE
    NO MINVALUE
    CACHE 1;


ALTER TABLE clinlims.test_analyte_seq OWNER TO clinlims;

--
-- Name: test_analyte_seq; Type: SEQUENCE SET; Schema: clinlims; Owner: clinlims
--

SELECT pg_catalog.setval('test_analyte_seq', 280, true);


--
-- Name: test_formats; Type: TABLE; Schema: clinlims; Owner: clinlims; Tablespace: 
--

CREATE TABLE test_formats (
    id numeric(10,0) NOT NULL,
    lastupdated timestamp(6) without time zone
);


ALTER TABLE clinlims.test_formats OWNER TO clinlims;

--
-- Name: test_hl7_code; Type: TABLE; Schema: clinlims; Owner: clinlims; Tablespace: 
--

CREATE TABLE test_hl7_code (
    test_id numeric(10,0) NOT NULL,
    encoding_type_id numeric(10,0) NOT NULL,
    code character varying(20) NOT NULL,
    lastupdated timestamp with time zone
);


ALTER TABLE clinlims.test_hl7_code OWNER TO clinlims;

--
-- Name: TABLE test_hl7_code; Type: COMMENT; Schema: clinlims; Owner: clinlims
--

COMMENT ON TABLE test_hl7_code IS 'For a given test and schema it gives the encoding';


--
-- Name: COLUMN test_hl7_code.test_id; Type: COMMENT; Schema: clinlims; Owner: clinlims
--

COMMENT ON COLUMN test_hl7_code.test_id IS 'The test for which the coding supports. FK to test table.';


--
-- Name: COLUMN test_hl7_code.encoding_type_id; Type: COMMENT; Schema: clinlims; Owner: clinlims
--

COMMENT ON COLUMN test_hl7_code.encoding_type_id IS 'The encoding type id of the code. FK to hl7_encoding_type table';


--
-- Name: COLUMN test_hl7_code.code; Type: COMMENT; Schema: clinlims; Owner: clinlims
--

COMMENT ON COLUMN test_hl7_code.code IS 'The actual code for the test in the given schema';


--
-- Name: test_reflex; Type: TABLE; Schema: clinlims; Owner: clinlims; Tablespace: 
--

CREATE TABLE test_reflex (
    id numeric(10,0) NOT NULL,
    tst_rslt_id numeric,
    flags character varying(10),
    lastupdated timestamp(6) without time zone,
    test_analyte_id numeric(10,0),
    test_id numeric(10,0),
    add_test_id numeric(10,0),
    sibling_reflex numeric(10,0),
    scriptlet_id numeric(10,0)
);


ALTER TABLE clinlims.test_reflex OWNER TO clinlims;

--
-- Name: COLUMN test_reflex.flags; Type: COMMENT; Schema: clinlims; Owner: clinlims
--

COMMENT ON COLUMN test_reflex.flags IS 'A string of 1 character codes: duplicate, auto-add';


--
-- Name: COLUMN test_reflex.sibling_reflex; Type: COMMENT; Schema: clinlims; Owner: clinlims
--

COMMENT ON COLUMN test_reflex.sibling_reflex IS 'Reference to tests and results for reflexes with more than one condition.  All add_test_ids should be the same';


--
-- Name: COLUMN test_reflex.scriptlet_id; Type: COMMENT; Schema: clinlims; Owner: clinlims
--

COMMENT ON COLUMN test_reflex.scriptlet_id IS 'If a non-test action should be taken then reference the scriptlet which says what to do';


--
-- Name: test_reflex_seq; Type: SEQUENCE; Schema: clinlims; Owner: clinlims
--

CREATE SEQUENCE test_reflex_seq
    INCREMENT BY 1
    NO MAXVALUE
    NO MINVALUE
    CACHE 1;


ALTER TABLE clinlims.test_reflex_seq OWNER TO clinlims;

--
-- Name: test_reflex_seq; Type: SEQUENCE SET; Schema: clinlims; Owner: clinlims
--

SELECT pg_catalog.setval('test_reflex_seq', 6, true);


--
-- Name: test_result; Type: TABLE; Schema: clinlims; Owner: clinlims; Tablespace: 
--

CREATE TABLE test_result (
    id numeric NOT NULL,
    test_id numeric(10,0) NOT NULL,
    result_group numeric,
    flags character varying(10),
    tst_rslt_type character varying(1),
    value character varying(80),
    significant_digits numeric DEFAULT 0,
    quant_limit character varying(30),
    cont_level character varying(30),
    lastupdated timestamp(6) without time zone,
    scriptlet_id numeric(10,0),
    sort_order numeric(22,0)
);


ALTER TABLE clinlims.test_result OWNER TO clinlims;

--
-- Name: COLUMN test_result.test_id; Type: COMMENT; Schema: clinlims; Owner: clinlims
--

COMMENT ON COLUMN test_result.test_id IS 'Sequential value assigned on insert';


--
-- Name: COLUMN test_result.result_group; Type: COMMENT; Schema: clinlims; Owner: clinlims
--

COMMENT ON COLUMN test_result.result_group IS 'the test_analyte result_group number';


--
-- Name: COLUMN test_result.flags; Type: COMMENT; Schema: clinlims; Owner: clinlims
--

COMMENT ON COLUMN test_result.flags IS 'a string of 1 character codes: Positive, Reportable...';


--
-- Name: COLUMN test_result.tst_rslt_type; Type: COMMENT; Schema: clinlims; Owner: clinlims
--

COMMENT ON COLUMN test_result.tst_rslt_type IS 'Type of parameter: Dictionary, Titer Range, Number Range, Date';


--
-- Name: COLUMN test_result.value; Type: COMMENT; Schema: clinlims; Owner: clinlims
--

COMMENT ON COLUMN test_result.value IS 'Possible result value based on type';


--
-- Name: COLUMN test_result.significant_digits; Type: COMMENT; Schema: clinlims; Owner: clinlims
--

COMMENT ON COLUMN test_result.significant_digits IS 'Number of decimal digits';


--
-- Name: COLUMN test_result.quant_limit; Type: COMMENT; Schema: clinlims; Owner: clinlims
--

COMMENT ON COLUMN test_result.quant_limit IS 'Quantitation Limit (if any)';


--
-- Name: COLUMN test_result.cont_level; Type: COMMENT; Schema: clinlims; Owner: clinlims
--

COMMENT ON COLUMN test_result.cont_level IS 'Contamination Level (if any)';


--
-- Name: test_result_seq; Type: SEQUENCE; Schema: clinlims; Owner: clinlims
--

CREATE SEQUENCE test_result_seq
    INCREMENT BY 1
    NO MAXVALUE
    NO MINVALUE
    CACHE 1;


ALTER TABLE clinlims.test_result_seq OWNER TO clinlims;

--
-- Name: test_result_seq; Type: SEQUENCE SET; Schema: clinlims; Owner: clinlims
--

SELECT pg_catalog.setval('test_result_seq', 959, true);


--
-- Name: test_section_seq; Type: SEQUENCE; Schema: clinlims; Owner: clinlims
--

CREATE SEQUENCE test_section_seq
    INCREMENT BY 1
    NO MAXVALUE
    NO MINVALUE
    CACHE 20;


ALTER TABLE clinlims.test_section_seq OWNER TO clinlims;

--
-- Name: test_section_seq; Type: SEQUENCE SET; Schema: clinlims; Owner: clinlims
--

SELECT pg_catalog.setval('test_section_seq', 95, true);


--
-- Name: test_seq; Type: SEQUENCE; Schema: clinlims; Owner: clinlims
--

CREATE SEQUENCE test_seq
    INCREMENT BY 1
    NO MAXVALUE
    NO MINVALUE
    CACHE 1;


ALTER TABLE clinlims.test_seq OWNER TO clinlims;

--
-- Name: test_seq; Type: SEQUENCE SET; Schema: clinlims; Owner: clinlims
--

SELECT pg_catalog.setval('test_seq', 234, true);


--
-- Name: test_trailer; Type: TABLE; Schema: clinlims; Owner: clinlims; Tablespace: 
--

CREATE TABLE test_trailer (
    id numeric(10,0) NOT NULL,
    name character varying(20),
    description character varying(60),
    text character varying(4000),
    lastupdated timestamp(6) without time zone
);


ALTER TABLE clinlims.test_trailer OWNER TO clinlims;

--
-- Name: test_trailer_seq; Type: SEQUENCE; Schema: clinlims; Owner: clinlims
--

CREATE SEQUENCE test_trailer_seq
    START WITH 2
    INCREMENT BY 1
    NO MAXVALUE
    NO MINVALUE
    CACHE 1;


ALTER TABLE clinlims.test_trailer_seq OWNER TO clinlims;

--
-- Name: test_trailer_seq; Type: SEQUENCE SET; Schema: clinlims; Owner: clinlims
--

SELECT pg_catalog.setval('test_trailer_seq', 2, false);


--
-- Name: test_worksheet_item; Type: TABLE; Schema: clinlims; Owner: clinlims; Tablespace: 
--

CREATE TABLE test_worksheet_item (
    id numeric(10,0) NOT NULL,
    tw_id numeric(10,0) NOT NULL,
    qc_id numeric,
    "position" numeric,
    cell_type character varying(2)
);


ALTER TABLE clinlims.test_worksheet_item OWNER TO clinlims;

--
-- Name: COLUMN test_worksheet_item."position"; Type: COMMENT; Schema: clinlims; Owner: clinlims
--

COMMENT ON COLUMN test_worksheet_item."position" IS 'Well location or position within the batch';


--
-- Name: COLUMN test_worksheet_item.cell_type; Type: COMMENT; Schema: clinlims; Owner: clinlims
--

COMMENT ON COLUMN test_worksheet_item.cell_type IS 'Cell/position type: First, random, duplicate last, last run';


--
-- Name: test_worksheets; Type: TABLE; Schema: clinlims; Owner: clinlims; Tablespace: 
--

CREATE TABLE test_worksheets (
    id numeric(10,0) NOT NULL,
    test_id numeric(10,0),
    batch_capacity numeric,
    total_capacity numeric,
    number_format character varying(1)
);


ALTER TABLE clinlims.test_worksheets OWNER TO clinlims;

--
-- Name: COLUMN test_worksheets.test_id; Type: COMMENT; Schema: clinlims; Owner: clinlims
--

COMMENT ON COLUMN test_worksheets.test_id IS 'Sequential value assigned on insert';


--
-- Name: COLUMN test_worksheets.batch_capacity; Type: COMMENT; Schema: clinlims; Owner: clinlims
--

COMMENT ON COLUMN test_worksheets.batch_capacity IS 'number of samples (including QC) per batch/plate';


--
-- Name: COLUMN test_worksheets.total_capacity; Type: COMMENT; Schema: clinlims; Owner: clinlims
--

COMMENT ON COLUMN test_worksheets.total_capacity IS 'Number of samples (including QC) per worksheet';


--
-- Name: COLUMN test_worksheets.number_format; Type: COMMENT; Schema: clinlims; Owner: clinlims
--

COMMENT ON COLUMN test_worksheets.number_format IS 'Specifies the numbering scheme for worksheet cell';


--
-- Name: tobereomved_seq; Type: SEQUENCE; Schema: clinlims; Owner: clinlims
--

CREATE SEQUENCE tobereomved_seq
    START WITH 1
    INCREMENT BY 1
    NO MAXVALUE
    NO MINVALUE
    CACHE 1;


ALTER TABLE clinlims.tobereomved_seq OWNER TO clinlims;

--
-- Name: tobereomved_seq; Type: SEQUENCE SET; Schema: clinlims; Owner: clinlims
--

SELECT pg_catalog.setval('tobereomved_seq', 1, false);


--
-- Name: type_of_provider; Type: TABLE; Schema: clinlims; Owner: clinlims; Tablespace: 
--

CREATE TABLE type_of_provider (
    id numeric(10,0) NOT NULL,
    description character varying(240),
    tp_code character varying(1)
);


ALTER TABLE clinlims.type_of_provider OWNER TO clinlims;

--
-- Name: COLUMN type_of_provider.id; Type: COMMENT; Schema: clinlims; Owner: clinlims
--

COMMENT ON COLUMN type_of_provider.id IS 'A unique auto generated integer number assigned by the database.';


--
-- Name: COLUMN type_of_provider.description; Type: COMMENT; Schema: clinlims; Owner: clinlims
--

COMMENT ON COLUMN type_of_provider.description IS 'Description such as doctor, nurse, clinician, veteranarian.';


--
-- Name: type_of_sample_seq; Type: SEQUENCE; Schema: clinlims; Owner: clinlims
--

CREATE SEQUENCE type_of_sample_seq
    INCREMENT BY 1
    NO MAXVALUE
    NO MINVALUE
    CACHE 1;


ALTER TABLE clinlims.type_of_sample_seq OWNER TO clinlims;

--
-- Name: type_of_sample_seq; Type: SEQUENCE SET; Schema: clinlims; Owner: clinlims
--

SELECT pg_catalog.setval('type_of_sample_seq', 25, true);


--
-- Name: type_of_test_result; Type: TABLE; Schema: clinlims; Owner: clinlims; Tablespace: 
--

CREATE TABLE type_of_test_result (
    id numeric(10,0) NOT NULL,
    test_result_type character varying(1),
    description character varying(20),
    lastupdated timestamp(6) without time zone,
    hl7_value character varying(20)
);


ALTER TABLE clinlims.type_of_test_result OWNER TO clinlims;

--
-- Name: COLUMN type_of_test_result.id; Type: COMMENT; Schema: clinlims; Owner: clinlims
--

COMMENT ON COLUMN type_of_test_result.id IS 'A unique auto generated integer number assigned by database';


--
-- Name: COLUMN type_of_test_result.test_result_type; Type: COMMENT; Schema: clinlims; Owner: clinlims
--

COMMENT ON COLUMN type_of_test_result.test_result_type IS 'Test Result Type (T, N, D)';


--
-- Name: COLUMN type_of_test_result.description; Type: COMMENT; Schema: clinlims; Owner: clinlims
--

COMMENT ON COLUMN type_of_test_result.description IS 'Human readable description';


--
-- Name: type_of_test_result_seq; Type: SEQUENCE; Schema: clinlims; Owner: clinlims
--

CREATE SEQUENCE type_of_test_result_seq
    INCREMENT BY 1
    NO MAXVALUE
    NO MINVALUE
    CACHE 1;


ALTER TABLE clinlims.type_of_test_result_seq OWNER TO clinlims;

--
-- Name: type_of_test_result_seq; Type: SEQUENCE SET; Schema: clinlims; Owner: clinlims
--

SELECT pg_catalog.setval('type_of_test_result_seq', 6, true);


--
-- Name: unit_of_measure; Type: TABLE; Schema: clinlims; Owner: clinlims; Tablespace: 
--

CREATE TABLE unit_of_measure (
    id numeric(10,0) NOT NULL,
    name character varying(20),
    description character varying(60),
    lastupdated timestamp(6) without time zone
);


ALTER TABLE clinlims.unit_of_measure OWNER TO clinlims;

--
-- Name: COLUMN unit_of_measure.name; Type: COMMENT; Schema: clinlims; Owner: clinlims
--

COMMENT ON COLUMN unit_of_measure.name IS 'Name of Unit';


--
-- Name: COLUMN unit_of_measure.description; Type: COMMENT; Schema: clinlims; Owner: clinlims
--

COMMENT ON COLUMN unit_of_measure.description IS 'Description of Unit';


--
-- Name: unit_of_measure_seq; Type: SEQUENCE; Schema: clinlims; Owner: clinlims
--

CREATE SEQUENCE unit_of_measure_seq
    INCREMENT BY 1
    NO MAXVALUE
    NO MINVALUE
    CACHE 1;


ALTER TABLE clinlims.unit_of_measure_seq OWNER TO clinlims;

--
-- Name: unit_of_measure_seq; Type: SEQUENCE SET; Schema: clinlims; Owner: clinlims
--

SELECT pg_catalog.setval('unit_of_measure_seq', 28, true);


--
-- Name: user_alert_map; Type: TABLE; Schema: clinlims; Owner: clinlims; Tablespace: 
--

CREATE TABLE user_alert_map (
    user_id integer NOT NULL,
    alert_id integer,
    report_id integer,
    alert_limit integer,
    alert_operator character varying(255),
    map_id integer NOT NULL
);


ALTER TABLE clinlims.user_alert_map OWNER TO clinlims;

--
-- Name: user_group_map; Type: TABLE; Schema: clinlims; Owner: clinlims; Tablespace: 
--

CREATE TABLE user_group_map (
    user_id integer NOT NULL,
    group_id integer NOT NULL,
    map_id integer NOT NULL
);


ALTER TABLE clinlims.user_group_map OWNER TO clinlims;

--
-- Name: user_security; Type: TABLE; Schema: clinlims; Owner: clinlims; Tablespace: 
--

CREATE TABLE user_security (
    user_id integer NOT NULL,
    role_name character varying(255)
);


ALTER TABLE clinlims.user_security OWNER TO clinlims;

--
-- Name: worksheet_analysis; Type: TABLE; Schema: clinlims; Owner: clinlims; Tablespace: 
--

CREATE TABLE worksheet_analysis (
    id numeric(10,0) NOT NULL,
    reference_type character(1),
    reference_id numeric,
    worksheet_item_id numeric(10,0)
);


ALTER TABLE clinlims.worksheet_analysis OWNER TO clinlims;

--
-- Name: COLUMN worksheet_analysis.reference_type; Type: COMMENT; Schema: clinlims; Owner: clinlims
--

COMMENT ON COLUMN worksheet_analysis.reference_type IS 'Flag indicating if reference points to analysis or QC';


--
-- Name: COLUMN worksheet_analysis.reference_id; Type: COMMENT; Schema: clinlims; Owner: clinlims
--

COMMENT ON COLUMN worksheet_analysis.reference_id IS 'ID of analysis or QC';


--
-- Name: worksheet_analyte; Type: TABLE; Schema: clinlims; Owner: clinlims; Tablespace: 
--

CREATE TABLE worksheet_analyte (
    id numeric NOT NULL,
    wrkst_anls_id numeric(10,0),
    sort_order numeric,
    result_id numeric(10,0)
);


ALTER TABLE clinlims.worksheet_analyte OWNER TO clinlims;

--
-- Name: COLUMN worksheet_analyte.sort_order; Type: COMMENT; Schema: clinlims; Owner: clinlims
--

COMMENT ON COLUMN worksheet_analyte.sort_order IS 'The order worksheet analytes are displayed (sort order)';


--
-- Name: worksheet_heading; Type: TABLE; Schema: clinlims; Owner: clinlims; Tablespace: 
--

CREATE TABLE worksheet_heading (
    id numeric(10,0),
    worksheet_name character varying(20),
    rownumber numeric(10,0),
    column1 character varying(50),
    column2 character varying(50),
    column3 character varying(50),
    column4 character varying(50),
    column5 character varying(50),
    column6 character varying(50),
    column7 character varying(50),
    column8 character varying(50),
    column9 character varying(50),
    column10 character varying(50),
    type character varying(20)
);


ALTER TABLE clinlims.worksheet_heading OWNER TO clinlims;

--
-- Name: worksheet_item; Type: TABLE; Schema: clinlims; Owner: clinlims; Tablespace: 
--

CREATE TABLE worksheet_item (
    id numeric(10,0) NOT NULL,
    "position" numeric,
    worksheet_id numeric(10,0)
);


ALTER TABLE clinlims.worksheet_item OWNER TO clinlims;

--
-- Name: worksheet_qc; Type: TABLE; Schema: clinlims; Owner: clinlims; Tablespace: 
--

CREATE TABLE worksheet_qc (
    id numeric NOT NULL,
    sort_order numeric,
    wq_type character varying(1),
    value character varying(80),
    worksheet_analysis_id numeric(10,0),
    qc_analyte_id numeric(10,0)
);


ALTER TABLE clinlims.worksheet_qc OWNER TO clinlims;

--
-- Name: COLUMN worksheet_qc.sort_order; Type: COMMENT; Schema: clinlims; Owner: clinlims
--

COMMENT ON COLUMN worksheet_qc.sort_order IS 'The order worksheet analystes are displayed (sort order)';


--
-- Name: COLUMN worksheet_qc.wq_type; Type: COMMENT; Schema: clinlims; Owner: clinlims
--

COMMENT ON COLUMN worksheet_qc.wq_type IS 'Type of result: dictionary, titer, number...';


--
-- Name: COLUMN worksheet_qc.value; Type: COMMENT; Schema: clinlims; Owner: clinlims
--

COMMENT ON COLUMN worksheet_qc.value IS 'Result value';


--
-- Name: worksheets; Type: TABLE; Schema: clinlims; Owner: clinlims; Tablespace: 
--

CREATE TABLE worksheets (
    id numeric(10,0) NOT NULL,
    sys_user_id numeric(10,0) NOT NULL,
    test_id numeric(10,0),
    created timestamp without time zone,
    status character varying(1),
    number_format character varying(1)
);


ALTER TABLE clinlims.worksheets OWNER TO clinlims;

--
-- Name: COLUMN worksheets.sys_user_id; Type: COMMENT; Schema: clinlims; Owner: clinlims
--

COMMENT ON COLUMN worksheets.sys_user_id IS 'Sequential Identifier';


--
-- Name: COLUMN worksheets.test_id; Type: COMMENT; Schema: clinlims; Owner: clinlims
--

COMMENT ON COLUMN worksheets.test_id IS 'Sequential value assigned on insert';


--
-- Name: zip_code_seq; Type: SEQUENCE; Schema: clinlims; Owner: clinlims
--

CREATE SEQUENCE zip_code_seq
    START WITH 1
    INCREMENT BY 1
    NO MAXVALUE
    NO MINVALUE
    CACHE 1;


ALTER TABLE clinlims.zip_code_seq OWNER TO clinlims;

--
-- Name: zip_code_seq; Type: SEQUENCE SET; Schema: clinlims; Owner: clinlims
--

SELECT pg_catalog.setval('zip_code_seq', 1, false);


--
-- Data for Name: action; Type: TABLE DATA; Schema: clinlims; Owner: clinlims
--

COPY action (id, code, description, type, lastupdated) FROM stdin;
1	FSR	Fee sticker received	resolving	2007-08-21 16:48:38.434
2	CDC	Collection date corrected	resolving	2007-08-21 15:58:29.117
3	RQSOC	Request source corrected	resolving	2007-08-21 14:11:01.737
4	SNAC	Submitter name corrected	resolving	2007-08-21 14:21:11.696
26	DLRQR	Delayed request form received	internal	2008-01-11 04:17:09.054
25	CMRE	Communication reviewed	internal	2008-05-01 21:38:41.775
27	DURPS	Duplicate report to submitter	message	2008-01-11 04:22:59.507
28	SPDC	Specimen discarded	internal	2008-01-11 04:20:13.235
29	SCL	Submitter was called	message	2008-01-11 04:22:33.637
30	SPSOC	Specimen source corrected	internal	2008-01-11 04:24:33.863
31	DLRQRQ	Delayed request form requested	message	2008-01-11 04:46:58.057
32	RPDF	Report placed in dead file	internal	2008-01-11 04:47:25.498
33	RQIDC	Request form ID corrected	internal	2008-01-11 04:47:57.136
34	SPCA	Specimen canceled	internal	2008-01-11 04:48:25.614
35	SPIDC	Specimen ID corrected	internal	2008-01-11 04:48:47.451
36	SPUNS	Specimen declared unsatisfactory	internal	2008-01-11 04:49:13.262
\.


--
-- Data for Name: analysis; Type: TABLE DATA; Schema: clinlims; Owner: clinlims
--

COPY analysis (id, sampitem_id, test_sect_id, test_id, revision, status, started_date, completed_date, released_date, printed_date, is_reportable, so_send_ready_date, so_client_reference, so_notify_received_date, so_notify_send_date, so_send_date, so_send_entry_by, so_send_entry_date, analysis_type, lastupdated, parent_analysis_id, parent_result_id, reflex_trigger, status_id) FROM stdin;
\.


--
-- Data for Name: analysis_qaevent; Type: TABLE DATA; Schema: clinlims; Owner: clinlims
--

COPY analysis_qaevent (id, qa_event_id, analysis_id, lastupdated, completed_date) FROM stdin;
\.


--
-- Data for Name: analysis_qaevent_action; Type: TABLE DATA; Schema: clinlims; Owner: clinlims
--

COPY analysis_qaevent_action (id, analysis_qaevent_id, action_id, created_date, lastupdated, sys_user_id) FROM stdin;
\.


--
-- Data for Name: analysis_storages; Type: TABLE DATA; Schema: clinlims; Owner: clinlims
--

COPY analysis_storages (id, storage_id, checkin, checkout, analysis_id) FROM stdin;
\.


--
-- Data for Name: analysis_users; Type: TABLE DATA; Schema: clinlims; Owner: clinlims
--

COPY analysis_users (id, action, analysis_id, system_user_id) FROM stdin;
\.


--
-- Data for Name: analyte; Type: TABLE DATA; Schema: clinlims; Owner: clinlims
--

COPY analyte (id, analyte_id, name, is_active, external_id, lastupdated, local_abbrev) FROM stdin;
44	\N	HIV-2 Result	Y	\N	2007-05-15 13:29:44.989	\N
62	\N	MEP Agar	Y	\N	2007-10-09 08:38:25.01	\N
63	\N	MYP Agar	Y	\N	2007-10-09 08:38:31.459	\N
64	\N	PLET Agar	Y	\N	2007-10-09 08:38:41.299	\N
65	\N	SBA Agar	Y	\N	2007-10-09 08:38:49.58	\N
67	\N	Extraction Kit	Y	\N	2007-12-10 09:04:09.124	\N
68	\N	Amplification Kit	Y	\N	2007-12-10 09:04:16.37	\N
69	\N	Light Cycler	Y	\N	2007-12-10 09:04:24.964	\N
70	\N	ABI 7000	Y	\N	2007-12-10 09:04:36.709	\N
71	\N	i Cycler	Y	\N	2007-12-10 09:04:56.821	\N
72	\N	ABI 7500	Y	\N	2007-12-10 09:05:04.01	\N
73	\N	DFA Capsule Antigen Detection	Y	\N	2007-12-10 09:05:41.24	\N
74	\N	DFA Cell Wall Detection	Y	\N	2007-12-10 09:06:56.313	\N
78	\N	Dilution 1:10	N	\N	2007-12-27 03:05:58.517	\N
89	\N	TRF Spore Detection Interpretation	Y	\N	2007-12-27 05:34:16.557	\N
90	\N	TRF Cell Detection Data Value	Y	\N	2007-12-27 05:34:57.18	\N
91	\N	TRF Cell Detection Result	Y	\N	2007-12-27 05:35:11.751	\N
92	\N	TRF Cell Detection Interpretation	Y	\N	2007-12-27 05:35:25.667	\N
1	\N	Influenza Virus B RNA	Y	\N	2007-02-02 14:09:33.524	\N
45	\N	Final HIV Interpretation 	Y	\N	2007-05-15 13:30:15.23	\N
47	\N	Penicillin	Y	\N	2007-05-18 09:41:04.107	\N
48	\N	Ceftriaxone	Y	\N	2007-05-18 09:41:14.295	\N
49	\N	Ciprofloxacin 	Y	\N	2007-05-18 09:43:17.764	\N
50	\N	Spectinomycin	Y	\N	2007-05-18 09:43:30.214	\N
43	\N	HIV-1 Result	Y	\N	2007-05-15 13:29:33.206	\N
51	\N	Tetracycline	Y	\N	2007-05-18 09:43:37.86	\N
52	\N	Cefixime	Y	\N	2007-05-18 09:43:52.144	\N
53	\N	Azithromycin	Y	\N	2007-05-18 09:44:01.789	\N
15	\N	Isoniazid 0.4 mcg.ml	Y	\N	2007-02-13 14:30:20.194	\N
16	\N	Streptomycin 2.0 mcg/ml	Y	\N	2007-02-13 14:30:43.17	\N
17	\N	Ethambutol 2.5 mcg/ml	Y	\N	2007-02-13 14:30:58.832	\N
18	\N	Pyrazinamide 100 mcg/ml	Y	\N	2007-02-13 14:32:46.073	\N
19	\N	DFA Capsule Antigen Detection from Isolate	Y	\N	2007-12-11 03:56:08.454	\N
8	\N	Respiratory Syncytial Virus A RNA	Y	\N	2007-02-02 14:13:44.532	\N
9	\N	Respiratory Syncytial Virus B RNA	Y	\N	2007-02-02 14:13:56.705	\N
20	\N	DFA Cell Wall Detection from Isolate	Y	\N	2007-12-11 03:56:47.987	\N
38	\N	Comment 8	Y	\N	2007-04-02 09:05:17.216	\N
41	\N	Titer	Y	\N	2007-05-03 15:59:07.522	\N
22	\N	Preliminary Result	Y	\N	2007-03-28 14:00:45.933	\N
23	\N	Result 4	Y	\N	2007-03-28 14:00:51.064	\N
24	\N	Result 5	Y	\N	2007-03-28 14:01:00.965	\N
25	\N	Result 6	Y	\N	2007-03-28 14:01:05.352	\N
26	\N	Result 7	Y	\N	2007-03-28 14:01:16.014	\N
27	\N	Result 8	Y	\N	2007-03-28 14:01:20.594	\N
28	\N	Result 9	Y	\N	2007-03-28 14:01:31.066	\N
29	\N	Preliminary Result Modifier	Y	\N	2007-03-28 16:22:57.579	\N
30	\N	Final Result Modifier	Y	\N	2007-03-28 16:22:21.34	\N
208	\N	Influenza Virus A/H3 RNA	Y	\N	2006-09-07 08:32:05	\N
209	\N	Influenza Virus A/H5 RNA	Y	\N	2006-09-07 08:32:21	\N
210	\N	Influenza Virus A/H7 RNA	Y	\N	2006-10-13 10:34:13.207	\N
211	\N	Influenza Virus A/H9 RNA	Y	\N	2008-01-23 08:02:52.021	\N
212	\N	Final Result	Y	\N	2006-09-07 08:34:31	\N
213	\N	Presumptive Result	Y	\N	2006-09-07 08:34:40	\N
214	\N	Result 1	Y	\N	2006-11-07 08:11:16	\N
215	\N	Result 2	Y	\N	2006-10-20 13:28:24	\N
216	\N	Result 3	Y	\N	2006-10-20 13:28:30	\N
217	\N	Interpretation	Y	\N	2006-09-07 08:35:29	\N
21	\N	Comment	Y	\N	2007-02-27 11:09:27.335	\N
54	\N	Gentamycin Interpretation	Y	\N	2007-06-20 10:01:45.134	\N
220	\N	BAND GP160	Y	\N	2006-10-18 09:19:37.724	\N
221	\N	BAND GP120	Y	\N	2006-10-18 09:19:38.505	\N
222	\N	BAND P65	Y	\N	2006-09-07 08:39:02	\N
223	\N	BAND P55	Y	\N	2006-09-07 08:39:12	\N
224	\N	BAND P51	Y	\N	2006-09-07 08:39:22	\N
225	\N	BAND GP41	Y	\N	2006-10-18 09:19:37.302	\N
226	\N	BAND P40	Y	\N	2006-11-07 13:55:36.669	\N
227	\N	BAND P31	Y	\N	2006-11-06 13:15:38.449	\N
228	\N	BAND P24	Y	\N	2006-11-06 13:15:29.222	\N
229	\N	BAND P18	Y	\N	2006-11-08 08:09:44.805	\N
246	\N	Rnase P Interpretation	Y	\N	2006-09-18 10:27:21	\N
251	\N	Result Status	Y	\N	2006-10-10 09:27:45	\N
252	\N	Probability	Y	\N	2006-10-03 10:24:02	\N
271	\N	Modifier 1	Y	\N	2006-10-20 09:28:32	\N
272	\N	Modifier 2	Y	\N	2006-10-20 09:28:37	\N
273	\N	Modifier 3	Y	\N	2006-10-20 09:28:42	\N
274	\N	Result Status 1	Y	\N	2006-10-20 09:28:51	\N
275	\N	Result Status 2	Y	\N	2006-10-20 09:28:59	\N
276	\N	Result Status 3	Y	\N	2006-10-20 09:29:06	\N
206	\N	Influenza Virus A RNA	Y	\N	2007-02-02 14:19:32.675	\N
207	\N	Influenza Virus A/H1 RNA	Y	\N	2006-09-07 08:31:50	\N
240	\N	BA2 CT value	Y	\N	2006-10-18 09:19:43.005	\N
244	\N	Extraction Method	Y	\N	2006-09-20 16:26:23	\N
245	\N	16S Interpretation	Y	\N	2006-10-25 11:21:09.457	\N
40	\N	Agent	Y	\N	2007-04-12 09:42:50.799	\N
249	\N	Modifier	Y	\N	2006-10-02 10:23:08	\N
250	\N	Quantity	Y	\N	2006-10-03 09:12:43	\N
253	\N	Method	Y	\N	2006-11-08 10:28:43	\N
266	\N	Capsule M-Fadyean	Y	\N	2006-10-11 13:51:30	\N
234	\N	BA3 interpretation	Y	\N	2006-10-18 09:19:39.302	\N
235	\N	16S CT value	Y	\N	2007-06-18 08:49:51.801	\N
232	\N	BA1 interpretation	Y	\N	2006-10-18 09:19:44.442	\N
233	\N	BA2 interpretation	Y	\N	2006-10-18 09:19:42.067	\N
236	\N	Rnase P CT value	Y	\N	2006-10-13 09:57:57.558	\N
237	\N	Result	Y	\N	2006-09-18 10:03:34	\N
46	\N	Western Blot Interpretation	Y	\N	2007-05-15 13:48:03.305	\N
239	\N	BA1 CT value	Y	\N	2006-10-23 14:12:56.284	\N
241	\N	BA3 CT value	Y	\N	2006-10-18 09:19:40.583	\N
242	\N	TRF Spore Detection Dilution	Y	\N	2007-12-27 05:33:28.883	\N
243	\N	TRF Cell Detection Dilution	Y	\N	2007-12-27 05:34:38.238	\N
247	\N	Disclaimer	Y	\N	2006-09-20 16:26:06	\N
256	\N	Rifampin 2.0 mcg/ml	Y	\N	2006-10-10 09:29:37	\N
55	\N	Kanamycin Interpretation	Y	\N	2007-06-20 10:02:26.74	\N
255	\N	Rifampin 1.0 mcg/ml	Y	\N	2006-10-10 09:29:21	\N
257	\N	Isoniazid 0.1 mcg/ml	Y	\N	2006-10-10 09:29:54	\N
258	\N	Colony Morphology	Y	\N	2006-10-11 13:49:58	\N
259	\N	Hemolysis	Y	\N	2006-10-11 13:50:05	\N
260	\N	Gram stain	Y	\N	2006-10-11 13:50:12	\N
261	\N	Motility wet mount	Y	\N	2006-10-11 13:50:35	\N
262	\N	Gamma phage	Y	\N	2006-10-11 13:50:43	\N
263	\N	DFA capsule from specimen	N	\N	2007-12-10 09:06:14.825	\N
264	\N	DFA cell wall from specimen	N	\N	2007-12-10 09:06:14.846	\N
265	\N	Capsule India Ink	Y	\N	2006-10-11 13:51:06	\N
267	\N	Capsule bicarbonate	Y	\N	2006-10-11 13:51:40	\N
268	\N	Catalase	Y	\N	2006-10-11 13:51:46	\N
269	\N	Malachite green for spores	Y	\N	2006-10-11 13:51:57	\N
270	\N	Wet mount for spores	Y	\N	2006-10-11 13:52:38	\N
31	\N	Comment 1	Y	\N	2007-04-02 09:04:22.529	\N
32	\N	Comment 2	Y	\N	2007-04-02 09:04:28.801	\N
33	\N	Comment 3	Y	\N	2007-04-02 09:04:41.088	\N
34	\N	Comment 4	Y	\N	2007-04-02 09:04:46.92	\N
35	\N	Comment 5	Y	\N	2007-04-02 09:04:56.112	\N
36	\N	Comment 6	Y	\N	2007-04-02 09:05:01.84	\N
37	\N	Comment 7	Y	\N	2007-04-02 09:05:08.789	\N
39	\N	Comment 9	Y	\N	2007-04-02 09:05:21.50	\N
56	\N	Gentamycin	Y	\N	2007-06-20 10:02:52.199	\N
57	\N	Kanamycin	Y	\N	2007-06-20 10:03:02.449	\N
58	\N	Motility Standard Media	Y	\N	2007-10-02 08:38:33.138	\N
59	\N	Standard Motility Media	Y	\N	2007-10-09 08:37:56.727	\N
60	\N	Chocolate Agar	Y	\N	2007-10-09 08:38:11.08	\N
61	\N	DEA Agar	Y	\N	2007-10-09 08:38:17.659	\N
66	\N	Test Moiety	Y	\N	2007-12-10 09:03:38.415	\N
75	\N	Choose Equipment	Y	\N	2007-12-11 05:35:57.035	\N
76	\N	Previous FTA Reactivity	Y	\N	2007-12-27 02:40:54.886	\N
77	\N	Fluorescence Grading	Y	\N	2007-12-27 02:41:18.215	\N
79	\N	E. coli 25922	Y	\N	2007-12-27 03:34:33.647	\N
80	\N	P. aeruginosa	Y	\N	2007-12-27 03:39:41.842	\N
81	\N	S. aureus	Y	\N	2007-12-27 03:34:57.55	\N
82	\N	Susceptible	N	\N	2007-12-27 03:41:45.362	\N
83	\N	Nonsusceptible - Contact CDC for confirmation of resistance	N	\N	2007-12-27 03:41:30.012	\N
84	\N	Test Not Performed	N	\N	2007-12-27 03:41:50.671	\N
85	\N	No Pass	Y	\N	2007-12-27 03:36:31.375	\N
86	\N	Pass	Y	\N	2007-12-27 03:36:35.561	\N
87	\N	TRF Spore Detection Date Value	Y	\N	2007-12-27 05:33:47.18	\N
88	\N	TRF Spore Detection Result	Y	\N	2007-12-27 05:34:05.441	\N
93	\N	test kit	Y		2009-04-03 10:15:45.64	TESTKIT
94	\N	Conclusion	Y	\N	2010-10-28 06:12:42.031482	\N
95	\N	generated CD4 Count	Y	\N	2010-10-28 06:13:55.508252	\N
96	\N	VIH Test - Collodial Gold/Shangai Kehua Result	Y	\N	2011-02-02 11:55:53.383208	\N
97	\N	Determine Result	Y	\N	2011-02-02 11:55:53.383208	\N
\.


--
-- Data for Name: analyzer; Type: TABLE DATA; Schema: clinlims; Owner: clinlims
--

COPY analyzer (id, scrip_id, name, machine_id, description, analyzer_type, is_active, location, lastupdated) FROM stdin;
1	\N	sysmex	1	bootstrap machine	\N	t	\N	2009-11-25 15:35:31.343118
3	\N	cobas_integra	\N	cobas_integra	\N	t	\N	2009-12-14 15:35:31.34118
\.


--
-- Data for Name: analyzer_result_status; Type: TABLE DATA; Schema: clinlims; Owner: clinlims
--

COPY analyzer_result_status (id, name, description) FROM stdin;
1	NOT_REVIEWED	The result has not yet been reviewed by the user
2	ACCEPTED	The result has been reviewed and accepted by the user
3	DECLINED	The result has been reviewed and not accepted by the user
4	MATCHING_ACCESSION_NOT_FOUND	The Lab No does not exist in the system
5	MATCHING_TEST_NOT_FOUND	The Lab No exists but the test has not been entered
6	TEST_MAPPING_NOT_FOUND	The test name from the analyzer is not recognized
7	ERROR	The result sent from the analyzer can not be understood
\.


--
-- Data for Name: analyzer_results; Type: TABLE DATA; Schema: clinlims; Owner: clinlims
--

COPY analyzer_results (id, analyzer_id, accession_number, test_name, result, units, status_id, iscontrol, lastupdated, read_only, test_id, duplicate_id, positive, complete_date) FROM stdin;
\.


--
-- Data for Name: analyzer_test_map; Type: TABLE DATA; Schema: clinlims; Owner: clinlims
--

COPY analyzer_test_map (analyzer_id, analyzer_test_name, test_id) FROM stdin;
\.


--
-- Data for Name: animal_common_name; Type: TABLE DATA; Schema: clinlims; Owner: clinlims
--

COPY animal_common_name (id, name) FROM stdin;
\.


--
-- Data for Name: animal_scientific_name; Type: TABLE DATA; Schema: clinlims; Owner: clinlims
--

COPY animal_scientific_name (id, comm_anim_id, name) FROM stdin;
\.


--
-- Data for Name: attachment; Type: TABLE DATA; Schema: clinlims; Owner: clinlims
--

COPY attachment (id, attach_type, filename, description, storage_reference) FROM stdin;
\.


--
-- Data for Name: attachment_item; Type: TABLE DATA; Schema: clinlims; Owner: clinlims
--

COPY attachment_item (id, reference_id, reference_table_id, attachment_id) FROM stdin;
\.


--
-- Data for Name: aux_data; Type: TABLE DATA; Schema: clinlims; Owner: clinlims
--

COPY aux_data (id, sort_order, is_reportable, auxdata_type, value, reference_id, reference_table, aux_field_id) FROM stdin;
\.


--
-- Data for Name: aux_field; Type: TABLE DATA; Schema: clinlims; Owner: clinlims
--

COPY aux_field (id, sort_order, auxfld_type, is_active, is_reportable, reference_table, analyte_id, scriptlet_id) FROM stdin;
\.


--
-- Data for Name: aux_field_values; Type: TABLE DATA; Schema: clinlims; Owner: clinlims
--

COPY aux_field_values (id, auxfldval_type, value, aux_field_id) FROM stdin;
\.


--
-- Data for Name: city_state_zip; Type: TABLE DATA; Schema: clinlims; Owner: clinlims
--

COPY city_state_zip (id, city, state, zip_code, county_fips, county, region_id, region, state_fips, state_name, lastupdated) FROM stdin;
78708	BROADWAY	WA	98102	33	KING	\N	\N	53	WASHINGTON          	2006-12-04 12:46:48
78709	CAPITOL HILL	WA	98102	33	KING	\N	\N	53	WASHINGTON          	2006-12-04 12:46:48
78711	GREENWOOD	WA	98103	33	KING	\N	\N	53	WASHINGTON          	2006-12-04 12:46:48
78713	WALLINGFORD	WA	98103	33	KING	\N	\N	53	WASHINGTON          	2006-12-04 12:46:48
78715	POINEER SQUARE	WA	98104	33	KING	\N	\N	53	WASHINGTON          	2006-12-04 12:46:48
78717	SEATTLE	WA	98105	33	KING	\N	\N	53	WASHINGTON          	2006-12-04 12:46:48
78719	SEATTLE	WA	98106	33	KING	\N	\N	53	WASHINGTON          	2006-12-04 12:46:48
78723	SEATTLE	WA	98108	33	KING	\N	\N	53	WASHINGTON          	2006-12-04 12:46:48
78725	QUEEN ANNE	WA	98109	33	KING	\N	\N	53	WASHINGTON          	2006-12-04 12:46:48
78707	TIMES SQUARE	WA	98101	33	KING	\N	\N	53	WASHINGTON          	2006-12-04 12:46:48
78710	SEATTLE	WA	98102	33	KING	\N	\N	53	WASHINGTON          	2006-12-04 12:46:48
78712	SEATTLE	WA	98103	33	KING	\N	\N	53	WASHINGTON          	2006-12-04 12:46:48
78714	INTERNATIONAL	WA	98104	33	KING	\N	\N	53	WASHINGTON          	2006-12-04 12:46:48
78716	SEATTLE	WA	98104	33	KING	\N	\N	53	WASHINGTON          	2006-12-04 12:46:48
78718	UNIVERSITY	WA	98105	33	KING	\N	\N	53	WASHINGTON          	2006-12-04 12:46:48
78720	WHITE CENTER	WA	98106	33	KING	\N	\N	53	WASHINGTON          	2006-12-04 12:46:48
78722	SEATTLE	WA	98107	33	KING	\N	\N	53	WASHINGTON          	2006-12-04 12:46:48
78724	TUKWILA	WA	98108	33	KING	\N	\N	53	WASHINGTON          	2006-12-04 12:46:48
78726	SEATTLE	WA	98109	33	KING	\N	\N	53	WASHINGTON          	2006-12-04 12:46:48
78706	SEATTLE	WA	98101	33	KING	\N	\N	53	WASHINGTON          	2006-12-04 12:46:48
78721	BALLARD	WA	98107	33	KING	\N	\N	53	WASHINGTON          	2006-12-04 12:46:48
78708	BROADWAY	WA	98102	33	KING	\N	\N	53	WASHINGTON          	2006-12-04 12:46:48
78709	CAPITOL HILL	WA	98102	33	KING	\N	\N	53	WASHINGTON          	2006-12-04 12:46:48
78711	GREENWOOD	WA	98103	33	KING	\N	\N	53	WASHINGTON          	2006-12-04 12:46:48
78713	WALLINGFORD	WA	98103	33	KING	\N	\N	53	WASHINGTON          	2006-12-04 12:46:48
78715	POINEER SQUARE	WA	98104	33	KING	\N	\N	53	WASHINGTON          	2006-12-04 12:46:48
78717	SEATTLE	WA	98105	33	KING	\N	\N	53	WASHINGTON          	2006-12-04 12:46:48
78719	SEATTLE	WA	98106	33	KING	\N	\N	53	WASHINGTON          	2006-12-04 12:46:48
78723	SEATTLE	WA	98108	33	KING	\N	\N	53	WASHINGTON          	2006-12-04 12:46:48
78725	QUEEN ANNE	WA	98109	33	KING	\N	\N	53	WASHINGTON          	2006-12-04 12:46:48
78707	TIMES SQUARE	WA	98101	33	KING	\N	\N	53	WASHINGTON          	2006-12-04 12:46:48
78710	SEATTLE	WA	98102	33	KING	\N	\N	53	WASHINGTON          	2006-12-04 12:46:48
78712	SEATTLE	WA	98103	33	KING	\N	\N	53	WASHINGTON          	2006-12-04 12:46:48
78714	INTERNATIONAL	WA	98104	33	KING	\N	\N	53	WASHINGTON          	2006-12-04 12:46:48
78716	SEATTLE	WA	98104	33	KING	\N	\N	53	WASHINGTON          	2006-12-04 12:46:48
78718	UNIVERSITY	WA	98105	33	KING	\N	\N	53	WASHINGTON          	2006-12-04 12:46:48
78720	WHITE CENTER	WA	98106	33	KING	\N	\N	53	WASHINGTON          	2006-12-04 12:46:48
78722	SEATTLE	WA	98107	33	KING	\N	\N	53	WASHINGTON          	2006-12-04 12:46:48
78724	TUKWILA	WA	98108	33	KING	\N	\N	53	WASHINGTON          	2006-12-04 12:46:48
78726	SEATTLE	WA	98109	33	KING	\N	\N	53	WASHINGTON          	2006-12-04 12:46:48
78706	SEATTLE	WA	98101	33	KING	\N	\N	53	WASHINGTON          	2006-12-04 12:46:48
78721	BALLARD	WA	98107	33	KING	\N	\N	53	WASHINGTON          	2006-12-04 12:46:48
78708	BROADWAY	WA	98102	33	KING	\N	\N	53	WASHINGTON          	2006-12-04 12:46:48
78709	CAPITOL HILL	WA	98102	33	KING	\N	\N	53	WASHINGTON          	2006-12-04 12:46:48
78711	GREENWOOD	WA	98103	33	KING	\N	\N	53	WASHINGTON          	2006-12-04 12:46:48
78713	WALLINGFORD	WA	98103	33	KING	\N	\N	53	WASHINGTON          	2006-12-04 12:46:48
78715	POINEER SQUARE	WA	98104	33	KING	\N	\N	53	WASHINGTON          	2006-12-04 12:46:48
78717	SEATTLE	WA	98105	33	KING	\N	\N	53	WASHINGTON          	2006-12-04 12:46:48
78719	SEATTLE	WA	98106	33	KING	\N	\N	53	WASHINGTON          	2006-12-04 12:46:48
78723	SEATTLE	WA	98108	33	KING	\N	\N	53	WASHINGTON          	2006-12-04 12:46:48
78725	QUEEN ANNE	WA	98109	33	KING	\N	\N	53	WASHINGTON          	2006-12-04 12:46:48
78707	TIMES SQUARE	WA	98101	33	KING	\N	\N	53	WASHINGTON          	2006-12-04 12:46:48
78710	SEATTLE	WA	98102	33	KING	\N	\N	53	WASHINGTON          	2006-12-04 12:46:48
78712	SEATTLE	WA	98103	33	KING	\N	\N	53	WASHINGTON          	2006-12-04 12:46:48
78714	INTERNATIONAL	WA	98104	33	KING	\N	\N	53	WASHINGTON          	2006-12-04 12:46:48
78716	SEATTLE	WA	98104	33	KING	\N	\N	53	WASHINGTON          	2006-12-04 12:46:48
78718	UNIVERSITY	WA	98105	33	KING	\N	\N	53	WASHINGTON          	2006-12-04 12:46:48
78720	WHITE CENTER	WA	98106	33	KING	\N	\N	53	WASHINGTON          	2006-12-04 12:46:48
78722	SEATTLE	WA	98107	33	KING	\N	\N	53	WASHINGTON          	2006-12-04 12:46:48
78724	TUKWILA	WA	98108	33	KING	\N	\N	53	WASHINGTON          	2006-12-04 12:46:48
78726	SEATTLE	WA	98109	33	KING	\N	\N	53	WASHINGTON          	2006-12-04 12:46:48
78706	SEATTLE	WA	98101	33	KING	\N	\N	53	WASHINGTON          	2006-12-04 12:46:48
78721	BALLARD	WA	98107	33	KING	\N	\N	53	WASHINGTON          	2006-12-04 12:46:48
78708	BROADWAY	WA	98102	33	KING	\N	\N	53	WASHINGTON          	2006-12-04 12:46:48
78709	CAPITOL HILL	WA	98102	33	KING	\N	\N	53	WASHINGTON          	2006-12-04 12:46:48
78711	GREENWOOD	WA	98103	33	KING	\N	\N	53	WASHINGTON          	2006-12-04 12:46:48
78713	WALLINGFORD	WA	98103	33	KING	\N	\N	53	WASHINGTON          	2006-12-04 12:46:48
78715	POINEER SQUARE	WA	98104	33	KING	\N	\N	53	WASHINGTON          	2006-12-04 12:46:48
78717	SEATTLE	WA	98105	33	KING	\N	\N	53	WASHINGTON          	2006-12-04 12:46:48
78719	SEATTLE	WA	98106	33	KING	\N	\N	53	WASHINGTON          	2006-12-04 12:46:48
78723	SEATTLE	WA	98108	33	KING	\N	\N	53	WASHINGTON          	2006-12-04 12:46:48
78725	QUEEN ANNE	WA	98109	33	KING	\N	\N	53	WASHINGTON          	2006-12-04 12:46:48
78707	TIMES SQUARE	WA	98101	33	KING	\N	\N	53	WASHINGTON          	2006-12-04 12:46:48
78710	SEATTLE	WA	98102	33	KING	\N	\N	53	WASHINGTON          	2006-12-04 12:46:48
78712	SEATTLE	WA	98103	33	KING	\N	\N	53	WASHINGTON          	2006-12-04 12:46:48
78714	INTERNATIONAL	WA	98104	33	KING	\N	\N	53	WASHINGTON          	2006-12-04 12:46:48
78716	SEATTLE	WA	98104	33	KING	\N	\N	53	WASHINGTON          	2006-12-04 12:46:48
78718	UNIVERSITY	WA	98105	33	KING	\N	\N	53	WASHINGTON          	2006-12-04 12:46:48
78720	WHITE CENTER	WA	98106	33	KING	\N	\N	53	WASHINGTON          	2006-12-04 12:46:48
78722	SEATTLE	WA	98107	33	KING	\N	\N	53	WASHINGTON          	2006-12-04 12:46:48
78724	TUKWILA	WA	98108	33	KING	\N	\N	53	WASHINGTON          	2006-12-04 12:46:48
78726	SEATTLE	WA	98109	33	KING	\N	\N	53	WASHINGTON          	2006-12-04 12:46:48
78706	SEATTLE	WA	98101	33	KING	\N	\N	53	WASHINGTON          	2006-12-04 12:46:48
78721	BALLARD	WA	98107	33	KING	\N	\N	53	WASHINGTON          	2006-12-04 12:46:48
78708	BROADWAY	WA	98102	33	KING	\N	\N	53	WASHINGTON          	2006-12-04 12:46:48
78709	CAPITOL HILL	WA	98102	33	KING	\N	\N	53	WASHINGTON          	2006-12-04 12:46:48
78711	GREENWOOD	WA	98103	33	KING	\N	\N	53	WASHINGTON          	2006-12-04 12:46:48
78713	WALLINGFORD	WA	98103	33	KING	\N	\N	53	WASHINGTON          	2006-12-04 12:46:48
78715	POINEER SQUARE	WA	98104	33	KING	\N	\N	53	WASHINGTON          	2006-12-04 12:46:48
78717	SEATTLE	WA	98105	33	KING	\N	\N	53	WASHINGTON          	2006-12-04 12:46:48
78719	SEATTLE	WA	98106	33	KING	\N	\N	53	WASHINGTON          	2006-12-04 12:46:48
78723	SEATTLE	WA	98108	33	KING	\N	\N	53	WASHINGTON          	2006-12-04 12:46:48
78725	QUEEN ANNE	WA	98109	33	KING	\N	\N	53	WASHINGTON          	2006-12-04 12:46:48
78707	TIMES SQUARE	WA	98101	33	KING	\N	\N	53	WASHINGTON          	2006-12-04 12:46:48
78710	SEATTLE	WA	98102	33	KING	\N	\N	53	WASHINGTON          	2006-12-04 12:46:48
78712	SEATTLE	WA	98103	33	KING	\N	\N	53	WASHINGTON          	2006-12-04 12:46:48
78714	INTERNATIONAL	WA	98104	33	KING	\N	\N	53	WASHINGTON          	2006-12-04 12:46:48
78716	SEATTLE	WA	98104	33	KING	\N	\N	53	WASHINGTON          	2006-12-04 12:46:48
78718	UNIVERSITY	WA	98105	33	KING	\N	\N	53	WASHINGTON          	2006-12-04 12:46:48
78720	WHITE CENTER	WA	98106	33	KING	\N	\N	53	WASHINGTON          	2006-12-04 12:46:48
78722	SEATTLE	WA	98107	33	KING	\N	\N	53	WASHINGTON          	2006-12-04 12:46:48
78724	TUKWILA	WA	98108	33	KING	\N	\N	53	WASHINGTON          	2006-12-04 12:46:48
78726	SEATTLE	WA	98109	33	KING	\N	\N	53	WASHINGTON          	2006-12-04 12:46:48
78706	SEATTLE	WA	98101	33	KING	\N	\N	53	WASHINGTON          	2006-12-04 12:46:48
78721	BALLARD	WA	98107	33	KING	\N	\N	53	WASHINGTON          	2006-12-04 12:46:48
78708	BROADWAY	WA	98102	33	KING	\N	\N	53	WASHINGTON          	2006-12-04 12:46:48
78709	CAPITOL HILL	WA	98102	33	KING	\N	\N	53	WASHINGTON          	2006-12-04 12:46:48
78711	GREENWOOD	WA	98103	33	KING	\N	\N	53	WASHINGTON          	2006-12-04 12:46:48
78713	WALLINGFORD	WA	98103	33	KING	\N	\N	53	WASHINGTON          	2006-12-04 12:46:48
78715	POINEER SQUARE	WA	98104	33	KING	\N	\N	53	WASHINGTON          	2006-12-04 12:46:48
78717	SEATTLE	WA	98105	33	KING	\N	\N	53	WASHINGTON          	2006-12-04 12:46:48
78719	SEATTLE	WA	98106	33	KING	\N	\N	53	WASHINGTON          	2006-12-04 12:46:48
78723	SEATTLE	WA	98108	33	KING	\N	\N	53	WASHINGTON          	2006-12-04 12:46:48
78725	QUEEN ANNE	WA	98109	33	KING	\N	\N	53	WASHINGTON          	2006-12-04 12:46:48
78707	TIMES SQUARE	WA	98101	33	KING	\N	\N	53	WASHINGTON          	2006-12-04 12:46:48
78710	SEATTLE	WA	98102	33	KING	\N	\N	53	WASHINGTON          	2006-12-04 12:46:48
78712	SEATTLE	WA	98103	33	KING	\N	\N	53	WASHINGTON          	2006-12-04 12:46:48
78714	INTERNATIONAL	WA	98104	33	KING	\N	\N	53	WASHINGTON          	2006-12-04 12:46:48
78716	SEATTLE	WA	98104	33	KING	\N	\N	53	WASHINGTON          	2006-12-04 12:46:48
78718	UNIVERSITY	WA	98105	33	KING	\N	\N	53	WASHINGTON          	2006-12-04 12:46:48
78720	WHITE CENTER	WA	98106	33	KING	\N	\N	53	WASHINGTON          	2006-12-04 12:46:48
78722	SEATTLE	WA	98107	33	KING	\N	\N	53	WASHINGTON          	2006-12-04 12:46:48
78724	TUKWILA	WA	98108	33	KING	\N	\N	53	WASHINGTON          	2006-12-04 12:46:48
78726	SEATTLE	WA	98109	33	KING	\N	\N	53	WASHINGTON          	2006-12-04 12:46:48
78706	SEATTLE	WA	98101	33	KING	\N	\N	53	WASHINGTON          	2006-12-04 12:46:48
78721	BALLARD	WA	98107	33	KING	\N	\N	53	WASHINGTON          	2006-12-04 12:46:48
\.


--
-- Data for Name: code_element_type; Type: TABLE DATA; Schema: clinlims; Owner: clinlims
--

COPY code_element_type (id, text, lastupdated, local_reference_table) FROM stdin;
1	TEST	2007-03-07 15:27:58.72	5
2	STATUS OF SAMPLE	2007-03-07 15:28:22.718	40
\.


--
-- Data for Name: code_element_xref; Type: TABLE DATA; Schema: clinlims; Owner: clinlims
--

COPY code_element_xref (id, message_org_id, code_element_type_id, receiver_code_element_id, local_code_element_id, lastupdated) FROM stdin;
1	22	1	1	68	2007-03-07 15:37:04.13
2	22	1	2	67	2007-03-07 15:37:31.067
4	22	1	3	49	2007-03-07 15:39:40.635
\.


--
-- Data for Name: contact_type; Type: TABLE DATA; Schema: clinlims; Owner: clinlims
--

COPY contact_type (id, description, ct_type, is_unique) FROM stdin;
\.


--
-- Data for Name: databasechangelog; Type: TABLE DATA; Schema: clinlims; Owner: clinlims
--

COPY databasechangelog (id, author, filename, dateexecuted, md5sum, description, comments, tag, liquibase) FROM stdin;
1	paulsc	./changeLogs.xml	2010-02-24 09:56:06.367749-08	28cfcd3fcf8c3afe9b7d38f943e17cf2	Add Column, Add Foreign Key Constraint, Custom SQL	Allow more than one test result to trigger a reflex test	\N	1.9.5
3	paulsc	./changeLogs.xml	2010-02-24 09:56:25.828501-08	d4b19e71c884ac6a4d8dc670ef58fd71	Create View	Adds Accession_Test view.  Gathers info for creating analyzer_results table	\N	1.9.5
5	paulsc	./changeLogs.xml	2010-02-24 09:56:35.101679-08	efbb151a89f7837154b13af3c8b2fe0	Custom SQL		\N	1.9.5
6	paulsc	./changeLogs.xml	2010-02-24 09:56:35.108895-08	86a96313bd64fb8cdd1751195862391	Custom SQL		\N	1.9.5
7	paulsc	./changeLogs.xml	2010-02-24 09:56:35.122908-08	3a6158b0cb7b6b16c35c32cc64cb9d84	Create Table, Create Sequence, Create Table, Add Primary Key, Custom SQL	Adds organization_type and mapping table between organization and organization_type	\N	1.9.5
8	paulsc	./changeLogs.xml	2010-02-24 09:56:44.260293-08	715f838dd022dc3d9562738692c37d	Create Table (x2), Add Primary Key, Custom SQL	Adds register_type and sample_requester tables	\N	1.9.5
9	paulsc	./changeLogs.xml	2010-02-24 09:56:53.480599-08	f6dcce60772b9ac13fadfefa74352ec	Custom SQL	Sets lastupdated in test_analyte.  Otherwise test_reflex update fails	\N	1.9.5
10	paulsc	./changeLogs.xml	2010-02-24 09:56:53.532145-08	4f23198ef3134d90bae9ec739af8c	Drop Foreign Key Constraint, Add Foreign Key Constraint	Adds the constraint to the test_reflex.reflex_sibling column to set it to null if the referencing row is deleted	\N	1.9.5
11	paulsc	./changeLogs.xml	2010-02-24 09:56:53.541111-08	8a9eacaa348a4058ba9bca399fa9713	Custom SQL	Correct dictionary spelling of patuese	\N	1.9.5
12	paulsc	./changeLogs.xml	2010-02-24 09:56:53.562144-08	d344d84ac6054b223cf28ccd35fc351	Custom SQL	Remove Reticulocytes from Hemogramme panel	\N	1.9.5
13	paulsc	./changeLogs.xml	2010-02-24 09:56:53.571138-08	f5a5cef4a2fb9e7e49fd87df8de8a1ee	Drop Column	Drop positive column from analyzer_results	\N	1.9.5
14	paulsc	./changeLogs.xml	2010-02-24 09:57:21.309388-08	be31e99756e7b46c49e6587d617be824	Add Column, Custom SQL	Add read only column to analyzer_results	\N	1.9.5
23	paulsc	./changeLogs.xml	2010-03-23 17:04:20.568799-07	b12b82b3df6c3ab9ed3a4b25612a5f2	Create Table, Add Primary Key, Create Sequence, Custom SQL	Adds site_information to database	\N	1.9.5
4	paulsc	./changeLogs.xml	2010-03-04 11:09:23.567088-08	e4569a995332dc9af53470efceb5523	Create Table, Create Sequence, Create Table, Custom SQL	Creates analyzer_results and analyzer_results_status table	\N	1.9.5
15	paulsc	./changeLogs.xml	2010-03-04 11:14:10.734686-08	879b3213f471a7f057fc4bd74524a97	Drop Foreign Key Constraint (x3), Drop Column (x3)	Drop columns that related to existing data in database	\N	1.9.5
16	paulsc	./changeLogs.xml	2010-03-04 11:14:19.775042-08	9d1d7ab7c7ee481e35e894b4e72b6c	Drop View	Drop accession_test view	\N	1.9.5
17	paulsc	./changeLogs.xml	2010-03-04 11:14:28.926083-08	f38da0495e64bb5062dcc1b6cac0a417	Drop View	Drop Accession_Test view	\N	1.9.5
18	paulsc	./changeLogs.xml	2010-03-05 14:04:28.113837-08	6989821986447d4755d9538334d4ad1	Add Column, Custom SQL	Adds a column to the analysis table to indicate if an analysis is the root of a reflex test	\N	1.9.5
1	paulHaiti	HaitiData.xml	2010-03-24 12:50:03.220885-07	76adeeb3e62de8798feb9cb6f84616	Custom SQL	Adds Mantenance Admin to the module site_information	\N	1.9.5
2	paulsc	./changeLogs.xml	2010-03-15 13:14:57.68763-07	a7338818ec75b5c67b38d20939d658	Create Table, Create Sequence, Custom SQL	Add analyzer table	\N	1.9.5
19	paulsc	./changeLogs.xml	2010-03-15 13:15:08.240871-07	a532c12af43766cf9e4170f2ab355e6	Custom SQL	Adds commune and mothers initial as patient types	\N	1.9.5
20	paulsc	./changeLogs.xml	2010-03-19 16:15:59.922228-07	1ce318b2e8f25f3389d89af216cb9b0	Add Column (x6), Custom SQL	Adds localization columns to test, test_section, SampleTypes, dictonary, panel and project	\N	1.9.5
21	paulsc	./changeLogs.xml	2010-03-19 16:16:00.284569-07	a0bbf3e444dadfcda094c2e81764bda2	Add Foreign Key Constraint	Add foriegn key constraint between extended_accession_number and sample	\N	1.9.5
22	paulsc	./changeLogs.xml	2010-03-19 16:42:23.961491-07	f2602445c45caaa1e9cc8d760e61581	Add Unique Constraint	Add Unique value contstraint to patient_identity_type	\N	1.9.5
24	nixonl	./changeLogs.xml	2010-04-06 13:47:46.041214-07	b669a894c63984cb1d9ef79b29995bf5	Create Table, Add Primary Key, Custom SQL	Creates project_organization table	\N	1.9.5
2	pauls	HaitiData.xml	2010-04-06 13:47:46.122296-07	b8d4a030e4659d3aa9735f36557429b	Update Data (x16)	Adding localization keys to the sample type table	\N	1.9.5
1	pahill	./changeLogs.xml	2010-04-21 10:38:40.661323-07	7b785adea251d66286546ebf85e3e296	Add Column	added messageResources key for value to display	\N	1.9.5
2	pahill	./changeLogs.xml	2010-04-21 10:38:50.044796-07	d82ef4c1bd45d3b15d7e32c4708049eb	Custom SQL	added values for name_key	\N	1.9.5
4	pahill	CDIRetroCIData.xml	2010-04-21 10:39:18.692111-07	dd93d29e7ee01fb1a894ad722befe5ac	Custom SQL	Insert answers to demographic question which have 3 possible answers: Yes, No and Unknown	\N	1.9.5
4	pahill	./changeLogs.xml	2010-04-28 15:39:26.489953-07	d41d8cd98f0b24e980998ecf8427e	Create Table, Create Sequence, Custom SQL (x2)	Adds the demographic history table which contains responses to demographic questions from various forms. Associated to a patient and a sample.	\N	1.9.5
3	pahill	./changeLogs.xml	2010-04-28 14:13:23.697468-07	d41d8cd98f0b24e980998ecf8427e	Create Table, Create Sequence, Custom SQL (x2)	Added the typing table for demographic history information which defines what each row is about (what question was asked).	\N	1.9.5
27	paulsc	./changeLogs.xml	2010-04-28 14:13:34.245556-07	65c8be43a466bc0cf6b20d87a115db4	Create Table, Create Sequence, Custom SQL (x2)	Added the typing table for observation history information which defines what each row is about (what question was asked).	\N	1.9.5
26	paulsc	./changeLogs.xml	2010-04-28 15:39:26.47921-07	58e36633f0f8bf9f268c7b433a98fe94	Rename Table (x4), Rename Column, Update Data (x2)	If the demographics history table exists then rename it, and associated tables to observation_history etc	\N	1.9.5
5	paulsc	HaitiData.xml	2010-04-28 16:22:25.389046-07	13f07d6337578aed73f105fbfa91c9d	Create View (x2)	Changes the views to match the new status set	\N	1.9.5
28	paulsc	./changeLogs.xml	2010-04-28 15:39:26.500972-07	7f85d320e3362ff739c4c9ec3a7ddce	Create Table, Create Sequence, Insert Row, Custom SQL	Adds the observation history table which contains responses to observation questions from various forms. Associated to a patient and a sample.	\N	1.9.5
24	paulsc	./changeLogs.xml	2010-04-28 15:39:45.582075-07	bb1a1b186e8147767ca4ab2f938fd252	Add Column	Add display key column to status_of_sample	\N	1.9.5
3	pauls	HaitiData.xml	2010-04-28 15:39:55.033169-07	18b5e341911b837845ce2eb1d20fa66	Delete Data, Insert Row (x7)	Setting Status for Haiti clinical	\N	1.9.5
4	paulsc	HaitiData.xml	2010-04-28 15:39:55.080725-07	54da4110b0a4375cff4d3721ef12f	Custom SQL	Update analysis and sample so that the status_id matches status	\N	1.9.5
25	paulsc	./changeLogs.xml	2010-10-26 11:19:01.773745-07	484a5518756cadcfcbc74db5c466122	Add Column (x2), Custom SQL	Addes status columns with foriegn key constraint	\N	1.9.5
30	paulsc	./changeLogs.xml	2010-10-26 11:19:29.46466-07	e37a98d6c9dd451f6112e22ac05fc99a	Add Foreign Key Constraint (x2)	Corrects the addition of a fk constraint in sample and analyysis	\N	1.9.5
29	paulsc	./changeLogs.xml	2010-10-26 11:19:41.827233-07	55336b40bbe339c547e5fb9ad65d52	Create Table, Add Primary Key, Custom SQL	Adds a table which maps between tests as known to the analyzer and tests as known to OpenElis	\N	1.9.5
31	paulsc	./changeLogs.xml	2010-10-26 11:19:53.84591-07	c3bb50ca3ea219c8aafd81714455f954	Add Column, Custom SQL	Adds a test_id column to the analyzer_results table	\N	1.9.5
32	paulsc	./changeLogs.xml	2010-10-26 11:20:06.435653-07	22ec25106aba3b7da048d911e761929	Add Column, Custom SQL	Adds additional columns to the analyzer_results table	\N	1.9.5
33	paulsc	./changeLogs.xml	2010-10-28 04:00:33.237625-07	c56c4ea3f3d86e572b91d2b32359e4	Insert Row	Adds the AnalyzerTestName module	\N	1.9.5
34	paulsc	./changeLogs.xml	2010-10-28 04:00:33.332156-07	ead25c864f831be9eaccb1548f5866d0	Insert Row	Adds the AnalyzerResults module	\N	1.9.5
35	paulsc	./changeLogs.xml	2010-10-28 04:00:48.29263-07	e763ceadab5f99b17eb27ce4c57de9b	Add Column, Custom SQL	Adds three columns to system_role; display_key, is_grouping_role and parent_role	\N	1.9.5
36	nixonl	./changeLogs.xml	2010-10-28 04:01:00.718501-07	cef4b866d793ce075991342212f1db	Custom SQL, Drop Table, Rename Table	Copy 'unit_of_measure' contents to 'soon' table and rename 'soon' to 'unit_of_measure'	\N	1.9.5
36	paulsc	./changeLogs.xml	2010-10-28 04:10:36.093771-07	7e59f8863ef58f9212c225d0d556f7ad	Delete Data, Insert Row (x5)	Adds record status to the dictonary and intake as a dictonary type	\N	1.9.5
37	paulsc	./changeLogs.xml	2010-10-28 04:10:48.136363-07	3aa9ae1ddee828297bc4b687b8f5ed0	Add Column, Custom SQL	Adds a new column to test_reflex	\N	1.9.5
38	pauls	./changeLogs.xml	2010-10-28 04:10:48.180049-07	ebec62c7a2a95948d0e63df3948c74f	Add Column, Custom SQL	Adds display_key to QA_Events	\N	1.9.5
39	pauls	./changeLogs.xml	2010-10-28 04:10:48.382418-07	50ebc4ca859f9a2fbba7817dec149de	Add Column, Add Foreign Key Constraint, Custom SQL	Adds a sample_item_id to sample_qaevent to allow refinement of target	\N	1.9.5
40	paulsc	./changeLogs.xml	2010-10-28 04:10:48.522002-07	bdfdc6318091d4eb8a51f9ca53493ef8	Add Foreign Key Constraint (x3)	Adding foreign key constraints which were not added due to liquibase bug	\N	1.9.5
41	paulsc	./changeLogs.xml	2010-10-28 04:12:41.914466-07	1a5c5ae3992055d9d88248f9d829e1	Insert Row	Adding Sample_qaevent to reference_tables	\N	1.9.5
42	paulsc	./changeLogs.xml	2010-10-28 04:12:41.952654-07	f194585a96f0f2c12d8387e9319bb34	Update Data (x2)	Changes test Section names form 'Immuno' to 'Immunology' and 'Chem' to 'Biochemistry'	\N	1.9.5
43	paulsc	./changeLogs.xml	2010-10-28 04:12:42.014009-07	bc54d51115315012cdf729c2772b3b62	Insert Row	Adds a test result type of R (for remark )	\N	1.9.5
44	paulsc	./changeLogs.xml	2010-10-28 04:12:42.077515-07	a4735d10b5dba8dfd99df73f46d63	Insert Row	Adds 'Conclusion' to the analyte table	\N	1.9.5
45	paulsc	./changeLogs.xml	2010-10-28 04:12:42.335645-07	3bc312f9f4796ffa797cb3974ac93135	Modify Column	Expand value column of result table from 80 to 100 char	\N	1.9.5
46	paulsc	./changeLogs.xml	2010-10-28 04:12:42.548924-07	c66d32785c4eb6c51ed34de337473272	Drop View, Modify Column, Custom SQL	Expand value column of first and last names from 20 to 40	\N	1.9.5
47	paulsc	./changeLogs.xml	2010-10-28 04:13:55.149381-07	d354e8e497f5f01c411a1c7cd764cc	Insert Row	Adds a test result type of A (for AlphaNumeric )	\N	1.9.5
48	paulsc	./changeLogs.xml	2010-10-28 04:13:55.263959-07	3c1a40606615633594663b8c3a5559ac	Delete Data, Insert Row	drops anaylsis status of 'started' and adds analysis status of 'refered'	\N	1.9.5
49	paulsc	./changeLogs.xml	2010-10-28 04:13:55.488664-07	966eaef59b851e2e87dfb9c7fdaf8fc2	Create Table (x3), Custom SQL, Create Sequence (x3), Insert Row (x3)	Adds three new tables and sequences, referral and referral_reason and referral_type	\N	1.9.5
50	paulsc	./changeLogs.xml	2010-10-28 04:13:55.529805-07	aee666ef695fbd8e8acb94b69f9e680	Insert Row, Update Data	Adds a analyte of 'Calculated CD4 count' and moves all cd4 count results from 'conclusion' to new analyte	\N	1.9.5
51	paulsc	./changeLogs.xml	2010-10-28 04:13:55.580509-07	6d3b22ea97a2dbc414cbaa7b31d2dfe	Modify Column	Expands value column of site_information table to 120 chars	\N	1.9.5
1	nixonl	System_Module.xml	2010-10-28 04:13:55.783349-07	6d59f8a7f7c6a4ecfeb1138d13e135	Insert Row (x2), Custom SQL	Adds PatientEditByProject Modules	\N	1.9.5
2	nixonl	System_Module.xml	2010-10-28 04:13:55.805965-07	b4fa8325da27fa8a1c4bfa3b926174c	Update Data (x2)	Changing SampleEdit module to SampleEditByProject	\N	1.9.5
2	paulsc	System_Module.xml	2010-10-28 04:13:55.836368-07	965727b9e9c9f7a2bc1fd63065481aaf	Delete Data	Drops two modules which are unused	\N	1.9.5
6	paulsc	HaitiData.xml	2010-10-28 04:13:55.952833-07	98a456aed1396b6d2a684b2fcef7c	Delete Data, Insert Row	Sets the app name in the site information database	\N	1.9.5
7	paulsc	HaitiData.xml	2010-10-28 04:13:56.006482-07	155c515641d79edd7963cdedaaea0db	Update Data (x7), Custom SQL	Adjusts the current result module names to reflect the new naming schema	\N	1.9.5
8	paulsc	HaitiData.xml	2010-10-28 04:13:56.425828-07	c42a437991f3f21030dc7be67ca6fd7	Delete Data, Load Data	Sets modules to roles	\N	1.9.5
9	paulsc	HaitiData.xml	2010-10-28 04:13:56.466501-07	54db9dffeaa2f5e6f18db12fa2cd8d5	Load Data	Sets modules to roles	\N	1.9.5
10	paulsc	HaitiData.xml	2010-10-28 04:13:56.535836-07	f1d1bbceb7439b889ec959ab8b870	Modify Column, Insert Row (x4)	Adds patient service connection information to the database	\N	1.9.5
11	paulsc	HaitiData.xml	2010-11-01 13:33:06.310574-07	54db9dffeaa2f5e6f18db12fa2cd8d5	Load Data	Sets modules to roles	\N	1.9.5
12	paulsc	HaitiData.xml	2010-11-01 13:33:06.326304-07	2d6a24eca6d08b40fa4f2d54d84e5384	Load Data	Sets modules to roles	\N	1.9.5
52	paulsc	./changeLogs.xml	2010-11-23 10:30:12.10418-08	182954e1d1db6519fa7ef473d364ff3d	Custom SQL	removes duplicate accession numbers if they exist	\N	1.9.5
5	pahill	./changeLogs.xml	2010-11-23 10:30:22.007019-08	fb69788feb9c4f52f40fa631fbe589a	Drop View, Modify Column, Custom SQL (x2), Drop Table	getting rid of extended accesion number table.	\N	1.9.5
53	paulsc	./changeLogs.xml	2010-11-23 10:30:22.032383-08	36cd658d3c8dfae1cbb43f1918720d0	Add Column	Adding a canceled column to referral table so we know what to do with users changing their minds	\N	1.9.5
54	paulsc	./changeLogs.xml	2010-11-23 10:30:22.096335-08	39edd922fad9e261519e147bc54b2e79	Create Table, Create Sequence, Insert Row, Custom SQL	Adds a referral results table since there may be more than one result per referral	\N	1.9.5
55	paulsc	./changeLogs.xml	2010-11-23 10:30:22.1108-08	559e60d152a21b8013a858607977eeb5	Drop Column, Add Column, Custom SQL	Drops the external result id from referral table.  A referral results table has been created. Add request date	\N	1.9.5
56	paulsc	./changeLogs.xml	2010-11-23 10:30:22.130201-08	b4a1fd9bbd539bfa40afe8d4f911fbce	Insert Row	Adding referralLab as an organization type if it does not exist	\N	1.9.5
57	paulsc	./changeLogs.xml	2010-12-07 11:04:00.802324-08	fa09bd41035d7c3bf1837a81005128	Modify Column	Changing the type for referral_result column result_id from integer to numeric	\N	1.9.5
58	paulsc	./changeLogs.xml	2010-12-14 12:08:26.458271-08	ee32c6a5a295f75aca32826fdbf628d9	Drop Column	drops the referral recieved date column from referral_result table	\N	1.9.5
1	paulsc	System_Module.xml	2010-12-14 12:08:26.585127-08	d339904d5b10c9d1bf564ef594fd22	Insert Row (x66), Custom SQL	Adds all of the modules to the database for all instances.\n    Can be re-run because of the de-duplication at the end of the change set	\N	1.9.5
13	paulsc	HaitiData.xml	2010-12-14 12:08:26.618755-08	c8ba827059163a6c63b3e802aac5215	Delete Data, Load Data	Sets modules to roles	\N	1.9.5
14	paulsc	HaitiData.xml	2010-12-14 12:59:03.130087-08	4d4460bde584c4172aefadf61bb52	Load Data	Fixing screwup Sets modules to roles	\N	1.9.5
15	paulsc	HaitiData.xml	2010-12-14 12:59:03.144649-08	54db9dffeaa2f5e6f18db12fa2cd8d5	Load Data	Fixing screwup Sets modules to roles	\N	1.9.5
16	paulsc	HaitiData.xml	2010-12-14 12:59:03.156372-08	54db9dffeaa2f5e6f18db12fa2cd8d5	Load Data	Fixing screwup Sets modules to roles	\N	1.9.5
17	paulsc	HaitiData.xml	2010-12-14 12:59:03.164702-08	64e4d24d9e396663613e510c194aa6	Load Data	Fixing screwup Sets modules to roles	\N	1.9.5
7	pahill	./changeLogs.xml	2010-12-21 14:39:41.423872-08	c825af2b1c6445b5968a3d8ac502f2c	Add Column, Custom SQL	Add section and authorization text columns to the sample_qaevent table	\N	1.9.5
59	paulsc	./changeLogs.xml	2010-12-21 14:39:41.448774-08	39c46129a1c2505b4937e61c34e18a8c	Delete Data	Fix for accidental removal of id number	\N	1.9.5
18	paulsc	HaitiData.xml	2010-12-21 14:39:41.484867-08	2d6a24eca6d08b40fa4f2d54d84e5384	Load Data	Fixing screwup Sets modules to roles	\N	1.9.5
60	paulsc	./changeLogs.xml	2011-01-06 10:57:15.766729-08	be61f9dd7d2e783dc7b554b6c1c6e8	Custom SQL	Add default for minnesota only value in orginaztion table	\N	1.9.5
61	paulsc	./changeLogs.xml	2011-01-06 10:57:15.81156-08	3c40cb39dfa443a51cc98855f372f5fc	Insert Row	Adds a test result type of M (for multi select )	\N	1.9.5
62	paulsc	./changeLogs.xml	2011-01-31 16:18:56.096522-08	24bdc45e6d03e552710b41d932f8f5	Add Column, Custom SQL	Adds a min and max normal range to result table	\N	1.9.5
63	paulsc	./changeLogs.xml	2011-02-02 11:55:53.300626-08	65ed68153aa3e8d34f848fcd6c3e060	Add Column, Custom SQL, Drop Table	Adds an HL7 column to the test table and drops the hl7_transmission_sequence table	\N	1.9.5
1	nixonl	HaitiData.xml	2011-02-02 11:55:53.366466-08	f311ea9bd0c49ddb7e22e15ae8767d18	Insert Row (x3)	Add Scriptlets for HIV algorithm	\N	1.9.5
2	nixonl	HaitiData.xml	2011-02-02 11:55:53.624065-08	17a9123b8872fc2ac5e816b9a67b246	Insert Row (x15)	Reflex algorithm for HIV Test Algorithm - Determine and Colloidal Gold/Shengai - Kehua	\N	1.9.5
64	paulsc	./changeLogs.xml	2011-02-04 12:44:11.338777-08	e3c0f434834e9c4ae6d7f4b839d7d4b	Drop Column	Removes hl7_transmission_code column from test table if it exists	\N	1.9.5
65	paulsc	./changeLogs.xml	2011-02-04 12:44:11.656013-08	727cb35a2821737d995b377401258a2	Create Sequence, Create Table (x3), Custom SQL	Adds tables to support data exchange with other organizations	\N	1.9.5
3	nixonl	HaitiData.xml	2011-02-04 12:44:11.726091-08	2392d0d03bd6c518e156a64052891690	Insert Row (x4), Update Data (x2)	Additional sampletypes for Determine and Collodial Gold/Shengai and remove extra test	\N	1.9.5
19	paulsc	HaitiData.xml	2011-02-04 12:44:11.748535-08	246e395aa371803f9ac3954125777	Insert Row (x4)	Adding dictionary category HIV conclusion and dictionary values	\N	1.9.5
4	nixonl	HaitiData.xml	2011-02-08 17:16:27.893329-08	93bda16c183242fbf5d494a6d6f62	Update Data (x5)	Adding display key for Reactive/NonReactive dictionary values	\N	1.9.5
5	nixonl	HaitiData.xml	2011-02-11 15:46:07.06718-08	952eae5cb0b26dd96ef38155f408637	Delete Data (x4), Insert Row	Remove all Test Kit Suppliers, add Unknown supplier	\N	1.9.5
6	nixonl	HaitiData.xml	2011-02-11 15:46:07.098919-08	825039757b1ae9cf2d89da7fb999	Update Data (x4)	Adding HIV Test Kits and Syphilis Test Kits Tests	\N	1.9.5
\.


--
-- Data for Name: databasechangeloglock; Type: TABLE DATA; Schema: clinlims; Owner: clinlims
--

COPY databasechangeloglock (id, locked, lockgranted, lockedby) FROM stdin;
1	f	\N	\N
\.


--
-- Data for Name: dictionary; Type: TABLE DATA; Schema: clinlims; Owner: clinlims
--

COPY dictionary (id, is_active, dict_entry, lastupdated, local_abbrev, dictionary_category_id, display_key) FROM stdin;
37	Y	FINAL INTERPRETATION: These results most closely indicate the presence of HIV-2 antibodies. Confirmation testing for HIV-2 will be performed at the Centers for Disease Control and Prevention on this current specimen. Please submit another specimen one month following the collection of the first specimen for repeat testing. 	2007-05-07 14:27:13	H25	3	\N
86	Y	NEGATIVE (NOT LYSED)	2006-09-20 16:30:44	\N	3	\N
87	Y	POSITIVE (LYSED)	2006-09-20 16:31:19	\N	3	\N
88	Y	No Spores Present	2007-10-09 13:29:52.416	\N	3	\N
102	Y	acid fast bacilli	2006-10-16 15:03:56.035	\N	3	\N
103	Y	PRESENT	2006-10-02 13:57:39	\N	3	\N
105	Y	Mycobacterium not suggestive of M tuberculosis	2006-10-02 14:04:44	\N	3	\N
106	Y	Mycobacterium fortuitum	2006-10-02 14:04:56	\N	3	\N
107	Y	Mycobacterium kansasii	2006-10-02 14:05:18	\N	3	\N
108	Y	Mycobacterium species	2006-10-02 14:05:35	\N	3	\N
111	Y	1+ (rare)	2006-10-10 10:47:41	\N	3	\N
112	Y	2+ (few)	2006-10-10 10:47:43	\N	3	\N
113	Y	3+ (moderate)	2006-10-10 10:47:44	\N	3	\N
114	Y	4+ (numerous)	2006-10-10 10:47:46	\N	3	\N
119	Y	PENDING	2006-10-03 09:25:55	\N	3	\N
90	Y	DETECTED	2006-09-20 16:31:57	\N	3	\N
38	Y	FINAL INTERPRETATION: These results most closely indicate the presence of HIV antibodies (without differentiation). Please submit another specimen one month following the first specimen for repeat testing. This subsequent specimen may allow for HIV antibody confirmation and differentiation. 	2007-05-07 14:27:13	H26	3	\N
92	Y	Presumptive for Bacillus Anthracis	2007-10-09 13:33:16.867	\N	3	\N
93	Y	Bacillus anthracis	2006-10-11 14:24:46	\N	3	\N
99	N	FLUORESCENCE NOT DETECTED	2007-12-10 08:48:42.818	\N	3	\N
100	Y	NOT TESTED	2006-09-20 16:34:09	\N	3	\N
101	Y	WARNING: PCR results are FOR RESEARCH USE ONLY and should not be used for diagnosis of disease. Patient management decisions must be based on appropriate findings by a physician and the clinical condition of the patient.	2006-10-16 15:04:01.132	\N	3	\N
109	Y	Mycobacterium tuberculosis complex	2006-10-02 14:05:58	\N	3	\N
110	Y	Mycobacterium gordonae	2006-10-02 14:06:11	\N	3	\N
116	Y	RESISTANT	2006-10-03 09:25:25	\N	3	\N
117	Y	UNINTERPRETABLE	2006-10-03 09:25:45	\N	3	\N
124	Y	Most Closely Resembles	2007-10-10 12:44:36.813	\N	3	\N
125	Y	PRESUMPTIVE	2006-10-10 09:21:47	\N	3	\N
143	Y	-	2006-11-01 10:59:32.624	\N	3	\N
56	Y	Neisseria gonorrhoeae not found 	2007-05-15 14:10:32.538	\N	3	\N
57	Y	IMPORTANT: You are legally required to return a case report form. See enclosures.	2007-05-15 14:12:02.896	\N	3	\N
122	Y	acid fast bacilli present	2006-10-10 09:08:55	\N	3	\N
123	Y	acid fast bacilli not found	2006-10-10 09:09:07	\N	3	\N
141	Y	+/-	2006-11-01 10:16:32.717	\N	3	\N
149	Y	REDUCED SUSCEPTIBILITY	2007-10-09 13:33:42.967	\N	3	\N
65	Y	INTERMEDIATE	2007-05-18 13:35:55.083	\N	3	\N
51	Y	REPEATEDLY REACTIVE	2007-05-11 15:35:34.997	\N	3	\N
53	Y	Neisseria gonorrhoeae present	2007-05-15 14:08:07.576	\N	3	\N
150	Y	Weakly Reactive	2007-10-09 13:36:48.001	\N	3	\N
169	Y	No interpretation	2007-06-15 15:56:56.402	NI	3	\N
209	Y	<2	2007-06-20 09:59:13.276	<2	3	\N
210	Y	4	2007-06-20 09:59:23.908	4	3	\N
211	Y	8	2007-06-20 09:59:33.83	8	3	\N
212	Y	>16	2007-06-20 09:59:48.261	>16	3	\N
249	Y	No growth present	2007-10-08 09:55:01.109	\N	3	\N
250	Y	Motile	2007-10-08 09:55:32.44	\N	3	\N
251	Y	Motility test inconclusive	2007-10-08 09:55:53.953	\N	3	\N
265	Y	Fluorescence detected	2007-12-27 03:07:17.178	\N	3	\N
266	Y	Bacillus anthracis DNA detected	2007-10-08 10:05:39.554	\N	3	\N
267	Y	Inconclusive for Bacillus anthracis DNA	2007-10-08 10:06:07.064	\N	3	\N
268	Y	No Bacillus anthracis DNA detected	2007-10-08 10:06:30.659	\N	3	\N
269	Y	Enrichment	2007-10-08 10:07:02.446	\N	3	\N
270	Y	Recovered isolate	2007-10-08 10:07:36.743	\N	3	\N
271	Y	Sample wash or extract	2007-10-08 10:09:14.495	\N	3	\N
272	Y	Light cycler	2007-10-08 10:09:31.913	\N	3	\N
274	Y	I cycler	2007-10-08 10:09:52.084	\N	3	\N
275	Y	Cell lysates	2007-10-08 10:12:28.743	\N	3	\N
276	Y	MasterPure complete RNA and DNA purification	2007-10-08 10:19:21.954	\N	3	\N
277	Y	Spore prep	2007-10-08 10:19:44.624	\N	3	\N
278	Y	Roche Fast Start DNA Master Hyridization Probe Kit	2007-10-08 10:25:54.483	\N	3	\N
306	Y	Variable: Bacilli in no discernable pattern	2007-10-08 07:56:05.985	\N	3	\N
307	Y	Variable: Bacilli in clusters	2007-10-08 07:56:21.999	\N	3	\N
309	Y	Variable: Cocci in chains	2007-10-08 07:57:53.608	\N	3	\N
310	Y	Variable: Cocci in no discernable pattern	2007-10-08 07:58:14.118	\N	3	\N
311	Y	Variable: Cocci in clusters	2007-10-08 07:58:29.634	\N	3	\N
312	Y	Variable: Cocci in pairs	2007-10-08 07:59:02.003	\N	3	\N
313	Y	Variable: Coccobacilli in chains	2007-10-08 07:59:25.137	\N	3	\N
334	Y	Internal	2007-10-25 10:58:02	\N	36	\N
335	Y	Warning	2007-10-25 10:58:06	\N	36	\N
16	Y	Unsat interpretation 	2007-04-24 14:16:26.355	\N	3	\N
17	Y	UNINTERPRETABLE = Bands on Western Blot suggest possible HIV vaccine recipient.	2007-05-07 14:23:44	H4	3	\N
18	Y	POSITIVE = Specific cytoplasmic staining present. Patient is positive for anti-HIV-1 antibody.	2007-05-07 14:23:44	H5	3	\N
19	Y	NEGATIVE = No specific fluorescent staining present. Patient is negative for HIV-1 antibody.	2007-05-07 14:23:44	H6	3	\N
20	Y	INDETERMINATE = Non-specific staining present. Please submit another specimen.	2007-05-07 14:23:44	H7	3	\N
21	Y	NONREACTIVE = No anti-HIV-1 antibody detected.	2007-05-07 14:23:44	H0	3	\N
22	Y	POSITIVE = Any two of the following bands present: p24, gp41, and gp120/160. Other viral bands may be present. Indicates patient is positive for anti-HIV-1 antibody.	2007-05-07 14:23:44	H1	3	\N
23	Y	NEGATIVE = No bands present indicating absence of anti-HIV-1 antibody. Please submit another OraSure (or serum) sample one month following the first sample for repeat testing.	2007-05-07 14:23:44	H2	3	\N
24	Y	INDETERMINATE = Band pattern does not meet criteria for positive. Repeatedly similar indeterminate patterns indicate bands not specific for HIV. Please submit another OraSure (or serum) sample on month following the first sample for repeat testing.	2007-05-07 14:23:44	H3	3	\N
273	N	ABI 7000	2009-07-31 10:03:29.609	\N	3	\N
520	Y	Pateuse	2009-12-04 13:21:26.574	PATEUSE	38	\N
600	Y	GP160	2010-01-12 13:51:53.513	GP160	38	\N
601	Y	P66	2010-01-12 13:52:41.926	P66	38	\N
640	Y	P55	2010-01-12 13:52:58.472	P55	38	\N
641	Y	P51	2010-01-12 13:53:16.312	P51	38	\N
25	Y	One or more bands are present but the blot does not meet the criteria for a positive HIV-1 Western Blot result. NOTE: The HIV-1 Western Blot confirms the presence of antibodies to HIV. This test does not always distinguish between the antibodies to HIV-1 and HIV-2 due to cross reactivity between the antibodies. If you suspect HIV-2, please contact the MDH Epidemiology at 877-676-5414 or 651-201-5414.	2007-05-07 14:23:44	H13	3	\N
26	Y	No bands present on the HIV-1 Western Blot. NOTE:The HIV-1 Western Blot confirms the presence of antibodies to HIV. This test does not always distinguish between the antibodies to HIV-1 and HIV-2 due to cross reactivity between the antibodies. If you suspect HIV-2, please contact the MDH Epidemiology at 877-676-5414 or 651-201-5414.	2007-05-07 14:23:44	H14	3	\N
27	Y	The HIV-1 Western Blot confirms the presence of antibodies to HIV. This test does not always distinguish between the antibodies to HIV-1 and HIV-2 due to cross reactivity between the antibodies. If you suspect HIV-2, please contact the MDH Epidemiology at 877-676-5414 or 651-201-5414.	2007-05-07 14:23:44	H12	3	\N
28	Y	PRELIMINARY POSITIVE screen for HIV-1 antibodies and PRELIMINARY NEGATIVE screen for HIV-2 antibodies	2007-05-07 14:23:44	H8	3	\N
29	Y	PRELIMINARY NEGATIVE screen for HIV-1 antibodies and PRELIMINARY POSITIVE screen for HIV-2 antibodies	2007-05-07 14:23:44	H9	3	\N
30	Y	PRELIMINARY POSITIVE screen for antibodies to HIV-1 and HIV-2, undifferentiated	2007-05-07 14:23:44	H10	3	\N
31	Y	PRELIMINARY NEGATIVE screen for HIV-1 and HIV-2 antibodies	2007-05-07 14:23:44	H11	3	\N
32	Y	No anti-HIV-1/HIV-2 Plus O antibodies detected.	2007-05-07 14:23:44	H30	3	\N
336	Y	Override result	2007-10-25 10:58:11	\N	36	\N
338	Y	No comments.	2007-11-14 17:03:46.77	\N	3	\N
252	Y	Non-motile	2007-10-08 09:56:08.255	\N	3	\N
253	Y	Test not performed	2007-12-27 03:51:18.518	\N	3	\N
254	Y	Not lysed by phage	2007-10-08 09:56:44.403	\N	3	\N
255	Y	Lysed by phage	2007-10-08 09:57:04.542	\N	3	\N
256	Y	Not performed	2007-10-08 09:57:57.952	\N	3	\N
257	Y	Non-encapsulated	2007-10-08 09:58:19.183	\N	3	\N
258	Y	Encapsulated	2007-10-08 09:58:32.744	\N	3	\N
259	Y	Catalase produced	2007-10-08 09:59:18.243	\N	3	\N
260	Y	No spores	2007-10-08 09:59:32.582	\N	3	\N
261	Y	No Bacillus Anthracis cells detected	2007-10-08 10:02:18.847	\N	3	\N
262	Y	Presumptive result for Bacillus anthracis cells	2007-10-08 10:02:53.064	\N	3	\N
263	Y	No Bacillus anthracis spres detected	2007-10-08 10:03:17.726	\N	3	\N
264	Y	Presumptive results for Bacillus anthracis spores	2007-10-08 10:03:49.025	\N	3	\N
279	Y	Negative: Bacilli in chains	2007-10-08 07:45:50.345	\N	3	\N
280	Y	Negative: Bacilli in no discernable pattern	2007-10-08 07:46:58.699	\N	3	\N
281	Y	Negative: Bacilli in clusters	2007-10-08 07:47:16.713	\N	3	\N
282	Y	Negative: Bacilli in pairs	2007-10-08 07:47:35.311	\N	3	\N
283	Y	Negative: Cocci in chains	2007-10-08 08:02:26.586	\N	3	\N
284	Y	Negative: Cocci in no discernable pattern	2007-10-08 07:48:09.441	\N	3	\N
285	Y	Negative: Cocci in clusters	2007-10-08 07:48:28.11	\N	3	\N
286	Y	Negative: Cocci in pairs	2007-10-08 07:48:43.603	\N	3	\N
287	Y	Negative: Coccobacilli in chains	2007-10-08 07:49:05.522	\N	3	\N
288	Y	Negative: Coccobacilli in no discernable pattern	2007-10-08 07:49:46.483	\N	3	\N
289	Y	Negative: Coccobacilli in clusters	2007-10-08 07:50:05.555	\N	3	\N
290	Y	Negative: Coccobacilli in pairs	2007-10-08 07:50:28.128	\N	3	\N
291	Y	Negative: Other	2007-10-08 07:50:46.049	\N	3	\N
292	Y	Positive: Bacilli in chains	2007-10-08 07:51:33.771	\N	3	\N
293	Y	Positive: Bacilli in no discernable pattern	2007-10-19 14:22:55.748	+B	3	\N
294	Y	Positive: Bacilli in clusters	2007-10-08 07:52:14.538	\N	3	\N
295	Y	Positive: Bacilli in pairs	2007-10-08 07:52:28.789	\N	3	\N
296	Y	Positive: Cocci in chains	2007-10-08 07:52:46.549	\N	3	\N
297	Y	Positive: Cocci in no discernable pattern	2007-10-08 07:53:04.245	\N	3	\N
298	Y	Positive: Cocci in clusters	2007-10-08 07:53:21.216	\N	3	\N
299	Y	Positive: Cocci in pairs	2007-10-08 07:53:41.896	\N	3	\N
300	Y	Positive: Coccobacilli in chains	2007-10-08 07:53:59.557	\N	3	\N
301	Y	Positive: Coccobacilli in no discernable pattern	2007-10-08 07:54:17.456	\N	3	\N
302	Y	Positive: Coccobacilli in clusters	2007-10-08 07:54:42.972	\N	3	\N
303	Y	Positive:  Coccobacilli in pairs	2007-10-08 07:55:06.109	\N	3	\N
304	Y	Positive: Other	2007-10-19 14:20:46.60	+O	3	\N
305	Y	Variable: Bacilli in chains	2007-10-08 07:55:41.877	\N	3	\N
314	Y	Variable: Coccobacilli in no discernable pattern	2007-10-08 07:59:43.354	\N	3	\N
315	Y	Variable: Coccobacilli in clusters	2007-10-08 08:00:03.637	\N	3	\N
316	Y	Variable: Coccobacilli in pairs	2007-10-08 08:00:25.013	\N	3	\N
317	Y	Variable: Other	2007-10-08 08:00:42.907	\N	3	\N
318	Y	Positive: Coccobacilli in pairs	2007-10-08 08:03:43.41	\N	3	\N
319	Y	Roche Fast Start DNA Master Hybridization Probe Kit	2007-10-09 08:36:41.538	\N	3	\N
320	Y	Unsatisfactory	2007-10-09 08:43:16.297	UNS	3	\N
321	Y	Fluorescence detected +1	2007-10-09 08:59:17.731	\N	3	\N
322	Y	Fluorescence detected +2	2007-10-09 08:59:36.507	\N	3	\N
323	Y	Fluorescence detected +3	2007-10-09 08:59:46.012	\N	3	\N
324	Y	Fluorescence detected +4	2007-10-09 08:59:54.726	\N	3	\N
325	Y	No fluorescence detected	2007-10-09 09:00:19.689	\N	3	\N
326	Y	Influenza Virus A RNA Not Detected	2007-10-09 13:43:45.111	\N	3	\N
327	Y	Influenza Virus RNA Detected	2007-10-09 13:48:00.927	\N	3	\N
330	Y	Influenza Virus A/H3 RNA Detected	2007-10-11 08:47:57.952	\N	35	\N
329	Y	Influenza Virus A/H1 RNA Detected	2007-10-11 08:47:33.595	\N	35	\N
331	Y	Influenza Virus A/H5 RNA Detected	2007-10-11 08:50:08.869	\N	35	\N
332	Y	Influenza Virus A RNA Detected	2007-10-11 08:50:34.933	\N	35	\N
333	Y	Influenza Virus A/Untypeable	2007-10-11 08:51:02.16	\N	3	\N
357	Y	Suspect Colonies Present	2007-12-10 08:52:40.007	AAA	3	\N
361	Y	No Suspect Colonies Present	2007-12-11 04:45:11.60	\N	3	\N
362	Y	Gamma Hemolytic Not Detected	2007-12-11 04:46:25.383	\N	3	\N
363	Y	Alpha Hemolytic	2007-12-11 04:46:41.619	\N	3	\N
364	Y	Alpha Hemolytic Not Detected	2007-12-11 04:47:08.684	\N	3	\N
365	Y	Beta Hemolytic	2007-12-11 04:47:17.573	\N	3	\N
366	Y	Beta Hemolytic Not Detected	2007-12-11 04:47:35.056	\N	3	\N
367	Y	Choose Equipment	2007-12-11 05:34:07.166	\N	3	\N
380	Y	Results usually indicate syphilis. A follow-up specimen is recommended to confirm this result unless another specimen has already been submitted within the past 3 months.	2007-12-17 07:36:12.899	RR1	34	\N
381	Y	Results usually indicate syphilis.	2007-12-17 07:36:43.609	RR2	34	\N
382	Y	Nonreactive FTA-ABS test result does not confirm syphilis.	2007-12-17 07:37:16.386	RN	34	\N
383	Y	Results indicate previous syphilis (treated or untreated) or late syphilis. A follow-up specimen is recommended to confirm this result unless another specimen has already been submitted.	2007-12-17 07:38:33.035	NR1	34	\N
1	Y	INFLUENZA VIRUS A RNA DETECTED	2007-10-11 08:46:19.447	\N	3	\N
2	Y	INFLUENZA VIRUS A/H1 RNA DETECTED	2007-10-11 08:46:31.254	\N	3	\N
3	Y	INFLUENZA VIRUS A/H5 RNA DETECTED	2007-10-11 08:46:52.81	\N	3	\N
4	Y	INFLUENZA VIRUS A/H3 RNA DETECTED	2007-10-11 08:46:42.949	\N	3	\N
14	Y	Giardia lamblia trophozoites	2007-04-02 15:15:41.835	\N	3	\N
15	Y	Entamoeba histolytica cysts	2007-04-02 15:16:08.952	\N	3	\N
229	Y	Viral Agent Not Isolated	2007-10-09 13:25:15.857	VANI	34	\N
384	Y	Results indicate previous syphilis (treated or untreated) or late syphilis.	2007-12-17 07:39:11.179	NR2	34	\N
397	Y	1+	2007-12-27 02:36:49.169	\N	3	\N
406	Y	Dilution 1:10	2007-12-27 03:06:21.748	\N	3	\N
407	Y	Dilution 1:100	2007-12-27 03:06:32.554	\N	3	\N
408	Y	Dilution 1:1000	2007-12-27 03:06:48.844	\N	3	\N
409	Y	No Bacillus anthracis cells detected by TRF	2007-12-27 03:08:09.884	\N	3	\N
410	Y	Presumptive result for Bacillus anthracis cells by TRF	2007-12-27 03:08:48.806	\N	3	\N
411	Y	No Bacillus anthracis sprores detected by TRF	2007-12-27 03:10:11.36	\N	3	\N
412	Y	Presumptive results for Bacillus anthracis spores by TRF	2007-12-27 03:10:54.525	\N	3	\N
413	Y	Susceptible	2007-12-27 03:42:09.733	\N	3	\N
414	Y	Nonsusceptible - Contact CDC for confirmation of resistance	2007-12-27 03:45:53.502	\N	3	\N
415	Y	No Pass	2007-12-27 03:46:15.051	\N	3	\N
416	Y	Pass	2007-12-27 03:46:24.654	\N	3	\N
6	Y	PRELIMINARY POSITIVE	2007-02-13 14:47:16.565	\N	3	\N
7	Y	PRELIMINARY NEGATIVE	2007-02-13 14:47:27.368	\N	3	\N
8	N	gram + rod	2007-12-11 05:24:10.354	\N	3	\N
9	N	gram - rod	2007-12-11 05:24:18.07	\N	3	\N
10	Y	Bacillus species (not anthracis)	2007-02-14 14:42:03.911	\N	3	\N
12	Y	Brucella species	2007-03-30 15:22:28.09	\N	3	\N
385	Y	FTA-ABS test result equivocal. A follow-up specimen is recommended in 2-3 weeks to check for a possible early infection.	2007-12-17 07:40:11.015	BOR1	34	\N
386	Y	FTA-ABS test result equivocal.	2007-12-17 07:40:31.918	BOR2	34	\N
387	Y	Antibody detected may be maternal. Other criteria must be used to rule out congenital syphilis.	2007-12-18 05:29:09.034	INF	34	\N
388	Y	Staining is atypical. Results are uninterpretable. Please submit another specimen.	2007-12-17 07:41:59.546	ATYP	34	\N
398	Y	1/2+	2007-12-27 02:37:25.718	\N	3	\N
399	Y	2+	2007-12-27 02:37:34.275	\N	3	\N
400	Y	2/3+	2007-12-27 02:37:44.413	\N	3	\N
401	Y	3+	2007-12-27 02:37:52.447	\N	3	\N
402	Y	3/4+	2007-12-27 02:38:00.824	\N	3	\N
403	Y	4+	2007-12-27 02:38:09.595	\N	3	\N
404	Y	FTA Reactive	2007-12-27 02:39:48.232	F	34	\N
405	Y	Fluorescence	2007-12-27 02:40:02.324	R	34	\N
417	Y	< 0.002 ug/ml	2007-12-27 07:31:23.462	\N	3	\N
418	Y	= 0.002 ug/ml	2007-12-27 07:31:40.039	\N	3	\N
419	Y	=0.003 ug/ml	2007-12-27 07:31:59.163	\N	3	\N
420	Y	=0.004 ug/ml	2007-12-27 07:32:12.161	\N	3	\N
421	Y	=0.006 ug/ml	2007-12-27 07:32:25.987	\N	3	\N
422	Y	=0.008 ug/ml	2007-12-27 07:32:40.565	\N	3	\N
423	Y	=0.012 ug/ml	2007-12-27 07:32:54.853	\N	3	\N
424	Y	=0.016 ug/ml	2007-12-27 07:33:07.974	\N	3	\N
425	Y	=0.023 ug/ml	2007-12-27 07:33:19.043	\N	3	\N
426	Y	=0.032 ug/ml	2007-12-27 07:33:33.124	\N	3	\N
427	Y	=0.047 ug/ml	2007-12-27 07:33:45.267	\N	3	\N
428	Y	=0.064 ug/ml	2007-12-27 07:33:58.572	\N	3	\N
429	Y	=0.094 ug/ml	2007-12-27 07:34:11.959	\N	3	\N
430	Y	=0.125 ug/ml	2007-12-27 07:34:28.266	\N	3	\N
431	Y	=0.19 ug/ml	2007-12-27 07:34:45.808	\N	3	\N
432	Y	=0.25 ug/ml	2007-12-27 07:34:56.729	\N	3	\N
433	Y	=0.38 ug/ml	2007-12-27 07:35:09.267	\N	3	\N
434	Y	=0.5 ug/ml	2007-12-27 07:35:21.777	\N	3	\N
435	Y	=0.75 ug/ml	2007-12-27 07:35:33.775	\N	3	\N
436	Y	=1.0 ug/ml	2007-12-27 07:35:45.211	\N	3	\N
437	Y	=1.5 ug/ml	2007-12-27 07:35:56.407	\N	3	\N
438	N	=2.3 ug/ml	2007-12-27 08:29:59.506	\N	3	\N
439	N	=4.6 ug/ml	2007-12-27 08:33:16.223	\N	3	\N
440	Y	=8 ug/ml	2007-12-27 07:36:35.588	\N	3	\N
441	Y	=12 ug/ml	2007-12-27 07:36:46.709	\N	3	\N
442	Y	=16 ug/ml	2007-12-27 07:36:55.681	\N	3	\N
443	Y	=24 ug/ml	2007-12-27 07:37:23.01	\N	3	\N
444	Y	=32 ug/ml	2007-12-27 07:37:38.262	\N	3	\N
445	Y	> 32 ug/ml	2007-12-27 07:37:55.913	\N	3	\N
446	Y	< 0.016 ug/ml	2007-12-27 07:38:44.343	\N	3	\N
447	Y	=48 ug/ml	2007-12-27 07:39:15.52	\N	3	\N
448	Y	=64 ug/ml	2007-12-27 07:39:25.217	\N	3	\N
449	Y	=96 ug/ml	2007-12-27 07:39:36.704	\N	3	\N
450	Y	=128 ug/ml	2007-12-27 07:39:52.246	\N	3	\N
451	Y	=192 ug/ml	2007-12-27 07:40:02.528	\N	3	\N
452	Y	=256 ug/ml	2007-12-27 07:40:16.527	\N	3	\N
453	Y	> 256 ug/ml	2007-12-27 07:40:25.681	\N	3	\N
454	Y	Tetracycline	2007-12-27 07:42:15.347	\N	3	\N
455	Y	=2.0 ug/ml	2007-12-27 08:30:11.726	\N	3	\N
456	Y	=3.0 ug/ml	2007-12-27 08:30:19.976	\N	3	\N
457	Y	=4.0 ug/ml	2007-12-27 08:33:31.812	\N	3	\N
458	Y	=6.0 ug/ml	2007-12-27 08:33:42.375	\N	3	\N
477	Y	Influenza Virus A/H7 RNA Detected	2008-01-23 08:05:11.335	\N	35	\N
478	Y	Influenza Virus A/H9 RNA Detected	2008-01-23 08:05:36.034	\N	35	\N
45	Y	Influenza Virus A/H1	2007-10-11 08:36:26.062	\N	35	\N
46	Y	Influenza Virus A/H7	2007-10-11 08:36:50.383	\N	35	\N
47	Y	Influenza Virus A/H9	2007-10-11 08:36:58.426	\N	35	\N
337	Y	dummy placeholder	2007-11-14 14:06:05.175	\N	3	\N
49	Y	INDETERMINATE	2006-09-28 09:02:04.359	\N	34	\N
50	Y	UNSATISFACTORY	2006-09-20 16:28:00	\N	35	\N
11	Y	Coded comments need to be added	2007-02-27 11:11:45.697	\N	3	\N
52	Y	NOT DETECTED	2006-10-05 12:29:29.094	\N	3	\N
13	Y	Giardia lamblia cysts	2007-04-02 15:15:17.813	\N	3	\N
54	Y	REACTIVE	2006-10-31 11:40:34.312	\N	34	\N
55	Y	NONREACTIVE	2006-09-07 08:47:17	\N	34	\N
147	Y	POSITIVE = Any two of the following bands present: p24,gp41, and gp 120/160. Other viral bands may be present. Indicates patient is positive for anti-HIV-1 antibody.	2007-02-13 13:49:27.544	\N	34	\N
33	Y	FINAL INTERPRETATION: These results most closely indicate the presence of HIV-1 antibodies.	2007-05-07 14:27:13	H21	3	\N
58	Y	MID = Patient ID ON Specimen and Request Mismatched	2007-10-09 13:23:44.957	\N	34	\N
59	Y	NR = Specimen/Culture Not Received	2007-10-09 13:24:37.161	\N	34	\N
60	Y	GH = Gross Hemolysis of Specimen	2007-10-09 13:22:48.171	\N	34	\N
61	Y	ANO = Please Submit Another Specimen.	2007-10-09 13:22:23.13	\N	34	\N
148	Y	NEGATIVE = No bands are present indicating absence of anti-HIV-1 antibody. Please submit another OraSure (or serum) sample one month following the first sample for repeat testing.	2007-02-13 14:03:58.845	\N	34	\N
67	Y	Influenza Virus A/H5	2007-10-11 08:36:42.02	\N	35	\N
115	Y	SENSITIVE	2006-10-03 09:25:20	\N	3	\N
120	Y	Preliminary	2007-10-09 13:31:55.42	\N	3	\N
121	Y	FINAL	2006-10-03 09:48:58	\N	3	\N
127	Y	Bacillus anthracis not found	2006-10-11 14:25:42	\N	3	\N
128	Y	+	2006-10-23 14:46:29.656	\N	3	\N
358	Y	Variable: Bacilli in pairs	2007-12-11 03:18:22.068	\N	3	\N
44	Y	Influenza Virus A/H3	2007-10-11 08:36:34.112	\N	35	\N
66	Y	INDETERMINATE = Band pattern does not meet criteria for positive. Repeatedly similar indeterminate patterns indicate bands not specific for HIV. Please submit another OraSure (or serum) sample one month following the first sample for repeat testing.	2007-02-13 13:52:38.554	\N	34	\N
77	Y	No Growth	2007-10-09 13:29:29.012	\N	3	\N
359	Y	Spores Present	2007-12-11 03:49:49.524	\N	3	\N
360	Y	Atypical Suspect Colonies	2007-12-11 04:16:34.021	\N	3	\N
368	Y	ABI 7500	2007-12-11 05:37:39.257	\N	3	\N
34	Y	FINAL INTERPRETATION: These results most closely indicate the presence of HIV-2 antibodies; however, confirmation testing for HIV-2 will be performed at the Centers for Disease Control and Prevention on this current specimen.	2007-05-07 14:27:13	H22	3	\N
80	Y	Gamma Hemolytic	2006-09-20 16:35:46	\N	3	\N
378	Y	BORDERLINE	2007-12-17 07:34:03.607	BOR	3	\N
35	Y	FINAL INTERPRETATION: These results most closely indicate the presence of HIV antibodies (without differentiation). Please submit another specimen one month following the collection of the first specimen for repeat testing. This subsequent specimen may allow for HIV antibody differentiation.	2007-05-07 14:27:13	H23	3	\N
36	Y	FINAL INTERPRETATION: These results most closely indicate the presence of HIV-1 antibodies. Please submit another specimen one month following the first specimen for repeat testing. This subsequent specimen may allow for confirmation of HIV-1 antibodies.	2007-05-07 14:27:13	H24	3	\N
497	Y	A	2009-07-31 10:02:01.984		3	\N
498	Y	AB	2009-07-31 10:04:27.937		34	\N
499	Y	O	2009-07-31 10:04:53.609		35	\N
501	Y	A	\N	\N	\N	\N
502	Y	Trace	2009-07-31 10:33:15.796	TRACE	38	\N
504	Y	AB	2009-07-31 10:33:37.953	AB	38	\N
506	Y	Wucheria Bancrofti	2009-07-31 10:34:20.468	WUCH BANC	38	\N
507	Y	Manzonella Ozardi	2009-07-31 10:34:38.765	MANZ OZ	38	\N
508	Y	Forme trophozoite	2009-07-31 10:34:55.468	F TROPH	38	\N
509	Y	Forme Gametocyte	2009-07-31 10:35:18.484	F GAM	38	\N
510	Y	Forme Shizogonique	2009-07-31 10:35:38.015	F SHIZ	38	\N
511	Y	Intermediare	2009-07-31 10:35:58.671	INTER	38	\N
516	Y	En Amas	2009-07-31 10:37:49.937	AMAS	38	\N
517	Y	Liquide	2009-07-31 10:38:10.468	LIQU	38	\N
518	Y	Diarrheique	2009-07-31 10:38:32	DIAR	38	\N
519	Y	Molle	2009-07-31 10:38:47.187	MOLL	38	\N
521	Y	Moule	2009-07-31 10:39:30.14	MOUL	38	\N
522	Y	Dure	2009-07-31 10:39:46.218	DURE	38	\N
523	Y	Isospora Belli	2009-07-31 10:40:09.546	ISO BELLI	38	\N
524	Y	Cryptosporidium Parvum	2009-07-31 10:40:24.125	CRYP PARV	38	\N
525	Y	Cryptosporidium Cayetanensis	2009-07-31 10:40:42.046	CRYP CAY	38	\N
526	Y	Cyclospora	2009-07-31 10:41:01.093	CYCLOSPORA	38	\N
527	Y	Cryptosporidium canum	2009-07-31 10:41:24.296	CRYP CANUM	38	\N
528	Y	Toxoplasma Gondii	2009-07-31 10:41:39.625	TOX GONDII	38	\N
529	Y	Cryptosporidium andersoni	2009-07-31 10:41:58.812	CRYP ANDE	38	\N
531	Y	Cryptosporidium bailey	2009-07-31 10:42:18.218	CRYP BAIL	38	\N
532	Y	Cryptosporidium canis	2009-07-31 10:42:31.984	CRYP CANIS	38	\N
533	Y	Cryptosporidium felis	2009-07-31 10:42:46.406	CRYP FELIS	38	\N
534	Y	Cryptosporidium galli	2009-07-31 10:43:19.968	CRYP GALLI	38	\N
535	Y	Cryptosporidium hominis	2009-07-31 10:43:38.593	CRYP HOMIN	38	\N
536	Y	Cryptosporidium meleagridis	2009-07-31 10:43:52.828	CRYP MELEA	38	\N
537	Y	Cryptosporidium muris	2009-07-31 10:44:03.921	CRYP MURIS	38	\N
538	Y	Cryptosporidium saurophilum	2009-07-31 10:44:44.187	CRYP SAUR	38	\N
539	Y	Cryptosporidium serpentis	2009-07-31 10:44:57.812	CRYP SERP	38	\N
540	Y	Cryptosporidium wrairi	2009-07-31 10:45:13.50	CRYP WRAIR	38	\N
541	Y	Tres Positive	2009-07-31 10:45:40.156	TRES POS	38	\N
542	Y	Positif	2009-07-31 10:45:59.906	POSITIF	38	\N
543	Y	Faiblement Positif	2009-07-31 10:46:22.171	F POS	38	\N
544	Y	Negatif	2009-07-31 10:46:33.984	NEG	38	\N
545	Y	Normal	2009-07-31 10:47:12.468	NORM	38	\N
546	Y	Anormal	2009-07-31 10:48:06.64	ANORM	38	\N
547	Y	Ascaris Lumbricoides	2009-07-31 10:48:52.656	ASC LUMB	38	\N
548	Y	Enterobius Vermicularis	2009-07-31 10:49:08.578	ENT VERM	38	\N
549	Y	Necator Americanus	2009-07-31 10:49:25.14	NEC AM	38	\N
550	Y	Ancyclostoma Duodenale	2009-07-31 10:49:44.468	ANC DU	38	\N
551	Y	Trichnella Spiralis	2009-07-31 10:50:01.765	TRICH SPIR	38	\N
552	Y	Toxocara Canis	2009-07-31 10:50:21.50	TOX CAN	38	\N
553	Y	Dracunculus Medinensis	2009-07-31 10:50:41.812	DRAC MED	38	\N
554	Y	Entamoeba Histolitica	2009-07-31 10:51:02.718	ENT HIST	38	\N
555	Y	Entamoeba Coli	2009-07-31 10:51:14.984	ENT COLI	38	\N
556	Y	Iodamoeba	2009-07-31 10:51:43.328	IODAMOEBA	38	\N
557	Y	Giardia	2009-07-31 10:51:55	GIARDIA	38	\N
558	Y	Lamblia	2009-07-31 10:52:06.078	LAMBLIA	38	\N
559	Y	Trichomonas Intestinalis	2009-07-31 10:52:32.562	TRICH INT	38	\N
560	Y	Trouble	2009-07-31 10:53:14.656	TROUBLE	38	\N
513	Y	Positif (++)	2009-07-31 10:36:51	++	38	\N
514	Y	Positif (+++)	2009-07-31 10:37:07.50	+++	38	\N
515	Y	Positif (++++)	2009-07-31 10:37:23.781	++++	38	\N
561	Y	Clair	2009-07-31 10:53:32.218	CLAIR	38	\N
562	Y	lipemique	2009-07-31 10:53:44.484	LIPEMIQUE	38	\N
563	Y	icterique	2009-07-31 10:53:55.859	ICTERIQUE	38	\N
564	Y	Autre	2009-07-31 10:54:14.468	AUTRE	38	\N
565	Y	Indetermin	2009-07-31 10:55:02.437	IND	38	\N
566	Y	Jaune Paille	2009-07-31 10:55:31.296	JAU PAI	38	\N
567	Y	Jaune Citrin	2009-07-31 10:55:48.484	JAU CIT	38	\N
568	Y	Jaune Foncee	2009-07-31 10:56:08.375	JAU FONC	38	\N
569	Y	Rouge	2009-07-31 10:56:24.093	ROUG	38	\N
570	Y	Marron	2009-07-31 10:56:38.109	MARR	38	\N
571	Y	Fonce	2009-07-31 10:56:55.39	FONCE	38	\N
572	Y	Granuleux	2009-07-31 10:57:35.468	GRAN	38	\N
573	Y	Cireux	2009-07-31 10:57:52.062	CIREUX	38	\N
505	Y	O+	2009-07-31 10:33:44.359	O	38	\N
377	Y	Ractif	2007-12-17 07:33:39.319	R	3	\N
574	Y	Hyalin	2009-07-31 10:58:03.796	HYALIN	38	\N
512	Y	Positif (+)	2009-07-31 10:36:35.953	+	38	\N
575	Y	Entamoeba Hartmani	\N	ENT HART	38	\N
576	Y	Endolimax Nana	\N	END NANA	38	\N
577	Y	Dientamoeba Fragilis	\N	DIEN FRAG	38	\N
578	Y	Chilomastix Mesnili	\N	CHIL MES	38	\N
579	Y	Balantidium Coli	\N	BAL COLI	38	\N
580	Y	Ankylostome Duodenale	2009-08-05 22:08:36.758	ANK DUO	38	\N
620	Y	GP120	2010-01-12 13:52:20.146	GP120	38	\N
621	Y	P31	2010-01-12 13:53:32.533	P31	38	\N
602	Y	GP41	2010-01-12 13:53:49.129	GP41	38	\N
642	Y	P24	2010-01-12 13:54:05.318	P24	38	\N
622	Y	P17	2010-01-12 13:54:18.086	P17	38	\N
660	Y	Demographic Response Yes (in Yes, No or Unknown)	\N	Yes	57	answer.yes
661	Y	Demographic Response No (Yes, No or Unknown)	\N	No	57	answer.no
662	Y	Demographic Response Unknown (Yes, No or Unknown)	\N	Unknown	57	answer.unknown
663	Y	Filament Mycelium	2010-06-11 13:00:20.364	MYCELIUM	38	\N
680	Y	Levures bourgeonnante	2010-06-11 13:01:37.136	BOURGEON	38	\N
665	Y	Leucocytaire	2010-06-11 13:02:26.365	LEUCOCYTA	38	\N
666	Y	Hematique	2010-06-11 13:02:43.815	HEMATIQUE	38	\N
667	Y	Forme Gametocyte +	2010-06-11 13:38:31.725	F GAM +	38	\N
668	Y	Forme Gametocyte ++	2010-06-11 13:38:52.16	F GAM ++	38	\N
669	Y	Forme Gametocyte +++	2010-06-11 13:39:07.458	F GAM +++	38	\N
670	Y	Forme Trophozoite +	2010-06-11 13:39:28.926	FT +	38	\N
671	Y	Forme Trophozoite ++	2010-06-11 13:39:45.658	FT ++	38	\N
672	Y	Forme Trophozoite +++	2010-06-11 13:40:00.668	FT +++	38	\N
673	Y	Forme Schizogonique +	2010-06-11 13:40:33.045	F SCH +	38	\N
674	Y	Forme Schizogonique ++	2010-06-11 13:41:00.281	F SCH ++	38	\N
675	Y	Forme Schizogonique +++	2010-06-11 13:41:14.423	F SCH +++	38	\N
681	Y	Verdatre	2010-06-11 13:47:22.95	VERDATRE	38	\N
682	Y	filament mycelium +	2010-06-11 13:51:11.334	FIL MYC +	38	\N
683	Y	Filament Mycelium ++	2010-06-11 13:51:26.629	FIL MYC ++	38	\N
687	Y	Filament Mycelium +++	2010-06-11 13:52:02.10	FIL MYC+++	38	\N
688	Y	Levures Bourgeonnante +	2010-06-11 13:52:50.848	BOURG +	38	\N
689	Y	Levures Bourgennante ++	2010-06-11 13:53:17.484	BOURG ++	38	\N
690	Y	Levures Bourgeonnante +++	2010-06-11 13:53:46.572	BOURG +++	38	\N
700	Y	1/40	2010-06-11 14:35:01.42	1/40	38	\N
701	Y	1/80	2010-06-11 14:35:13.198	1/80	38	\N
702	Y	1/160	2010-06-11 14:35:23.896	1/160	38	\N
703	Y	1/320	2010-06-11 14:35:32.829	1/320	38	\N
720	Y	The data entry has not yet started	2010-10-28 06:10:34.12594	Not Start	77	record.notStarted
721	Y	The initial entry has been done	2010-10-28 06:10:34.12594	Init Ent	77	record.initialEntry
722	Y	The second, validation, entry has been done	2010-10-28 06:10:34.12594	Valid Ent	77	record.validationEntry
723	Y	There is reason to suspect that the form was not filled out correctly	2010-10-28 06:10:34.12594	Under Inv	77	record.underInvestigation
740	Y	Sanguilant	2010-11-17 09:20:03.11	SANGUILANT	38	\N
741	Y	Rougeatre	2010-11-17 09:22:58.382	ROUGEATRE	38	\N
742	Y	Jaunatre	2010-11-17 09:26:45.571	JAUNATRE	38	\N
743	Y	Presence	2010-11-17 09:31:17.195	PRESENCE	38	\N
744	Y	Absence	2010-11-17 09:31:27.279	ABSENCE	38	\N
500	Y	A+	2009-07-31 10:21:31.718		38	\N
503	Y	B+	2009-07-31 10:33:27.875	B	38	\N
760	Y	A-	2011-01-13 16:38:57.055	A-	38	\N
761	Y	B-	2011-01-13 16:39:04.557	B-	38	\N
762	Y	O-	2011-01-13 16:39:13.848	O-	38	\N
780	Y	Spores	2011-01-28 14:19:29.289	SPORES	38	\N
783	Y	Levures Simple	2011-01-28 14:20:31.926	LEVURES S	38	\N
785	Y	Onchocera Volvulus	2011-01-28 14:28:39.786	ONCH VOLV	38	\N
786	Y	Loa Loa	2011-01-28 14:28:52.194	LOA LOA	38	\N
800	Y	Positive	2011-02-04 12:44:11.734798	\N	97	dict.HIVResult.positive
801	Y	Negative	2011-02-04 12:44:11.734798	\N	97	dict.HIVResult.negative
802	Y	Indeterminate	2011-02-04 12:44:11.734798	\N	97	dict.HIVResult.indeterminate
379	Y	Non Ractif	2007-12-17 07:34:19.397	NR	3	\N
63	Y	Ngatif	2006-09-20 16:28:31	\N	3	\N
62	Y	Positif	2006-09-20 16:28:29	\N	3	\N
94	Y	Indtermin	2006-09-20 16:32:51	\N	3	\N
\.


--
-- Data for Name: dictionary_category; Type: TABLE DATA; Schema: clinlims; Owner: clinlims
--

COPY dictionary_category (id, description, lastupdated, local_abbrev, name) FROM stdin;
34	VIROLOGY	2006-09-28 09:03:13.541	V	V
35	MOLECULAR EPI	2006-11-08 08:52:56.228	E	E
1	GONORRHEA CULTURE 	2007-10-26 05:15:27.178	GC	GC
3	CLINICAL GENERAL	2007-10-25 16:09:10.239	CG	CG
36	QA Event Type	2007-10-25 10:44:58	Q	Q
37	QA Event Category	2008-10-31 00:00:00	QC	QA Event Category
38	Haiti Lab	2008-10-31 00:00:00	HL	HL
57	Demographic Yes, No, Unknown responses	\N	YesNoUnkn	\N
77	intake status	2010-10-28 06:10:34.12594	REC_STATUS	REC_STATUS
97	Conclusion	2011-02-04 12:44:11.734798	Conclusion	HIVResult
\.


--
-- Data for Name: district; Type: TABLE DATA; Schema: clinlims; Owner: clinlims
--

COPY district (id, city_id, dist_entry, lastupdated, description) FROM stdin;
\.


--
-- Data for Name: ethnicity; Type: TABLE DATA; Schema: clinlims; Owner: clinlims
--

COPY ethnicity (id, ethnic_type, description, is_active) FROM stdin;
\.


--
-- Data for Name: gender; Type: TABLE DATA; Schema: clinlims; Owner: clinlims
--

COPY gender (id, gender_type, description, lastupdated, name_key) FROM stdin;
145	M	MALE	2006-10-10 13:18:40.094	gender.male
146	F	FEMALE	2006-11-21 12:04:02.372	gender.female
\.


--
-- Data for Name: history; Type: TABLE DATA; Schema: clinlims; Owner: clinlims
--

COPY history (id, sys_user_id, reference_id, reference_table, "timestamp", activity, changes) FROM stdin;
1	1	0	0	2011-02-14 16:29:54.699	T	\N
2	1	31	175	2011-02-14 16:31:17.661	D	<compoundId>31</compoundId>\\012
3	1	32	175	2011-02-14 16:31:17.666	D	<compoundId>32</compoundId>\\012
4	1	33	175	2011-02-14 16:31:17.669	D	<compoundId>33</compoundId>\\012
5	1	34	175	2011-02-14 16:31:17.673	D	<compoundId>34</compoundId>\\012
6	1	35	175	2011-02-14 16:31:17.675	D	<compoundId>35</compoundId>\\012
7	1	36	175	2011-02-14 16:31:17.677	D	<compoundId>36</compoundId>\\012
8	1	37	175	2011-02-14 16:31:17.68	D	<compoundId>37</compoundId>\\012
9	1	3	28	2011-02-14 16:31:17.717	U	<isActive>Y</isActive>\\012
10	1	36	50	2011-02-14 16:31:17.843	D	<loginName>itech1</loginName>\\012<password>ernst05!</password>\\012<passwordExpiredDT>2020-06-10</passwordExpiredDT>\\012<passwordExpiredDateForDisplay>10/06/2020</passwordExpiredDateForDisplay>\\012<accountLocked>N</accountLocked>\\012<accountDisabled>N</accountDisabled>\\012<isAdmin>N</isAdmin>\\012<userTimeOut>480</userTimeOut>\\012
11	1	122	175	2011-02-14 16:31:22.773	D	<compoundId>122</compoundId>\\012
12	1	123	175	2011-02-14 16:31:22.777	D	<compoundId>123</compoundId>\\012
13	1	124	175	2011-02-14 16:31:22.781	D	<compoundId>124</compoundId>\\012
14	1	125	175	2011-02-14 16:31:22.783	D	<compoundId>125</compoundId>\\012
15	1	126	175	2011-02-14 16:31:22.785	D	<compoundId>126</compoundId>\\012
16	1	127	175	2011-02-14 16:31:22.787	D	<compoundId>127</compoundId>\\012
17	1	12	28	2011-02-14 16:31:22.798	U	<isActive>Y</isActive>\\012
18	1	12	50	2011-02-14 16:31:22.804	D	<loginName>itech10</loginName>\\012<password>herline7*</password>\\012<passwordExpiredDT>2010-07-11</passwordExpiredDT>\\012<passwordExpiredDateForDisplay>11/07/2010</passwordExpiredDateForDisplay>\\012<accountLocked>N</accountLocked>\\012<accountDisabled>N</accountDisabled>\\012<isAdmin>N</isAdmin>\\012<userTimeOut>480</userTimeOut>\\012
19	1	10	184	2011-02-14 16:32:03.533	U	<value>true</value>\\012
\.


--
-- Data for Name: hl7_encoding_type; Type: TABLE DATA; Schema: clinlims; Owner: clinlims
--

COPY hl7_encoding_type (id, schema_name, lastupdated) FROM stdin;
\.


--
-- Data for Name: htmldb_plan_table; Type: TABLE DATA; Schema: clinlims; Owner: clinlims
--

COPY htmldb_plan_table (statement_id, plan_id, "timestamp", remarks, operation, options, object_node, object_owner, object_name, object_alias, object_instance, object_type, optimizer, search_columns, id, parent_id, depth, "position", cost, cardinality, bytes, other_tag, partition_start, partition_stop, partition_id, other, distribution, cpu_cost, io_cost, temp_space, access_predicates, filter_predicates, projection, "time", qblock_name) FROM stdin;
7146420525171748	1	2008-05-08 14:33:14	\N	SELECT STATEMENT	\N	\N	\N	\N	\N	\N	\N	ALL_ROWS	\N	0	\N	0	238	238	79529	5726088	\N	\N	\N	\N	\N	\N	33895495	232	\N	\N	\N	\N	3	\N
7146420525171748	1	2008-05-08 14:33:14	<remarks><info type="db_version">10.2.0.1</info><info type="parse_schema"><![CDATA["CLINLIMS"]]></info><info type="plan_hash">288471584</info><outline_data><hint><![CDATA[FULL(@"SEL$1" "CITY_STATE_ZIP"@"SEL$1")]]></hint><hint><![CDATA[OUTLINE_LEAF(@"SEL$1")]]></hint><hint><![CDATA[ALL_ROWS]]></hint><hint><![CDATA[OPTIMIZER_FEATURES_ENABLE('10.2.0.1')]]></hint><hint><![CDATA[IGNORE_OPTIM_EMBEDDED_HINTS]]></hint></outline_data></remarks>	TABLE ACCESS	FULL	\N	CLINLIMS	CITY_STATE_ZIP	CITY_STATE_ZIP@SEL$1	1	TABLE	ANALYZED	\N	1	0	1	1	238	79529	5726088	\N	\N	\N	\N	\N	\N	33895495	232	\N	\N	\N	"CITY_STATE_ZIP"."ID"[NUMBER,22], "CITY_STATE_ZIP"."CITY"[VARCHAR2,30], "CITY_STATE_ZIP"."STATE"[VARCHAR2,2], "CITY_STATE_ZIP"."ZIP_CODE"[VARCHAR2,10], "CITY_STATE_ZIP"."COUNTY_FIPS"[NUMBER,22], "CITY_STATE_ZIP"."COUNTY"[VARCHAR2,25], "CITY_STATE_ZIP"."REGION_ID"[NUMBER,22], "CITY_STATE_ZIP"."REGION"[VARCHAR2,30], "CITY_STATE_ZIP"."STATE_FIPS"[NUMBER,22], "CITY_STATE_ZIP"."STATE_NAME"[VARCHAR2,30], "CITY_STATE_ZIP"."LASTUPDATED"[TIMESTAMP,11]	3	SEL$1
7146722603172428	2	2008-05-08 14:33:20	\N	SELECT STATEMENT	\N	\N	\N	\N	\N	\N	\N	ALL_ROWS	\N	0	\N	0	238	238	79529	5726088	\N	\N	\N	\N	\N	\N	33895495	232	\N	\N	\N	\N	3	\N
7146722603172428	2	2008-05-08 14:33:20	<remarks><info type="db_version">10.2.0.1</info><info type="parse_schema"><![CDATA["CLINLIMS"]]></info><info type="plan_hash">288471584</info><outline_data><hint><![CDATA[FULL(@"SEL$1" "CITY_STATE_ZIP"@"SEL$1")]]></hint><hint><![CDATA[OUTLINE_LEAF(@"SEL$1")]]></hint><hint><![CDATA[ALL_ROWS]]></hint><hint><![CDATA[OPTIMIZER_FEATURES_ENABLE('10.2.0.1')]]></hint><hint><![CDATA[IGNORE_OPTIM_EMBEDDED_HINTS]]></hint></outline_data></remarks>	TABLE ACCESS	FULL	\N	CLINLIMS	CITY_STATE_ZIP	CITY_STATE_ZIP@SEL$1	1	TABLE	ANALYZED	\N	1	0	1	1	238	79529	5726088	\N	\N	\N	\N	\N	\N	33895495	232	\N	\N	\N	"CITY_STATE_ZIP"."ID"[NUMBER,22], "CITY_STATE_ZIP"."CITY"[VARCHAR2,30], "CITY_STATE_ZIP"."STATE"[VARCHAR2,2], "CITY_STATE_ZIP"."ZIP_CODE"[VARCHAR2,10], "CITY_STATE_ZIP"."COUNTY_FIPS"[NUMBER,22], "CITY_STATE_ZIP"."COUNTY"[VARCHAR2,25], "CITY_STATE_ZIP"."REGION_ID"[NUMBER,22], "CITY_STATE_ZIP"."REGION"[VARCHAR2,30], "CITY_STATE_ZIP"."STATE_FIPS"[NUMBER,22], "CITY_STATE_ZIP"."STATE_NAME"[VARCHAR2,30], "CITY_STATE_ZIP"."LASTUPDATED"[TIMESTAMP,11]	3	SEL$1
7146420525171748	1	2008-05-08 14:33:14	\N	SELECT STATEMENT	\N	\N	\N	\N	\N	\N	\N	ALL_ROWS	\N	0	\N	0	238	238	79529	5726088	\N	\N	\N	\N	\N	\N	33895495	232	\N	\N	\N	\N	3	\N
7146420525171748	1	2008-05-08 14:33:14	<remarks><info type="db_version">10.2.0.1</info><info type="parse_schema"><![CDATA["CLINLIMS"]]></info><info type="plan_hash">288471584</info><outline_data><hint><![CDATA[FULL(@"SEL$1" "CITY_STATE_ZIP"@"SEL$1")]]></hint><hint><![CDATA[OUTLINE_LEAF(@"SEL$1")]]></hint><hint><![CDATA[ALL_ROWS]]></hint><hint><![CDATA[OPTIMIZER_FEATURES_ENABLE('10.2.0.1')]]></hint><hint><![CDATA[IGNORE_OPTIM_EMBEDDED_HINTS]]></hint></outline_data></remarks>	TABLE ACCESS	FULL	\N	CLINLIMS	CITY_STATE_ZIP	CITY_STATE_ZIP@SEL$1	1	TABLE	ANALYZED	\N	1	0	1	1	238	79529	5726088	\N	\N	\N	\N	\N	\N	33895495	232	\N	\N	\N	"CITY_STATE_ZIP"."ID"[NUMBER,22], "CITY_STATE_ZIP"."CITY"[VARCHAR2,30], "CITY_STATE_ZIP"."STATE"[VARCHAR2,2], "CITY_STATE_ZIP"."ZIP_CODE"[VARCHAR2,10], "CITY_STATE_ZIP"."COUNTY_FIPS"[NUMBER,22], "CITY_STATE_ZIP"."COUNTY"[VARCHAR2,25], "CITY_STATE_ZIP"."REGION_ID"[NUMBER,22], "CITY_STATE_ZIP"."REGION"[VARCHAR2,30], "CITY_STATE_ZIP"."STATE_FIPS"[NUMBER,22], "CITY_STATE_ZIP"."STATE_NAME"[VARCHAR2,30], "CITY_STATE_ZIP"."LASTUPDATED"[TIMESTAMP,11]	3	SEL$1
7146722603172428	2	2008-05-08 14:33:20	\N	SELECT STATEMENT	\N	\N	\N	\N	\N	\N	\N	ALL_ROWS	\N	0	\N	0	238	238	79529	5726088	\N	\N	\N	\N	\N	\N	33895495	232	\N	\N	\N	\N	3	\N
7146722603172428	2	2008-05-08 14:33:20	<remarks><info type="db_version">10.2.0.1</info><info type="parse_schema"><![CDATA["CLINLIMS"]]></info><info type="plan_hash">288471584</info><outline_data><hint><![CDATA[FULL(@"SEL$1" "CITY_STATE_ZIP"@"SEL$1")]]></hint><hint><![CDATA[OUTLINE_LEAF(@"SEL$1")]]></hint><hint><![CDATA[ALL_ROWS]]></hint><hint><![CDATA[OPTIMIZER_FEATURES_ENABLE('10.2.0.1')]]></hint><hint><![CDATA[IGNORE_OPTIM_EMBEDDED_HINTS]]></hint></outline_data></remarks>	TABLE ACCESS	FULL	\N	CLINLIMS	CITY_STATE_ZIP	CITY_STATE_ZIP@SEL$1	1	TABLE	ANALYZED	\N	1	0	1	1	238	79529	5726088	\N	\N	\N	\N	\N	\N	33895495	232	\N	\N	\N	"CITY_STATE_ZIP"."ID"[NUMBER,22], "CITY_STATE_ZIP"."CITY"[VARCHAR2,30], "CITY_STATE_ZIP"."STATE"[VARCHAR2,2], "CITY_STATE_ZIP"."ZIP_CODE"[VARCHAR2,10], "CITY_STATE_ZIP"."COUNTY_FIPS"[NUMBER,22], "CITY_STATE_ZIP"."COUNTY"[VARCHAR2,25], "CITY_STATE_ZIP"."REGION_ID"[NUMBER,22], "CITY_STATE_ZIP"."REGION"[VARCHAR2,30], "CITY_STATE_ZIP"."STATE_FIPS"[NUMBER,22], "CITY_STATE_ZIP"."STATE_NAME"[VARCHAR2,30], "CITY_STATE_ZIP"."LASTUPDATED"[TIMESTAMP,11]	3	SEL$1
7146420525171748	1	2008-05-08 14:33:14	\N	SELECT STATEMENT	\N	\N	\N	\N	\N	\N	\N	ALL_ROWS	\N	0	\N	0	238	238	79529	5726088	\N	\N	\N	\N	\N	\N	33895495	232	\N	\N	\N	\N	3	\N
7146420525171748	1	2008-05-08 14:33:14	<remarks><info type="db_version">10.2.0.1</info><info type="parse_schema"><![CDATA["CLINLIMS"]]></info><info type="plan_hash">288471584</info><outline_data><hint><![CDATA[FULL(@"SEL$1" "CITY_STATE_ZIP"@"SEL$1")]]></hint><hint><![CDATA[OUTLINE_LEAF(@"SEL$1")]]></hint><hint><![CDATA[ALL_ROWS]]></hint><hint><![CDATA[OPTIMIZER_FEATURES_ENABLE('10.2.0.1')]]></hint><hint><![CDATA[IGNORE_OPTIM_EMBEDDED_HINTS]]></hint></outline_data></remarks>	TABLE ACCESS	FULL	\N	CLINLIMS	CITY_STATE_ZIP	CITY_STATE_ZIP@SEL$1	1	TABLE	ANALYZED	\N	1	0	1	1	238	79529	5726088	\N	\N	\N	\N	\N	\N	33895495	232	\N	\N	\N	"CITY_STATE_ZIP"."ID"[NUMBER,22], "CITY_STATE_ZIP"."CITY"[VARCHAR2,30], "CITY_STATE_ZIP"."STATE"[VARCHAR2,2], "CITY_STATE_ZIP"."ZIP_CODE"[VARCHAR2,10], "CITY_STATE_ZIP"."COUNTY_FIPS"[NUMBER,22], "CITY_STATE_ZIP"."COUNTY"[VARCHAR2,25], "CITY_STATE_ZIP"."REGION_ID"[NUMBER,22], "CITY_STATE_ZIP"."REGION"[VARCHAR2,30], "CITY_STATE_ZIP"."STATE_FIPS"[NUMBER,22], "CITY_STATE_ZIP"."STATE_NAME"[VARCHAR2,30], "CITY_STATE_ZIP"."LASTUPDATED"[TIMESTAMP,11]	3	SEL$1
7146722603172428	2	2008-05-08 14:33:20	\N	SELECT STATEMENT	\N	\N	\N	\N	\N	\N	\N	ALL_ROWS	\N	0	\N	0	238	238	79529	5726088	\N	\N	\N	\N	\N	\N	33895495	232	\N	\N	\N	\N	3	\N
7146722603172428	2	2008-05-08 14:33:20	<remarks><info type="db_version">10.2.0.1</info><info type="parse_schema"><![CDATA["CLINLIMS"]]></info><info type="plan_hash">288471584</info><outline_data><hint><![CDATA[FULL(@"SEL$1" "CITY_STATE_ZIP"@"SEL$1")]]></hint><hint><![CDATA[OUTLINE_LEAF(@"SEL$1")]]></hint><hint><![CDATA[ALL_ROWS]]></hint><hint><![CDATA[OPTIMIZER_FEATURES_ENABLE('10.2.0.1')]]></hint><hint><![CDATA[IGNORE_OPTIM_EMBEDDED_HINTS]]></hint></outline_data></remarks>	TABLE ACCESS	FULL	\N	CLINLIMS	CITY_STATE_ZIP	CITY_STATE_ZIP@SEL$1	1	TABLE	ANALYZED	\N	1	0	1	1	238	79529	5726088	\N	\N	\N	\N	\N	\N	33895495	232	\N	\N	\N	"CITY_STATE_ZIP"."ID"[NUMBER,22], "CITY_STATE_ZIP"."CITY"[VARCHAR2,30], "CITY_STATE_ZIP"."STATE"[VARCHAR2,2], "CITY_STATE_ZIP"."ZIP_CODE"[VARCHAR2,10], "CITY_STATE_ZIP"."COUNTY_FIPS"[NUMBER,22], "CITY_STATE_ZIP"."COUNTY"[VARCHAR2,25], "CITY_STATE_ZIP"."REGION_ID"[NUMBER,22], "CITY_STATE_ZIP"."REGION"[VARCHAR2,30], "CITY_STATE_ZIP"."STATE_FIPS"[NUMBER,22], "CITY_STATE_ZIP"."STATE_NAME"[VARCHAR2,30], "CITY_STATE_ZIP"."LASTUPDATED"[TIMESTAMP,11]	3	SEL$1
7146420525171748	1	2008-05-08 14:33:14	\N	SELECT STATEMENT	\N	\N	\N	\N	\N	\N	\N	ALL_ROWS	\N	0	\N	0	238	238	79529	5726088	\N	\N	\N	\N	\N	\N	33895495	232	\N	\N	\N	\N	3	\N
7146420525171748	1	2008-05-08 14:33:14	<remarks><info type="db_version">10.2.0.1</info><info type="parse_schema"><![CDATA["CLINLIMS"]]></info><info type="plan_hash">288471584</info><outline_data><hint><![CDATA[FULL(@"SEL$1" "CITY_STATE_ZIP"@"SEL$1")]]></hint><hint><![CDATA[OUTLINE_LEAF(@"SEL$1")]]></hint><hint><![CDATA[ALL_ROWS]]></hint><hint><![CDATA[OPTIMIZER_FEATURES_ENABLE('10.2.0.1')]]></hint><hint><![CDATA[IGNORE_OPTIM_EMBEDDED_HINTS]]></hint></outline_data></remarks>	TABLE ACCESS	FULL	\N	CLINLIMS	CITY_STATE_ZIP	CITY_STATE_ZIP@SEL$1	1	TABLE	ANALYZED	\N	1	0	1	1	238	79529	5726088	\N	\N	\N	\N	\N	\N	33895495	232	\N	\N	\N	"CITY_STATE_ZIP"."ID"[NUMBER,22], "CITY_STATE_ZIP"."CITY"[VARCHAR2,30], "CITY_STATE_ZIP"."STATE"[VARCHAR2,2], "CITY_STATE_ZIP"."ZIP_CODE"[VARCHAR2,10], "CITY_STATE_ZIP"."COUNTY_FIPS"[NUMBER,22], "CITY_STATE_ZIP"."COUNTY"[VARCHAR2,25], "CITY_STATE_ZIP"."REGION_ID"[NUMBER,22], "CITY_STATE_ZIP"."REGION"[VARCHAR2,30], "CITY_STATE_ZIP"."STATE_FIPS"[NUMBER,22], "CITY_STATE_ZIP"."STATE_NAME"[VARCHAR2,30], "CITY_STATE_ZIP"."LASTUPDATED"[TIMESTAMP,11]	3	SEL$1
7146722603172428	2	2008-05-08 14:33:20	\N	SELECT STATEMENT	\N	\N	\N	\N	\N	\N	\N	ALL_ROWS	\N	0	\N	0	238	238	79529	5726088	\N	\N	\N	\N	\N	\N	33895495	232	\N	\N	\N	\N	3	\N
7146722603172428	2	2008-05-08 14:33:20	<remarks><info type="db_version">10.2.0.1</info><info type="parse_schema"><![CDATA["CLINLIMS"]]></info><info type="plan_hash">288471584</info><outline_data><hint><![CDATA[FULL(@"SEL$1" "CITY_STATE_ZIP"@"SEL$1")]]></hint><hint><![CDATA[OUTLINE_LEAF(@"SEL$1")]]></hint><hint><![CDATA[ALL_ROWS]]></hint><hint><![CDATA[OPTIMIZER_FEATURES_ENABLE('10.2.0.1')]]></hint><hint><![CDATA[IGNORE_OPTIM_EMBEDDED_HINTS]]></hint></outline_data></remarks>	TABLE ACCESS	FULL	\N	CLINLIMS	CITY_STATE_ZIP	CITY_STATE_ZIP@SEL$1	1	TABLE	ANALYZED	\N	1	0	1	1	238	79529	5726088	\N	\N	\N	\N	\N	\N	33895495	232	\N	\N	\N	"CITY_STATE_ZIP"."ID"[NUMBER,22], "CITY_STATE_ZIP"."CITY"[VARCHAR2,30], "CITY_STATE_ZIP"."STATE"[VARCHAR2,2], "CITY_STATE_ZIP"."ZIP_CODE"[VARCHAR2,10], "CITY_STATE_ZIP"."COUNTY_FIPS"[NUMBER,22], "CITY_STATE_ZIP"."COUNTY"[VARCHAR2,25], "CITY_STATE_ZIP"."REGION_ID"[NUMBER,22], "CITY_STATE_ZIP"."REGION"[VARCHAR2,30], "CITY_STATE_ZIP"."STATE_FIPS"[NUMBER,22], "CITY_STATE_ZIP"."STATE_NAME"[VARCHAR2,30], "CITY_STATE_ZIP"."LASTUPDATED"[TIMESTAMP,11]	3	SEL$1
7146420525171748	1	2008-05-08 14:33:14	\N	SELECT STATEMENT	\N	\N	\N	\N	\N	\N	\N	ALL_ROWS	\N	0	\N	0	238	238	79529	5726088	\N	\N	\N	\N	\N	\N	33895495	232	\N	\N	\N	\N	3	\N
7146420525171748	1	2008-05-08 14:33:14	<remarks><info type="db_version">10.2.0.1</info><info type="parse_schema"><![CDATA["CLINLIMS"]]></info><info type="plan_hash">288471584</info><outline_data><hint><![CDATA[FULL(@"SEL$1" "CITY_STATE_ZIP"@"SEL$1")]]></hint><hint><![CDATA[OUTLINE_LEAF(@"SEL$1")]]></hint><hint><![CDATA[ALL_ROWS]]></hint><hint><![CDATA[OPTIMIZER_FEATURES_ENABLE('10.2.0.1')]]></hint><hint><![CDATA[IGNORE_OPTIM_EMBEDDED_HINTS]]></hint></outline_data></remarks>	TABLE ACCESS	FULL	\N	CLINLIMS	CITY_STATE_ZIP	CITY_STATE_ZIP@SEL$1	1	TABLE	ANALYZED	\N	1	0	1	1	238	79529	5726088	\N	\N	\N	\N	\N	\N	33895495	232	\N	\N	\N	"CITY_STATE_ZIP"."ID"[NUMBER,22], "CITY_STATE_ZIP"."CITY"[VARCHAR2,30], "CITY_STATE_ZIP"."STATE"[VARCHAR2,2], "CITY_STATE_ZIP"."ZIP_CODE"[VARCHAR2,10], "CITY_STATE_ZIP"."COUNTY_FIPS"[NUMBER,22], "CITY_STATE_ZIP"."COUNTY"[VARCHAR2,25], "CITY_STATE_ZIP"."REGION_ID"[NUMBER,22], "CITY_STATE_ZIP"."REGION"[VARCHAR2,30], "CITY_STATE_ZIP"."STATE_FIPS"[NUMBER,22], "CITY_STATE_ZIP"."STATE_NAME"[VARCHAR2,30], "CITY_STATE_ZIP"."LASTUPDATED"[TIMESTAMP,11]	3	SEL$1
7146722603172428	2	2008-05-08 14:33:20	\N	SELECT STATEMENT	\N	\N	\N	\N	\N	\N	\N	ALL_ROWS	\N	0	\N	0	238	238	79529	5726088	\N	\N	\N	\N	\N	\N	33895495	232	\N	\N	\N	\N	3	\N
7146722603172428	2	2008-05-08 14:33:20	<remarks><info type="db_version">10.2.0.1</info><info type="parse_schema"><![CDATA["CLINLIMS"]]></info><info type="plan_hash">288471584</info><outline_data><hint><![CDATA[FULL(@"SEL$1" "CITY_STATE_ZIP"@"SEL$1")]]></hint><hint><![CDATA[OUTLINE_LEAF(@"SEL$1")]]></hint><hint><![CDATA[ALL_ROWS]]></hint><hint><![CDATA[OPTIMIZER_FEATURES_ENABLE('10.2.0.1')]]></hint><hint><![CDATA[IGNORE_OPTIM_EMBEDDED_HINTS]]></hint></outline_data></remarks>	TABLE ACCESS	FULL	\N	CLINLIMS	CITY_STATE_ZIP	CITY_STATE_ZIP@SEL$1	1	TABLE	ANALYZED	\N	1	0	1	1	238	79529	5726088	\N	\N	\N	\N	\N	\N	33895495	232	\N	\N	\N	"CITY_STATE_ZIP"."ID"[NUMBER,22], "CITY_STATE_ZIP"."CITY"[VARCHAR2,30], "CITY_STATE_ZIP"."STATE"[VARCHAR2,2], "CITY_STATE_ZIP"."ZIP_CODE"[VARCHAR2,10], "CITY_STATE_ZIP"."COUNTY_FIPS"[NUMBER,22], "CITY_STATE_ZIP"."COUNTY"[VARCHAR2,25], "CITY_STATE_ZIP"."REGION_ID"[NUMBER,22], "CITY_STATE_ZIP"."REGION"[VARCHAR2,30], "CITY_STATE_ZIP"."STATE_FIPS"[NUMBER,22], "CITY_STATE_ZIP"."STATE_NAME"[VARCHAR2,30], "CITY_STATE_ZIP"."LASTUPDATED"[TIMESTAMP,11]	3	SEL$1
7146420525171748	1	2008-05-08 14:33:14	\N	SELECT STATEMENT	\N	\N	\N	\N	\N	\N	\N	ALL_ROWS	\N	0	\N	0	238	238	79529	5726088	\N	\N	\N	\N	\N	\N	33895495	232	\N	\N	\N	\N	3	\N
7146420525171748	1	2008-05-08 14:33:14	<remarks><info type="db_version">10.2.0.1</info><info type="parse_schema"><![CDATA["CLINLIMS"]]></info><info type="plan_hash">288471584</info><outline_data><hint><![CDATA[FULL(@"SEL$1" "CITY_STATE_ZIP"@"SEL$1")]]></hint><hint><![CDATA[OUTLINE_LEAF(@"SEL$1")]]></hint><hint><![CDATA[ALL_ROWS]]></hint><hint><![CDATA[OPTIMIZER_FEATURES_ENABLE('10.2.0.1')]]></hint><hint><![CDATA[IGNORE_OPTIM_EMBEDDED_HINTS]]></hint></outline_data></remarks>	TABLE ACCESS	FULL	\N	CLINLIMS	CITY_STATE_ZIP	CITY_STATE_ZIP@SEL$1	1	TABLE	ANALYZED	\N	1	0	1	1	238	79529	5726088	\N	\N	\N	\N	\N	\N	33895495	232	\N	\N	\N	"CITY_STATE_ZIP"."ID"[NUMBER,22], "CITY_STATE_ZIP"."CITY"[VARCHAR2,30], "CITY_STATE_ZIP"."STATE"[VARCHAR2,2], "CITY_STATE_ZIP"."ZIP_CODE"[VARCHAR2,10], "CITY_STATE_ZIP"."COUNTY_FIPS"[NUMBER,22], "CITY_STATE_ZIP"."COUNTY"[VARCHAR2,25], "CITY_STATE_ZIP"."REGION_ID"[NUMBER,22], "CITY_STATE_ZIP"."REGION"[VARCHAR2,30], "CITY_STATE_ZIP"."STATE_FIPS"[NUMBER,22], "CITY_STATE_ZIP"."STATE_NAME"[VARCHAR2,30], "CITY_STATE_ZIP"."LASTUPDATED"[TIMESTAMP,11]	3	SEL$1
7146722603172428	2	2008-05-08 14:33:20	\N	SELECT STATEMENT	\N	\N	\N	\N	\N	\N	\N	ALL_ROWS	\N	0	\N	0	238	238	79529	5726088	\N	\N	\N	\N	\N	\N	33895495	232	\N	\N	\N	\N	3	\N
7146722603172428	2	2008-05-08 14:33:20	<remarks><info type="db_version">10.2.0.1</info><info type="parse_schema"><![CDATA["CLINLIMS"]]></info><info type="plan_hash">288471584</info><outline_data><hint><![CDATA[FULL(@"SEL$1" "CITY_STATE_ZIP"@"SEL$1")]]></hint><hint><![CDATA[OUTLINE_LEAF(@"SEL$1")]]></hint><hint><![CDATA[ALL_ROWS]]></hint><hint><![CDATA[OPTIMIZER_FEATURES_ENABLE('10.2.0.1')]]></hint><hint><![CDATA[IGNORE_OPTIM_EMBEDDED_HINTS]]></hint></outline_data></remarks>	TABLE ACCESS	FULL	\N	CLINLIMS	CITY_STATE_ZIP	CITY_STATE_ZIP@SEL$1	1	TABLE	ANALYZED	\N	1	0	1	1	238	79529	5726088	\N	\N	\N	\N	\N	\N	33895495	232	\N	\N	\N	"CITY_STATE_ZIP"."ID"[NUMBER,22], "CITY_STATE_ZIP"."CITY"[VARCHAR2,30], "CITY_STATE_ZIP"."STATE"[VARCHAR2,2], "CITY_STATE_ZIP"."ZIP_CODE"[VARCHAR2,10], "CITY_STATE_ZIP"."COUNTY_FIPS"[NUMBER,22], "CITY_STATE_ZIP"."COUNTY"[VARCHAR2,25], "CITY_STATE_ZIP"."REGION_ID"[NUMBER,22], "CITY_STATE_ZIP"."REGION"[VARCHAR2,30], "CITY_STATE_ZIP"."STATE_FIPS"[NUMBER,22], "CITY_STATE_ZIP"."STATE_NAME"[VARCHAR2,30], "CITY_STATE_ZIP"."LASTUPDATED"[TIMESTAMP,11]	3	SEL$1
\.


--
-- Data for Name: instrument; Type: TABLE DATA; Schema: clinlims; Owner: clinlims
--

COPY instrument (id, scrip_id, name, description, instru_type, is_active, location) FROM stdin;
\.


--
-- Data for Name: instrument_analyte; Type: TABLE DATA; Schema: clinlims; Owner: clinlims
--

COPY instrument_analyte (id, analyte_id, instru_id, method_id, result_group) FROM stdin;
\.


--
-- Data for Name: instrument_log; Type: TABLE DATA; Schema: clinlims; Owner: clinlims
--

COPY instrument_log (id, instru_id, instlog_type, event_begin, event_end) FROM stdin;
\.


--
-- Data for Name: inventory_component; Type: TABLE DATA; Schema: clinlims; Owner: clinlims
--

COPY inventory_component (id, invitem_id, quantity, material_component_id) FROM stdin;
\.


--
-- Data for Name: inventory_item; Type: TABLE DATA; Schema: clinlims; Owner: clinlims
--

COPY inventory_item (id, uom_id, name, description, quantity_min_level, quantity_max_level, quantity_to_reorder, is_reorder_auto, is_lot_maintained, is_active, average_lead_time, average_cost, average_daily_use) FROM stdin;
20	\N	HIV testKit	HIV	\N	\N	\N	\N	\N	Y	\N	\N	\N
\.


--
-- Data for Name: inventory_location; Type: TABLE DATA; Schema: clinlims; Owner: clinlims
--

COPY inventory_location (id, storage_id, lot_number, quantity_onhand, expiration_date, inv_item_id) FROM stdin;
19	\N	1	\N	2011-08-12 00:00:00	20
\.


--
-- Data for Name: inventory_receipt; Type: TABLE DATA; Schema: clinlims; Owner: clinlims
--

COPY inventory_receipt (id, invitem_id, received_date, quantity_received, unit_cost, qc_reference, external_reference, org_id) FROM stdin;
19	20	2011-02-12 00:00:00	\N	\N	\N	\N	7
\.


--
-- Data for Name: label; Type: TABLE DATA; Schema: clinlims; Owner: clinlims
--

COPY label (id, name, description, printer_type, scriptlet_id, lastupdated) FROM stdin;
62	MOLECULAR EPI - TEST	TEST LABEL FOR MOLECULAR EPIDEMIOLOGY	P	13	2008-05-01 21:25:56.575
65	labelname1	labeldescr1	P	12	2006-11-20 15:31:47
68	testa	test	t	11	2006-12-13 10:06:03.873
69	testb	test	t	12	2006-12-13 10:05:58.435
70	testc	test	t	12	2006-12-13 10:05:43.107
60	Diane Test	Diane Test	P	11	2008-05-01 21:26:17.387
61	VIROLOGY-TEST	TEST LABELS FOR VIROLOGY	P	12	2006-09-07 08:06:40
71	12	12	1	11	2006-12-13 10:56:53.37
67	test	test	t	12	2006-12-13 10:05:04.56
64	NO LABEL	NO LABEL	P	\N	2006-10-25 08:09:35
66	Label Name 2	Label Desc 2	P	13	2008-05-05 23:13:30.414
1	aaa	aaa	\N	\N	2007-10-11 09:33:32.059
2	a	a	\N	\N	2007-10-10 16:45:24.842
\.


--
-- Data for Name: login_user; Type: TABLE DATA; Schema: clinlims; Owner: clinlims
--

COPY login_user (id, login_name, password, password_expired_dt, account_locked, account_disabled, is_admin, user_time_out) FROM stdin;
1	admin	jAbXp2gjqNP3rKQ3mAEKbQ==	2020-04-02	N	N	Y	220
\.


--
-- Data for Name: message_org; Type: TABLE DATA; Schema: clinlims; Owner: clinlims
--

COPY message_org (id, org_id, is_active, active_begin, active_end, description, lastupdated) FROM stdin;
25	1956	Y	2007-03-07 00:00:00	\N	COLORADO	2007-03-07 15:21:05.819
21	2133	Y	2007-03-07 00:00:00	\N	CDC	2007-03-07 15:19:35.712
22	2294	Y	2007-03-07 00:00:00	\N	IOWA	2007-03-07 15:19:56.455
23	2015	Y	2007-03-07 00:00:00	\N	CALIFORNIA	2007-03-07 15:25:42.987
24	2296	Y	2007-03-07 00:00:00	\N	NEBRASKA	2007-03-07 15:20:35.645
\.


--
-- Data for Name: method; Type: TABLE DATA; Schema: clinlims; Owner: clinlims
--

COPY method (id, name, description, reporting_description, is_active, active_begin, active_end, lastupdated) FROM stdin;
1	EIA 	Enzyme-linked immunoassay	EIA 	Y	2007-04-24 00:00:00	\N	2007-04-24 13:46:47.063
31	PCR	Polymerase Chain Reaction	\N	Y	2006-09-18 00:00:00	\N	2006-09-29 14:32:51
32	STAIN	Stain	\N	Y	2006-09-29 00:00:00	\N	2006-09-29 14:32:57
33	CULTURE	Culture	\N	Y	2006-09-29 00:00:00	\N	2006-11-01 08:10:49.606
34	PROBE	Probe	\N	Y	2006-09-29 00:00:00	\N	2006-09-29 14:33:05
35	BIOCHEMICAL	Biochemical	\N	Y	2006-09-29 00:00:00	\N	2006-11-08 09:16:24.377
27	Diane Test	Diane Test	\N	Y	2006-09-06 00:00:00	\N	2006-10-23 15:35:39.534
36	HPLC	High Pressure Liquid Chromatography	\N	Y	2006-09-29 00:00:00	\N	2006-09-29 14:31:50
37	DNA SEQUENCING	DNA Sequencing	\N	Y	2006-09-29 00:00:00	\N	2006-10-23 15:35:40.691
3	AUTO	Automated (Haiti)		Y	2009-02-24 00:00:00	\N	2009-02-24 16:26:17.507
4	MANUAL	test done manually (Haiti)		Y	2009-02-24 00:00:00	\N	2009-02-24 16:26:47.604
5	HIV_TEST_KIT	Uses Hiv test kit		Y	2009-03-05 00:00:00	\N	2009-03-05 14:26:19.46
6	SYPHILIS_TEST_KIT	Test kit for syphilis		Y	2009-03-05 00:00:00	\N	2009-03-05 14:28:11.61
\.


--
-- Data for Name: method_analyte; Type: TABLE DATA; Schema: clinlims; Owner: clinlims
--

COPY method_analyte (id, method_id, analyte_id, result_group, sort_order, ma_type) FROM stdin;
\.


--
-- Data for Name: method_result; Type: TABLE DATA; Schema: clinlims; Owner: clinlims
--

COPY method_result (id, scrip_id, result_group, flags, methres_type, value, quant_limit, cont_level, method_id) FROM stdin;
\.


--
-- Data for Name: mls_lab_type; Type: TABLE DATA; Schema: clinlims; Owner: clinlims
--

COPY mls_lab_type (id, description, org_mlt_org_mlt_id) FROM stdin;
\.


--
-- Data for Name: note; Type: TABLE DATA; Schema: clinlims; Owner: clinlims
--

COPY note (id, sys_user_id, reference_id, reference_table, note_type, subject, text, lastupdated) FROM stdin;
\.


--
-- Data for Name: observation_history; Type: TABLE DATA; Schema: clinlims; Owner: clinlims
--

COPY observation_history (id, patient_id, sample_id, observation_history_type_id, value_type, value, lastupdated) FROM stdin;
\.


--
-- Data for Name: observation_history_type; Type: TABLE DATA; Schema: clinlims; Owner: clinlims
--

COPY observation_history_type (id, type_name, description, lastupdated) FROM stdin;
\.


--
-- Data for Name: occupation; Type: TABLE DATA; Schema: clinlims; Owner: clinlims
--

COPY occupation (id, occupation, lastupdated) FROM stdin;
\.


--
-- Data for Name: or_properties; Type: TABLE DATA; Schema: clinlims; Owner: clinlims
--

COPY or_properties (property_id, property_key, property_value) FROM stdin;
1870	base.directory	/usr/share/tomcat5.5/webapps/openreports/reports/
1871	temp.directory	/usr/share/tomcat5.5/webapps/openreports/temp/
1872	report.generation.directory	/usr/share/tomcat5.5/webapps/openreports/generatedreports/
1873	date.format	dd/MM/yyyy
1874	mail.auth.password	barLAC28
1875	mail.auth.user	admin
1876	mail.smtp.auth	false
1877	mail.smtp.host	
1878	xmla.catalog	
1879	xmla.datasource	
1880	xmla.uri	
\.


--
-- Data for Name: or_tags; Type: TABLE DATA; Schema: clinlims; Owner: clinlims
--

COPY or_tags (tag_id, tagged_object_id, tagged_object_class, tag_value, tag_type) FROM stdin;
\.


--
-- Data for Name: order_item; Type: TABLE DATA; Schema: clinlims; Owner: clinlims
--

COPY order_item (id, ord_id, quantity_requested, quantity_received, inv_loc_id) FROM stdin;
\.


--
-- Data for Name: orders; Type: TABLE DATA; Schema: clinlims; Owner: clinlims
--

COPY orders (id, org_id, sys_user_id, ordered_date, neededby_date, requested_by, cost_center, shipping_type, shipping_carrier, shipping_cost, delivered_date, is_external, external_order_number, is_filled) FROM stdin;
\.


--
-- Data for Name: org_hl7_encoding_type; Type: TABLE DATA; Schema: clinlims; Owner: clinlims
--

COPY org_hl7_encoding_type (organization_id, encoding_type_id, lastupdated) FROM stdin;
\.


--
-- Data for Name: org_mls_lab_type; Type: TABLE DATA; Schema: clinlims; Owner: clinlims
--

COPY org_mls_lab_type (org_id, mls_lab_id, org_mlt_id) FROM stdin;
\.


--
-- Data for Name: organization; Type: TABLE DATA; Schema: clinlims; Owner: clinlims
--

COPY organization (id, name, city, zip_code, mls_sentinel_lab_flag, org_mlt_org_mlt_id, org_id, short_name, multiple_unit, street_address, state, internet_address, clia_num, pws_id, lastupdated, mls_lab_flag, is_active, local_abbrev) FROM stdin;
3	Haiti	Seattle	98103	N	\N	\N			DNA	WA			\N	2008-11-20 13:48:42.141	N	Y	22
7	Inconnu		\N	N	\N	\N				MN		\N	\N	2011-02-14 11:35:28.386	N	Y	\N
\.


--
-- Data for Name: organization_contact; Type: TABLE DATA; Schema: clinlims; Owner: clinlims
--

COPY organization_contact (id, name, ct_id, org_id, is_fax_secure, multiple_unit, street_address, city, state, zip_code, work_phone, home_phone, cell_phone, fax, email, country) FROM stdin;
\.


--
-- Data for Name: organization_contact_reporting; Type: TABLE DATA; Schema: clinlims; Owner: clinlims
--

COPY organization_contact_reporting (id, route, format, org_contact_id) FROM stdin;
\.


--
-- Data for Name: organization_organization_type; Type: TABLE DATA; Schema: clinlims; Owner: clinlims
--

COPY organization_organization_type (org_id, org_type_id) FROM stdin;
7	1
\.


--
-- Data for Name: organization_type; Type: TABLE DATA; Schema: clinlims; Owner: clinlims
--

COPY organization_type (id, short_name, description, name_display_key, lastupdated) FROM stdin;
1	TestKitVender	Organization selling HIV test kits	db.organization.type.name.testkit	2009-12-17 12:07:12.477554
2	Refering lab	Organization who refers to labs	db.organization.type.name.refering	2009-12-17 12:07:12.51866
3	referralLab	An organization to which samples may be sent	orgainzation.type.referral.lab	2010-11-23 10:30:22.117828
\.


--
-- Data for Name: package_1; Type: TABLE DATA; Schema: clinlims; Owner: clinlims
--

COPY package_1 (id) FROM stdin;
\.


--
-- Data for Name: panel; Type: TABLE DATA; Schema: clinlims; Owner: clinlims
--

COPY panel (id, name, description, lastupdated, display_key) FROM stdin;
7	Examen de Selles	Examen de Selles	2009-07-30 17:57:08.247	\N
9	Hemogramme	Hemogramme	2009-07-30 17:58:14.843	\N
10	Urines	Urines	2009-07-30 17:58:28.712	\N
11	Malaria	Malaria	2009-07-30 17:58:47.151	\N
8	Cytobacteriologie	Cytobacteriologie	2009-07-30 18:48:01.779	\N
13	bacteriologie	Culture	2010-06-12 05:02:27.778	\N
\.


--
-- Data for Name: panel_item; Type: TABLE DATA; Schema: clinlims; Owner: clinlims
--

COPY panel_item (id, panel_id, sort_order, test_local_abbrev, method_name, lastupdated, test_name) FROM stdin;
15	11	0	Malaria - DP		2009-07-30 17:59:47.227	\N
16	7	0	Selles Couleur		2009-07-30 18:02:36.83	\N
17	7	1	Selles Consist		2009-07-30 18:06:54.277	\N
18	7	3	Selles Sang occ		2009-07-30 18:07:35.18	\N
19	7	4	Selles Coccidies		2009-07-30 18:07:54.695	\N
20	7	5	Bleu de Mthylne		2009-07-30 18:08:10.202	\N
21	7	6	Zielh Modifi		2009-07-30 18:08:52.353	\N
22	7	7	Selles Leuc		2009-07-30 18:09:15.379	\N
23	7	8	Selles Bactries		2009-07-30 18:10:01.835	\N
24	7	9	Metazoaires		2009-07-30 18:13:52.981	\N
25	8	0	Cyto - Aspect		2009-07-30 18:15:31.167	\N
26	8	2	Tricho Vag		2009-07-30 18:16:33.224	\N
27	8	3	Cell Epith		2009-07-30 18:17:43.72	\N
28	8	4	Cyto - Leucocytes		2009-07-30 18:18:46.432	\N
29	8	5	Cyto - pH		2009-07-30 18:19:12.484	\N
30	8	6	Cyto - Levures		2009-07-30 18:19:35.416	\N
31	8	7	Mycelium		2009-07-30 18:19:51.141	\N
32	8	8	Rivalta		2009-07-30 18:20:22.497	\N
33	8	9	KOH		2009-07-30 18:21:08.595	\N
34	8	10	Cell Cloutes		2009-07-30 18:22:22.929	\N
35	9	0	Hmoglobine		2009-07-30 18:23:33.987	\N
36	9	2	Globules Rouges		2009-07-30 18:25:33.218	\N
37	9	3	Globules Blancs		2009-07-30 18:25:54.902	\N
38	9	4	Plaquettes		2009-07-30 18:26:27.787	\N
39	9	5	VGM		2009-07-30 18:26:43.262	\N
40	9	6	CCMH		2009-07-30 18:27:18.455	\N
41	9	7	TCMH		2009-07-30 18:27:36.895	\N
42	9	8	Poly neutr		2009-07-30 18:28:14.553	\N
43	9	9	Eosinophiles		2009-07-30 18:32:22.796	\N
44	9	10	Monocytes		2009-07-30 18:33:27.083	\N
45	9	11	Lymphocytes		2009-07-30 18:34:16.145	\N
47	10	0	Urine - Couleur		2009-07-30 18:35:19.84	\N
48	10	1	Urine - Aspect		2009-07-30 18:35:39.964	\N
49	10	2	Urine - Densit		2009-07-30 18:38:00.567	\N
50	10	3	Urine - pH		2009-07-30 18:38:10.567	\N
51	10	4	Urine - Protines		2009-07-30 18:38:49.972	\N
52	10	5	Urine - Glucose		2009-07-30 18:39:17.069	\N
53	10	6	Urine - Actone		2009-07-30 18:40:03.933	\N
54	10	7	Urine - Nitrites		2009-07-30 18:40:16.163	\N
55	10	8	Urine - Sang		2009-07-30 18:40:33.448	\N
56	10	9	Urine - Leucocytes		2009-07-30 18:40:46.552	\N
57	10	10	Urine - Hmaties		2009-07-30 18:41:14.118	\N
58	10	11	Urine- Cell Epith		2009-07-30 18:42:08.859	\N
59	10	13	Urine - Bactries		2009-07-30 18:42:33.647	\N
60	10	14	Urine - Cylindres		2009-07-30 18:42:53.865	\N
61	10	15	Urine - Mucus		2009-07-30 18:43:15.377	\N
62	10	16	Urine - Levures		2009-07-30 18:43:36.25	\N
63	10	17	Cristaux - AU		2009-07-30 18:44:05.531	\N
64	10	18	Cristaux - OdCa		2009-07-30 18:44:29.617	\N
65	10	19	Cristaux - PA		2009-07-30 18:44:51.426	\N
66	10	20	Cristaux - PdCa		2009-07-30 18:45:10.302	\N
67	10	21	Cristaux - PT		2009-07-30 18:45:25.621	\N
68	10	22	Cristaux - SdCa		2009-07-30 18:45:43.561	\N
69	10	23	Cristaux - UA		2009-07-30 18:46:06.042	\N
70	10	25	Cristaux - UAm		2009-07-30 18:46:57.788	\N
71	11	1	Malaria - FP		2009-07-30 18:48:34.025	\N
76	9	15	Basophiles		2009-12-22 15:10:12.687	\N
77	9	16	Hmatocrite		2009-12-23 14:45:27.223	\N
74	7	12	Selles Levures		2009-08-05 21:40:16.919	\N
75	10	28	Cristaux - PdMg		2009-08-05 21:45:13.337	\N
\.


--
-- Data for Name: patient; Type: TABLE DATA; Schema: clinlims; Owner: clinlims
--

COPY patient (id, person_id, race, gender, birth_date, epi_first_name, epi_middle_name, epi_last_name, birth_time, death_date, national_id, ethnicity, school_attend, medicare_id, medicaid_id, birth_place, lastupdated, external_id, chart_number) FROM stdin;
\.


--
-- Data for Name: patient_identity; Type: TABLE DATA; Schema: clinlims; Owner: clinlims
--

COPY patient_identity (id, identity_type_id, patient_id, identity_data, lastupdated) FROM stdin;
\.


--
-- Data for Name: patient_identity_type; Type: TABLE DATA; Schema: clinlims; Owner: clinlims
--

COPY patient_identity_type (id, identity_type, description, lastupdated) FROM stdin;
2	ST	ST Number	2008-11-05 10:36:39.615
3	AKA	Also known as name	2008-11-05 10:36:39.615
4	MOTHER	Mothers name	2008-11-05 10:36:39.615
1	NATIONAL	National ID	2008-11-05 10:36:39.615
5	INSURANCE	Primary insurance number	\N
6	OCCUPATION	patients occupation	\N
9	SUBJECT	Subject Number	2010-01-06 12:56:16.166813
8	ORG_SITE	Organization Site	2010-01-06 12:56:39.622399
10	AMBIGUOUS_DOB	\N	2010-02-11 13:04:58.238
11	MOTHERS_INITIAL	Initial of mothers first name	2010-03-15 13:15:08.22301
12	COMMUNE	Name of commune	2010-03-15 13:15:08.22301
\.


--
-- Data for Name: patient_occupation; Type: TABLE DATA; Schema: clinlims; Owner: clinlims
--

COPY patient_occupation (id, patient_id, occupation, lastupdated) FROM stdin;
\.


--
-- Data for Name: patient_patient_type; Type: TABLE DATA; Schema: clinlims; Owner: clinlims
--

COPY patient_patient_type (id, patient_type_id, patient_id, lastupdated) FROM stdin;
\.


--
-- Data for Name: patient_relations; Type: TABLE DATA; Schema: clinlims; Owner: clinlims
--

COPY patient_relations (id, pat_id_source, pat_id, relation) FROM stdin;
\.


--
-- Data for Name: patient_type; Type: TABLE DATA; Schema: clinlims; Owner: clinlims
--

COPY patient_type (id, type, description, lastupdated) FROM stdin;
1	R	Referr	2009-07-09 13:06:10.215545
2	E	Patient Externe	2009-07-09 13:06:10.215545
3	H	Hospitalis	2009-07-09 13:06:10.215545
4	U	Urgences	2009-07-09 13:06:10.215545
5	P	Patient Priv	2009-07-09 13:06:10.215545
\.


--
-- Data for Name: payment_type; Type: TABLE DATA; Schema: clinlims; Owner: clinlims
--

COPY payment_type (id, type, description) FROM stdin;
\.


--
-- Data for Name: person; Type: TABLE DATA; Schema: clinlims; Owner: clinlims
--

COPY person (id, last_name, first_name, middle_name, multiple_unit, street_address, city, state, zip_code, country, work_phone, home_phone, cell_phone, fax, email, lastupdated) FROM stdin;
\.


--
-- Data for Name: program; Type: TABLE DATA; Schema: clinlims; Owner: clinlims
--

COPY program (id, code, name, lastupdated) FROM stdin;
\.


--
-- Data for Name: project; Type: TABLE DATA; Schema: clinlims; Owner: clinlims
--

COPY project (id, name, sys_user_id, description, started_date, completed_date, is_active, reference_to, program_code, lastupdated, scriptlet_id, local_abbrev, display_key) FROM stdin;
\.


--
-- Data for Name: project_organization; Type: TABLE DATA; Schema: clinlims; Owner: clinlims
--

COPY project_organization (project_id, org_id) FROM stdin;
\.


--
-- Data for Name: project_parameter; Type: TABLE DATA; Schema: clinlims; Owner: clinlims
--

COPY project_parameter (id, projparam_type, operation, value, project_id, param_name) FROM stdin;
\.


--
-- Data for Name: provider; Type: TABLE DATA; Schema: clinlims; Owner: clinlims
--

COPY provider (id, npi, person_id, external_id, provider_type, lastupdated) FROM stdin;
\.


--
-- Data for Name: qa_event; Type: TABLE DATA; Schema: clinlims; Owner: clinlims
--

COPY qa_event (id, name, description, is_billable, reporting_sequence, reporting_text, test_id, is_holdable, lastupdated, type, category, display_key) FROM stdin;
5	SPACE	spaces	\N	\N	\N	\N	N	2007-08-03 15:34:43.044	334	\N	\N
1	RQNSO	request no required source	\N	\N	\N	\N	Y	2007-08-03 09:49:03.118	334	\N	\N
2	RQNSNA	request no submitter name	\N	\N	\N	\N	Y	2007-08-03 09:50:31.182	334	\N	\N
3	RQNCD	request no collection date	\N	\N	\N	\N	Y	2007-08-03 09:55:50.86	334	\N	\N
4	RQNFS	request no fee sticker	\N	\N	\N	\N	Y	2007-08-03 09:51:15.004	334	\N	\N
48	RQNR	Request not received	\N	\N	\N	\N	N	2008-01-11 11:12:10	334	\N	\N
46	BIT	Specimen tube broken in transit.	\N	\N	\N	\N	N	2008-01-11 11:08:23	334	\N	\N
47	QNS	Quantity not sufficient	\N	\N	\N	\N	N	2008-01-11 11:11:11	334	\N	\N
49	SPMMID	Specimen mismatched ID	\N	\N	\N	\N	Y	2008-01-11 11:13:06	334	\N	\N
\.


--
-- Data for Name: qc; Type: TABLE DATA; Schema: clinlims; Owner: clinlims
--

COPY qc (id, uom_id, sys_user_id, name, source, lot_number, prepared_date, prepared_volume, usable_date, expire_date) FROM stdin;
\.


--
-- Data for Name: qc_analytes; Type: TABLE DATA; Schema: clinlims; Owner: clinlims
--

COPY qc_analytes (id, qcanaly_type, value, analyte_id) FROM stdin;
\.


--
-- Data for Name: qrtz_blob_triggers; Type: TABLE DATA; Schema: clinlims; Owner: clinlims
--

COPY qrtz_blob_triggers (trigger_name, trigger_group, blob_data) FROM stdin;
\.


--
-- Data for Name: qrtz_calendars; Type: TABLE DATA; Schema: clinlims; Owner: clinlims
--

COPY qrtz_calendars (calendar_name, calendar) FROM stdin;
\.


--
-- Data for Name: qrtz_cron_triggers; Type: TABLE DATA; Schema: clinlims; Owner: clinlims
--

COPY qrtz_cron_triggers (trigger_name, trigger_group, cron_expression, time_zone_id) FROM stdin;
\.


--
-- Data for Name: qrtz_fired_triggers; Type: TABLE DATA; Schema: clinlims; Owner: clinlims
--

COPY qrtz_fired_triggers (entry_id, trigger_name, trigger_group, is_volatile, instance_name, fired_time, priority, state, job_name, job_group, is_stateful, requests_recovery) FROM stdin;
\.


--
-- Data for Name: qrtz_job_details; Type: TABLE DATA; Schema: clinlims; Owner: clinlims
--

COPY qrtz_job_details (job_name, job_group, description, job_class_name, is_durable, is_volatile, is_stateful, requests_recovery, job_data) FROM stdin;
\.


--
-- Data for Name: qrtz_job_listeners; Type: TABLE DATA; Schema: clinlims; Owner: clinlims
--

COPY qrtz_job_listeners (job_name, job_group, job_listener) FROM stdin;
\.


--
-- Data for Name: qrtz_locks; Type: TABLE DATA; Schema: clinlims; Owner: clinlims
--

COPY qrtz_locks (lock_name) FROM stdin;
TRIGGER_ACCESS
JOB_ACCESS
CALENDAR_ACCESS
STATE_ACCESS
MISFIRE_ACCESS
\.


--
-- Data for Name: qrtz_paused_trigger_grps; Type: TABLE DATA; Schema: clinlims; Owner: clinlims
--

COPY qrtz_paused_trigger_grps (trigger_group) FROM stdin;
\.


--
-- Data for Name: qrtz_scheduler_state; Type: TABLE DATA; Schema: clinlims; Owner: clinlims
--

COPY qrtz_scheduler_state (instance_name, last_checkin_time, checkin_interval) FROM stdin;
\.


--
-- Data for Name: qrtz_simple_triggers; Type: TABLE DATA; Schema: clinlims; Owner: clinlims
--

COPY qrtz_simple_triggers (trigger_name, trigger_group, repeat_count, repeat_interval, times_triggered) FROM stdin;
\.


--
-- Data for Name: qrtz_trigger_listeners; Type: TABLE DATA; Schema: clinlims; Owner: clinlims
--

COPY qrtz_trigger_listeners (trigger_name, trigger_group, trigger_listener) FROM stdin;
\.


--
-- Data for Name: qrtz_triggers; Type: TABLE DATA; Schema: clinlims; Owner: clinlims
--

COPY qrtz_triggers (trigger_name, trigger_group, job_name, job_group, is_volatile, description, next_fire_time, prev_fire_time, priority, trigger_state, trigger_type, start_time, end_time, calendar_name, misfire_instr, job_data) FROM stdin;
\.


--
-- Data for Name: race; Type: TABLE DATA; Schema: clinlims; Owner: clinlims
--

COPY race (id, description, race_type, is_active) FROM stdin;
\.


--
-- Data for Name: receiver_code_element; Type: TABLE DATA; Schema: clinlims; Owner: clinlims
--

COPY receiver_code_element (id, identifier, text, code_system, lastupdated, message_org_id, code_element_type_id) FROM stdin;
1	40981-3	FLUA RNA XXX Ql PCR	LN	2007-03-07 15:33:45.297	22	1
2	40982-1	FLUB RNA XXX Ql PCR	LN	2007-03-07 15:34:15.205	22	1
3	FLU A (H1)	Influenza A subtype H1	L	2007-03-07 15:34:45.306	22	1
4	FLU A (H3)	Influenza A subtype H3	L	2007-03-07 15:35:15.408	22	1
\.


--
-- Data for Name: reference_tables; Type: TABLE DATA; Schema: clinlims; Owner: clinlims
--

COPY reference_tables (id, name, keep_history, is_hl7_encoded, lastupdated) FROM stdin;
40	STATUS_OF_SAMPLE	Y	Y	\N
39	NOTE	Y	N	\N
1	SAMPLE	Y	N	\N
2	GENDER	Y	N	\N
3	SAMPLE_ORGANIZATION	Y	N	\N
4	ANALYSIS	Y	N	\N
5	TEST	Y	Y	\N
6	CITY	Y	N	\N
7	ANALYTE	Y	Y	\N
8	COUNTY	Y	N	\N
9	DICTIONARY	Y	N	\N
10	DICTIONARY_CATEGORY	Y	N	\N
11	LABEL	Y	N	\N
12	METHOD	Y	N	\N
13	PANEL	Y	N	\N
14	PANEL_ITEM	Y	N	\N
15	PATIENT	Y	N	\N
16	PERSON	Y	N	\N
17	PROGRAM	Y	N	\N
18	PROJECT	Y	N	\N
19	PROVIDER	Y	N	\N
20	REGION	Y	N	\N
21	RESULT	Y	N	\N
22	SAMPLE_DOMAIN	Y	N	\N
23	SAMPLE_ITEM	Y	N	\N
24	SAMPLE_PROJECTS	Y	N	\N
25	SCRIPTLET	Y	N	\N
26	SOURCE_OF_SAMPLE	Y	N	\N
27	STATE_CODE	Y	N	\N
28	SYSTEM_USER	Y	N	\N
29	TEST_SECTION	Y	N	\N
30	TEST_ANALYTE	Y	N	\N
31	TEST_REFLEX	Y	N	\N
32	TEST_RESULT	Y	N	\N
33	TEST_TRAILER	Y	N	\N
34	TYPE_OF_SAMPLE	Y	N	\N
35	TYPE_OF_TEST_RESULT	Y	N	\N
36	UNIT_OF_MEASURE	Y	Y	\N
37	ZIP_CODE	Y	N	\N
38	ORGANIZATION	Y	N	\N
45	SAMPLE_HUMAN	Y	N	\N
46	QA_EVENT	Y	N	\N
48	ANALYSIS_QAEVENT	Y	N	\N
47	ACTION	Y	N	\N
49	ANALYSIS_QAEVENT_ACTION	Y	N	\N
70	REFERENCE_TABLES	N	N	\N
41	CODE_ELEMENT_TYPE	Y	N	\N
42	CODE_ELEMENT_XREF	Y	N	\N
43	MESSAGE_ORG	Y	N	\N
44	RECEIVER_CODE_ELEMENT	Y	N	\N
50	LOGIN_USER	Y	N	\N
51	SYSTEM_MODULE	Y	N	\N
52	SYSTEM_USER_MODULE	Y	N	\N
53	SYSTEM_USER_SECTION	Y	N	\N
110	SAMPLE_NEWBORN	Y	N	\N
111	PATIENT_RELATIONS	Y	N	\N
112	PATIENT_IDENTITY	Y	N	\N
113	PATIENT_PATIENT_TYPE	Y	N	\N
130	PATIENT_TYPE	N	N	\N
154	RESULT_LIMITS	Y	N	2009-02-10 17:11:57.227
155	RESULT_SIGNATURE	Y	N	2009-02-20 13:05:56.666
167	INVENTORY_LOCATION	N	N	2009-03-19 12:20:50.594
168	INVENTORY_ITEM	N	N	2009-03-19 12:20:50.594
169	INVENTORY_RECEIPT	N	N	2009-03-19 12:20:50.594
171	RESULT_INVENTORY	Y	N	2009-03-25 16:20:17.301
172	SYSTEM_ROLE	Y	N	2009-05-20 09:56:52.877513
173	SYSTEM_ROLE_MODULE	Y	N	2009-06-05 11:49:44.562736
174	SYSTEM_ROLE	Y	N	2009-06-05 11:50:56.86615
175	SYSTEM_USER_ROLE	Y	N	2009-06-05 11:59:25.708258
176	SYSTEM_USER_ROLE	Y	N	2009-06-05 12:03:40.526192
177	SYSTEM_ROLE	Y	N	2009-06-05 12:04:41.627999
178	SYSTEM_USER_ROLE	Y	N	2009-06-05 12:04:48.416696
179	SYSTEM_ROLE_MODULE	Y	N	2009-06-05 12:05:01.033811
182	analyzer	Y	N	2009-11-25 15:35:31.308859
183	analyzer_results	Y	N	2009-11-25 15:35:31.569744
184	site_information	Y	N	2010-03-23 17:04:19.671634
187	observation_history_type	Y	N	2010-04-28 14:13:23.717515
186	observation_history	Y	N	2010-04-21 10:38:59.516839
185	observation_history_type	Y	N	2010-04-21 10:38:50.05707
188	SAMPLE_QAEVENT	Y	N	2010-10-28 06:12:39.992393
189	referral_reason	Y	N	2010-10-28 06:13:55.299708
190	referral_type	Y	N	2010-10-28 06:13:55.299708
191	referral	Y	N	2010-10-28 06:13:55.299708
192	referral_result	Y	N	2010-11-23 10:30:22.045552
\.


--
-- Data for Name: referral; Type: TABLE DATA; Schema: clinlims; Owner: clinlims
--

COPY referral (id, analysis_id, organization_id, organization_name, send_ready_date, sent_date, result_recieved_date, referral_reason_id, referral_type_id, requester_name, lastupdated, canceled, referral_request_date) FROM stdin;
\.


--
-- Data for Name: referral_reason; Type: TABLE DATA; Schema: clinlims; Owner: clinlims
--

COPY referral_reason (id, name, description, display_key, lastupdated) FROM stdin;
\.


--
-- Data for Name: referral_result; Type: TABLE DATA; Schema: clinlims; Owner: clinlims
--

COPY referral_result (id, referral_id, test_id, result_id, referral_report_date, lastupdated) FROM stdin;
\.


--
-- Data for Name: referral_type; Type: TABLE DATA; Schema: clinlims; Owner: clinlims
--

COPY referral_type (id, name, description, display_key, lastupdated) FROM stdin;
\.


--
-- Data for Name: region; Type: TABLE DATA; Schema: clinlims; Owner: clinlims
--

COPY region (id, region, lastupdated) FROM stdin;
1	Central	2006-10-24 08:46:59.692
2	Metro	2006-11-08 10:47:34.147
3	Northeast	2006-10-24 08:47:01.645
4	Northwest	2006-10-24 08:47:02.427
5	South Central	2006-10-24 08:47:03.427
6	Southeast	2006-10-24 08:47:04.489
7	Southwest	2006-10-24 08:47:06.317
8	West Central	2006-10-24 08:47:09.942
9	update	2006-10-24 08:47:09.442
\.


--
-- Data for Name: report; Type: TABLE DATA; Schema: clinlims; Owner: clinlims
--

COPY report (report_id, name, description, report_file, pdf_export, csv_export, xls_export, html_export, rtf_export, text_export, excel_export, image_export, fill_virtual, hidden_report, report_query, datasource_id, chart_id, export_option_id) FROM stdin;
1625	Patient Report	All tests for a specific patient	PatientReport.jasper	t	f	f	t	t	t	f	f	f	f		1065	\N	1626
1780	Laboratory Activity Agggregate Report	Report on the activities in the lab	lab_aggregate.jasper	t	f	f	t	t	t	f	f	f	f		1065	\N	1781
1762	HIV aggregate Report	Patient and outcomes for HIV tests	hiv_report_main.jasper	t	f	f	t	t	t	f	f	f	f		1065	\N	1763
\.


--
-- Data for Name: report_alert; Type: TABLE DATA; Schema: clinlims; Owner: clinlims
--

COPY report_alert (alert_id, name, description, alert_query, datasource_id) FROM stdin;
\.


--
-- Data for Name: report_chart; Type: TABLE DATA; Schema: clinlims; Owner: clinlims
--

COPY report_chart (chart_id, name, description, chart_query, chart_type, width, height, x_axis_label, y_axis_label, show_legend, show_title, show_values, plot_orientation, datasource_id, report_id, overlay_chart_id) FROM stdin;
\.


--
-- Data for Name: report_datasource; Type: TABLE DATA; Schema: clinlims; Owner: clinlims
--

COPY report_datasource (datasource_id, name, driver, url, username, password, max_idle, max_active, max_wait, validation_query, jndi) FROM stdin;
41	jdbc/OracleDS	oracle.jdbc.driver.OracleDriver	jdbc:oracle:thin:@wstdb01.health.state.mn.us:1521:phltst	CLINLIMS	E1i$Lab$	0	0	0	\N	f
1065	postgres	org.postgresql.Driver	jdbc:postgresql://localhost:5432/clinlims	clinlims	hLriKGUkNzdj	0	0	0	\N	f
\.


--
-- Data for Name: report_delivery_log; Type: TABLE DATA; Schema: clinlims; Owner: clinlims
--

COPY report_delivery_log (delivery_log_id, start_time, end_time, status, message, delivery_method, log_id, delivery_index) FROM stdin;
\.


--
-- Data for Name: report_export_options; Type: TABLE DATA; Schema: clinlims; Owner: clinlims
--

COPY report_export_options (export_option_id, xls_remove_empty_space, xls_one_page_per_sheet, xls_auto_detect_cell, xls_white_background, html_remove_empty_space, html_white_background, html_use_images, html_wrap_break) FROM stdin;
1626	f	f	f	f	f	f	f	f
1781	f	f	f	f	f	f	f	f
1763	f	f	f	f	f	f	f	f
\.


--
-- Data for Name: report_group; Type: TABLE DATA; Schema: clinlims; Owner: clinlims
--

COPY report_group (group_id, name, description) FROM stdin;
1120	admin	Administrator reports
1121	user	User Reports
\.


--
-- Data for Name: report_group_map; Type: TABLE DATA; Schema: clinlims; Owner: clinlims
--

COPY report_group_map (group_id, report_id, map_id) FROM stdin;
1120	1625	0
1120	1762	1
1120	1780	2
1121	1625	0
1121	1762	1
1121	1780	2
\.


--
-- Data for Name: report_log; Type: TABLE DATA; Schema: clinlims; Owner: clinlims
--

COPY report_log (log_id, start_time, end_time, status, message, export_type, request_id, report_id, user_id, alert_id) FROM stdin;
4580	2010-06-10 07:03:33.542	2010-06-10 07:03:34.035	failure	Cannot create PoolableConnectionFactory (FATAL: password authentication failed for user "clinlims")	0	\N	1762	241	\N
4581	2010-06-10 07:05:30.163	2010-06-10 07:05:32.058	success	\N	0	\N	1762	1	\N
4600	2010-06-10 07:07:00.537	2010-06-10 07:07:00.748	success	\N	0	\N	1762	241	\N
4582	2010-06-10 07:10:18.521	2010-06-10 07:10:18.76	success	\N	0	\N	1762	241	\N
4583	2010-06-10 07:10:31.099	2010-06-10 07:10:31.254	success	\N	2	\N	1762	241	\N
4601	2010-06-10 07:11:41.787	2010-06-10 07:11:41.934	success	\N	0	\N	1762	241	\N
4584	2010-06-10 07:11:46.229	2010-06-10 07:11:46.363	success	\N	2	\N	1762	241	\N
4585	2010-06-10 07:11:55.363	2010-06-10 07:11:55.499	success	\N	2	\N	1762	241	\N
4602	2010-06-10 07:12:04.812	2010-06-10 07:12:04.983	success	\N	2	\N	1762	241	\N
4603	2010-06-10 07:12:37.832	2010-06-10 07:12:38.43	success	\N	0	\N	1780	241	\N
4586	2010-06-10 10:24:27.465	2010-06-10 10:24:27.846	success	\N	0	\N	1780	241	\N
4587	2010-06-10 10:26:50.305	2010-06-10 10:26:50.632	success	\N	0	\N	1780	241	\N
4604	2010-06-10 10:27:23.528	2010-06-10 10:27:23.683	success	\N	0	\N	1762	241	\N
4605	2010-06-10 10:29:01.967	2010-06-10 10:29:02.207	success	\N	0	\N	1780	241	\N
4588	2010-06-10 10:29:19.173	2010-06-10 10:29:19.371	success	\N	2	\N	1780	241	\N
4589	2010-06-10 10:29:23.732	2010-06-10 10:29:23.895	success	\N	0	\N	1625	241	\N
4590	2010-06-10 10:29:52.661	2010-06-10 10:29:52.754	success	\N	6	\N	1625	241	\N
4591	2010-06-10 10:40:40.448	2010-06-10 10:40:40.656	success	\N	0	\N	1762	241	\N
4606	2010-06-10 10:46:05.226	2010-06-10 10:46:05.332	success	\N	0	\N	1762	241	\N
4607	2010-06-10 11:15:07.474	2010-06-10 11:15:07.599	success	\N	0	\N	1625	241	\N
4620	2010-06-11 05:16:13.068	2010-06-11 05:16:15.743	success	\N	0	\N	1762	241	\N
4621	2010-06-11 05:16:55.61	2010-06-11 05:16:55.775	success	\N	6	\N	1762	241	\N
4640	2010-06-11 05:17:11.082	2010-06-11 05:17:11.29	success	\N	2	\N	1762	241	\N
4641	2010-06-11 05:17:19.733	2010-06-11 05:17:19.912	success	\N	5	\N	1762	241	\N
4642	2010-06-11 05:17:40.537	2010-06-11 05:17:41.188	success	\N	0	\N	1780	241	\N
4622	2010-06-11 05:51:11.303	2010-06-11 05:51:11.494	success	\N	0	\N	1625	241	\N
4623	2010-06-11 06:49:22.967	2010-06-11 06:49:23.401	success	\N	0	\N	1780	241	\N
4643	2010-06-11 06:55:34.725	2010-06-11 06:55:34.91	success	\N	0	\N	1625	241	\N
4624	2010-06-11 07:05:28.76	2010-06-11 07:05:28.881	success	\N	0	\N	1625	241	\N
4625	2010-06-11 07:39:23.439	2010-06-11 07:39:23.619	success	\N	0	\N	1625	241	\N
4644	2010-06-11 07:40:41.471	2010-06-11 07:40:41.587	success	\N	0	\N	1625	241	\N
4626	2010-06-11 07:41:13.888	2010-06-11 07:41:14.199	success	\N	0	\N	1780	241	\N
4627	2010-06-11 07:42:15.46	2010-06-11 07:42:15.572	success	\N	0	\N	1625	241	\N
4645	2010-06-11 07:43:29.656	2010-06-11 07:43:29.841	failure	Subreport overflowed on a band that does not support overflow.	0	\N	1625	241	\N
4646	2010-06-11 07:49:40.521	2010-06-11 07:49:40.645	success	\N	0	\N	1625	241	\N
4647	2010-06-11 08:03:41.697	2010-06-11 08:03:41.913	failure	Subreport overflowed on a band that does not support overflow.	0	\N	1625	241	\N
4648	2010-06-11 08:04:21.162	2010-06-11 08:04:21.298	failure	Subreport overflowed on a band that does not support overflow.	0	\N	1625	241	\N
4649	2010-06-11 08:05:21.542	2010-06-11 08:05:21.703	success	\N	0	\N	1625	241	\N
4628	2010-06-11 09:38:52.939	2010-06-11 09:38:53.043	success	\N	0	\N	1625	241	\N
4629	2010-06-11 09:42:58.67	2010-06-11 09:42:59.034	success	\N	0	\N	1780	241	\N
4650	2010-06-11 09:44:37.739	2010-06-11 09:44:37.835	success	\N	0	\N	1625	241	\N
4630	2010-06-11 09:45:08.147	2010-06-11 09:45:08.323	success	\N	0	\N	1762	241	\N
4631	2010-06-11 10:21:24.502	2010-06-11 10:21:24.954	success	\N	0	\N	1780	241	\N
4632	2010-06-11 10:22:20.808	2010-06-11 10:22:20.971	success	\N	0	\N	1762	241	\N
4651	2010-06-11 10:22:37.179	2010-06-11 10:22:37.576	success	\N	0	\N	1780	241	\N
4633	2010-06-11 10:28:40.319	2010-06-11 10:28:40.459	success	\N	0	\N	1625	241	\N
4652	2010-06-11 10:52:19.571	2010-06-11 10:52:19.794	success	\N	0	\N	1625	241	\N
4634	2010-06-11 12:04:47.309	2010-06-11 12:04:47.485	success	\N	2	\N	1625	241	\N
4635	2010-06-11 12:05:31.90	2010-06-11 12:05:32.008	success	\N	6	\N	1625	241	\N
4636	2010-06-11 12:14:34.893	2010-06-11 12:14:34.999	success	\N	0	\N	1625	241	\N
4637	2010-06-11 12:14:52.394	2010-06-11 12:14:52.526	success	\N	0	\N	1625	241	\N
4638	2010-06-11 12:14:53.653	2010-06-11 12:14:53.763	success	\N	0	\N	1625	241	\N
4639	2010-06-11 12:16:04.094	2010-06-11 12:16:04.386	success	\N	0	\N	1780	241	\N
4653	2010-06-11 12:33:01.595	2010-06-11 12:33:02.05	success	\N	0	\N	1780	241	\N
4654	2010-06-11 12:34:22.204	2010-06-11 12:34:22.363	failure	Subreport overflowed on a band that does not support overflow.	0	\N	1625	241	\N
4655	2010-06-11 12:34:36.525	2010-06-11 12:34:36.653	failure	Subreport overflowed on a band that does not support overflow.	0	\N	1625	241	\N
4656	2010-06-11 12:37:29.337	2010-06-11 12:37:29.448	success	\N	5	\N	1625	241	\N
4657	2010-06-11 12:39:25.373	2010-06-11 12:39:25.477	success	\N	0	\N	1625	241	\N
4660	2010-06-11 12:39:38.232	2010-06-11 12:39:38.327	success	\N	0	\N	1625	241	\N
4658	2010-06-11 12:41:31.711	2010-06-11 12:41:31.82	success	\N	5	\N	1625	241	\N
4661	2010-06-11 12:41:54.145	2010-06-11 12:41:54.241	success	\N	0	\N	1625	241	\N
4680	2010-06-12 03:50:49.20	2010-06-12 03:50:52.38	success	\N	0	\N	1780	241	\N
4681	2010-06-12 03:51:30.903	2010-06-12 03:51:31.516	success	\N	0	\N	1625	241	\N
4700	2010-06-12 03:51:55.30	2010-06-12 03:51:55.805	success	\N	0	\N	1780	241	\N
4682	2010-06-12 03:53:09.271	2010-06-12 03:53:09.409	success	\N	0	\N	1625	241	\N
4683	2010-06-12 03:53:40.025	2010-06-12 03:53:40.224	failure	Infinite loop creating new page due to page header overflow.	0	\N	1625	241	\N
4701	2010-06-12 03:55:16.693	2010-06-12 03:55:17	success	\N	0	\N	1780	241	\N
4702	2010-06-12 04:03:52.58	2010-06-12 04:03:52.719	success	\N	0	\N	1625	241	\N
4684	2010-06-12 04:06:59.114	2010-06-12 04:06:59.263	failure	Subreport overflowed on a band that does not support overflow.	0	\N	1625	241	\N
4703	2010-06-12 04:07:10.241	2010-06-12 04:07:10.383	failure	Subreport overflowed on a band that does not support overflow.	0	\N	1625	241	\N
4685	2010-06-12 04:07:27.614	2010-06-12 04:07:27.774	failure	Subreport overflowed on a band that does not support overflow.	0	\N	1625	241	\N
4686	2010-06-12 04:12:45.108	2010-06-12 04:12:45.232	success	\N	0	\N	1625	241	\N
4687	2010-06-12 04:14:16.162	2010-06-12 04:14:16.303	success	\N	6	\N	1625	241	\N
4688	2010-06-12 04:16:02.636	2010-06-12 04:16:02.763	failure	Subreport overflowed on a band that does not support overflow.	0	\N	1625	241	\N
4689	2010-06-12 04:36:33.811	2010-06-12 04:36:33.926	success	\N	0	\N	1625	241	\N
4690	2010-06-12 04:39:38.103	2010-06-12 04:39:38.354	success	\N	0	\N	1762	241	\N
4704	2010-06-12 04:40:34.121	2010-06-12 04:40:34.271	failure	Subreport overflowed on a band that does not support overflow.	0	\N	1625	241	\N
4691	2010-06-12 04:40:54.972	2010-06-12 04:40:55.18	success	\N	0	\N	1780	241	\N
4692	2010-06-12 04:41:00.405	2010-06-12 04:41:00.624	success	\N	0	\N	1780	241	\N
4705	2010-06-12 04:41:56.479	2010-06-12 04:41:56.606	success	\N	0	\N	1625	241	\N
4706	2010-06-12 04:42:19.933	2010-06-12 04:42:20.046	success	\N	0	\N	1762	241	\N
4693	2010-06-12 04:42:25.185	2010-06-12 04:42:25.387	success	\N	0	\N	1780	241	\N
4694	2010-06-12 04:42:36.036	2010-06-12 04:42:36.149	success	\N	0	\N	1625	241	\N
4707	2010-06-12 04:43:52.511	2010-06-12 04:43:52.636	failure	Subreport overflowed on a band that does not support overflow.	0	\N	1625	241	\N
4708	2010-06-12 04:44:21.661	2010-06-12 04:44:21.889	success	\N	0	\N	1780	241	\N
4709	2010-06-12 04:45:18.245	2010-06-12 04:45:18.462	success	\N	0	\N	1780	241	\N
4710	2010-06-12 04:45:55.769	2010-06-12 04:45:56.174	success	\N	5	\N	1780	241	\N
4711	2010-06-12 04:46:03.306	2010-06-12 04:46:03.479	success	\N	6	\N	1780	241	\N
4695	2010-06-12 04:46:27.748	2010-06-12 04:46:28.098	success	\N	0	\N	1625	241	\N
4696	2010-06-12 04:46:32.373	2010-06-12 04:46:32.823	success	\N	2	\N	1780	241	\N
4697	2010-06-12 04:46:56.804	2010-06-12 04:46:57.033	success	\N	0	\N	1780	241	\N
4712	2010-06-12 04:47:05.442	2010-06-12 04:47:05.709	success	\N	0	\N	1780	241	\N
4713	2010-06-12 04:47:06.248	2010-06-12 04:47:06.457	success	\N	0	\N	1780	241	\N
4714	2010-06-12 04:47:08.453	2010-06-12 04:47:08.66	success	\N	0	\N	1780	241	\N
4715	2010-06-12 04:47:12.408	2010-06-12 04:47:12.667	success	\N	0	\N	1780	241	\N
4716	2010-06-12 04:47:12.988	2010-06-12 04:47:13.19	success	\N	0	\N	1780	241	\N
4717	2010-06-12 04:47:15.623	2010-06-12 04:47:15.829	success	\N	0	\N	1780	241	\N
4718	2010-06-12 04:47:17.331	2010-06-12 04:47:17.456	success	\N	0	\N	1625	241	\N
4719	2010-06-12 04:47:19.218	2010-06-12 04:47:19.466	success	\N	0	\N	1780	241	\N
4698	2010-06-12 04:47:25.658	2010-06-12 04:47:25.879	success	\N	0	\N	1780	241	\N
4740	2010-06-12 04:47:55.873	2010-06-12 04:47:56.076	success	\N	0	\N	1780	241	\N
4741	2010-06-12 04:48:22.472	2010-06-12 04:48:22.664	success	\N	0	\N	1780	241	\N
4742	2010-06-12 04:48:23.319	2010-06-12 04:48:23.516	success	\N	0	\N	1780	241	\N
4743	2010-06-12 04:48:45.144	2010-06-12 04:48:45.265	success	\N	0	\N	1762	241	\N
4744	2010-06-12 04:48:46.301	2010-06-12 04:48:46.494	success	\N	0	\N	1780	241	\N
4745	2010-06-12 04:48:50.935	2010-06-12 04:48:51.128	success	\N	0	\N	1780	241	\N
4746	2010-06-12 04:48:51.253	2010-06-12 04:48:51.44	success	\N	0	\N	1780	241	\N
4747	2010-06-12 04:48:55.124	2010-06-12 04:48:55.321	success	\N	0	\N	1780	241	\N
4748	2010-06-12 04:48:58.752	2010-06-12 04:48:58.945	success	\N	0	\N	1780	241	\N
4749	2010-06-12 04:49:01.478	2010-06-12 04:49:01.657	success	\N	0	\N	1780	241	\N
4750	2010-06-12 04:49:31.324	2010-06-12 04:49:31.542	success	\N	0	\N	1780	241	\N
4751	2010-06-12 04:50:03.065	2010-06-12 04:50:03.17	success	\N	0	\N	1762	241	\N
4699	2010-06-12 04:47:33.643	2010-06-12 04:47:33.84	success	\N	0	\N	1780	241	\N
4720	2010-06-12 04:47:52.293	2010-06-12 04:47:52.451	success	\N	0	\N	1762	241	\N
4721	2010-06-12 04:49:03.713	2010-06-12 04:49:03.901	success	\N	0	\N	1780	241	\N
4722	2010-06-12 04:49:25.563	2010-06-12 04:49:25.743	success	\N	0	\N	1780	241	\N
4723	2010-06-12 04:49:27.423	2010-06-12 04:49:27.527	success	\N	0	\N	1762	241	\N
4724	2010-06-12 04:49:53.85	2010-06-12 04:49:54.041	success	\N	0	\N	1780	241	\N
4752	2010-06-12 04:50:10.86	2010-06-12 04:50:11.214	success	\N	5	\N	1780	241	\N
4753	2010-06-12 04:50:18.213	2010-06-12 04:50:18.464	success	\N	2	\N	1780	241	\N
4725	2010-06-12 04:50:29.639	2010-06-12 04:50:29.837	success	\N	0	\N	1780	241	\N
4726	2010-06-12 04:50:30.864	2010-06-12 04:50:30.965	success	\N	0	\N	1762	241	\N
4727	2010-06-12 04:50:33.117	2010-06-12 04:50:33.338	success	\N	5	\N	1780	241	\N
4728	2010-06-12 04:50:35.252	2010-06-12 04:50:35.387	success	\N	6	\N	1780	241	\N
4754	2010-06-12 04:50:39.714	2010-06-12 04:50:39.987	success	\N	5	\N	1780	241	\N
4755	2010-06-12 04:50:44.076	2010-06-12 04:50:44.325	success	\N	5	\N	1780	241	\N
4729	2010-06-12 04:50:47.565	2010-06-12 04:50:47.764	success	\N	5	\N	1780	241	\N
4730	2010-06-12 04:50:48.706	2010-06-12 04:50:49.069	success	\N	5	\N	1780	241	\N
4731	2010-06-12 04:50:50.337	2010-06-12 04:50:50.485	success	\N	6	\N	1780	241	\N
4732	2010-06-12 04:50:52.86	2010-06-12 04:50:53.004	success	\N	6	\N	1780	241	\N
4733	2010-06-12 04:51:02.291	2010-06-12 04:51:02.494	success	\N	0	\N	1780	241	\N
4756	2010-06-12 04:51:17.268	2010-06-12 04:51:17.53	success	\N	2	\N	1780	241	\N
4734	2010-06-12 04:51:34.194	2010-06-12 04:51:34.386	success	\N	0	\N	1780	241	\N
4757	2010-06-12 04:56:02.132	2010-06-12 04:56:02.27	failure	Subreport overflowed on a band that does not support overflow.	0	\N	1625	241	\N
4735	2010-06-12 04:56:57.899	2010-06-12 04:56:58.30	success	\N	2	\N	1780	241	\N
4736	2010-06-12 04:57:35.721	2010-06-12 04:57:36.152	success	\N	5	\N	1780	241	\N
4758	2010-06-12 04:57:55.699	2010-06-12 04:57:55.844	success	\N	6	\N	1780	241	\N
4737	2010-06-12 05:03:11.161	2010-06-12 05:03:11.288	success	\N	0	\N	1625	241	\N
4759	2010-06-12 05:05:45.806	2010-06-12 05:05:45.955	success	\N	0	\N	1762	241	\N
4760	2010-06-12 05:06:16.017	2010-06-12 05:06:16.212	success	\N	0	\N	1780	241	\N
4761	2010-06-12 05:06:40.414	2010-06-12 05:06:40.61	success	\N	0	\N	1780	241	\N
4762	2010-06-12 05:06:41.753	2010-06-12 05:06:41.965	success	\N	0	\N	1780	241	\N
4738	2010-06-12 05:07:32.185	2010-06-12 05:07:32.296	success	\N	0	\N	1762	241	\N
4763	2010-06-12 05:07:59.601	2010-06-12 05:07:59.707	success	\N	0	\N	1762	241	\N
4764	2010-06-12 05:08:01.323	2010-06-12 05:08:01.425	success	\N	0	\N	1762	241	\N
4765	2010-06-12 05:08:02.233	2010-06-12 05:08:02.34	success	\N	0	\N	1762	241	\N
4766	2010-06-12 05:08:03.165	2010-06-12 05:08:03.277	success	\N	0	\N	1762	241	\N
4767	2010-06-12 05:08:04.057	2010-06-12 05:08:04.158	success	\N	0	\N	1762	241	\N
4768	2010-06-12 05:08:04.79	2010-06-12 05:08:04.901	success	\N	0	\N	1762	241	\N
4769	2010-06-12 05:08:11.182	2010-06-12 05:08:11.359	success	\N	0	\N	1780	241	\N
4770	2010-06-12 05:08:12.577	2010-06-12 05:08:12.76	success	\N	0	\N	1780	241	\N
4771	2010-06-12 05:27:17.021	2010-06-12 05:27:17.204	success	\N	0	\N	1780	241	\N
4739	2010-06-12 05:38:23.199	2010-06-12 05:38:23.318	success	\N	0	\N	1625	241	\N
4780	2010-06-12 05:43:56.493	2010-06-12 05:43:56.605	success	\N	0	\N	1625	241	\N
4781	2010-06-12 05:45:29.852	2010-06-12 05:45:29.971	success	\N	0	\N	1625	241	\N
4772	2010-06-12 05:46:19.776	2010-06-12 05:46:19.912	success	\N	0	\N	1625	241	\N
4773	2010-06-12 06:01:35.721	2010-06-12 06:01:35.949	success	\N	0	\N	1780	241	\N
4774	2010-06-12 06:10:02.218	2010-06-12 06:10:02.414	success	\N	0	\N	1625	241	\N
4775	2010-06-12 06:10:22.024	2010-06-12 06:10:22.176	success	\N	0	\N	1625	241	\N
4776	2010-06-12 06:11:36.008	2010-06-12 06:11:36.124	failure	Subreport overflowed on a band that does not support overflow.	0	\N	1625	241	\N
4777	2010-06-12 06:11:47.932	2010-06-12 06:11:48.049	failure	Subreport overflowed on a band that does not support overflow.	0	\N	1625	241	\N
4782	2010-06-12 06:12:14.153	2010-06-12 06:12:14.253	failure	Subreport overflowed on a band that does not support overflow.	0	\N	1625	241	\N
4778	2010-06-12 06:12:46.611	2010-06-12 06:12:46.71	failure	Subreport overflowed on a band that does not support overflow.	0	\N	1625	241	\N
4779	2010-06-12 06:13:09.738	2010-06-12 06:13:09.855	failure	Subreport overflowed on a band that does not support overflow.	0	\N	1625	241	\N
4800	2010-06-12 06:13:10.975	2010-06-12 06:13:11.113	success	\N	0	\N	1625	241	\N
4783	2010-06-12 06:13:13.329	2010-06-12 06:13:13.44	failure	Subreport overflowed on a band that does not support overflow.	0	\N	1625	241	\N
4801	2010-06-12 06:13:58.411	2010-06-12 06:13:58.522	failure	Subreport overflowed on a band that does not support overflow.	0	\N	1625	241	\N
4802	2010-06-12 06:14:02.993	2010-06-12 06:14:03.112	failure	Subreport overflowed on a band that does not support overflow.	0	\N	1625	241	\N
4803	2010-06-12 06:19:21.981	2010-06-12 06:19:22.141	success	\N	0	\N	1625	241	\N
4804	2010-06-12 06:19:36.645	2010-06-12 06:19:36.784	success	\N	0	\N	1625	241	\N
4784	2010-06-12 06:20:07.743	2010-06-12 06:20:07.877	success	\N	0	\N	1625	241	\N
4805	2010-06-12 06:20:35.429	2010-06-12 06:20:35.592	success	\N	0	\N	1625	241	\N
4806	2010-06-12 06:22:58.324	2010-06-12 06:22:58.434	success	\N	0	\N	1625	241	\N
4785	2010-06-12 06:26:07.309	2010-06-12 06:26:07.425	success	\N	0	\N	1625	241	\N
4786	2010-06-12 06:27:02.655	2010-06-12 06:27:02.907	success	\N	0	\N	1780	241	\N
4807	2010-06-12 06:28:13.46	2010-06-12 06:28:13.582	success	\N	0	\N	1625	241	\N
4787	2010-06-12 06:28:30.54	2010-06-12 06:28:30.705	failure	Infinite loop creating new page due to page header overflow.	0	\N	1625	241	\N
4808	2010-06-12 06:28:45.213	2010-06-12 06:28:45.343	success	\N	0	\N	1625	241	\N
4788	2010-06-12 06:28:49.201	2010-06-12 06:28:49.365	success	\N	0	\N	1625	241	\N
4809	2010-06-12 06:29:00.961	2010-06-12 06:29:01.09	failure	Infinite loop creating new page due to page header overflow.	0	\N	1625	241	\N
4789	2010-06-12 06:31:35.808	2010-06-12 06:31:35.925	success	\N	0	\N	1625	241	\N
4810	2010-06-12 06:33:12.679	2010-06-12 06:33:12.786	success	\N	0	\N	1625	241	\N
4811	2010-06-12 06:37:41.289	2010-06-12 06:37:41.448	success	\N	0	\N	1625	241	\N
4790	2010-06-12 06:49:14.547	2010-06-12 06:49:14.659	success	\N	0	\N	1625	241	\N
4791	2010-06-12 06:50:41.232	2010-06-12 06:50:41.346	success	\N	0	\N	1625	241	\N
4812	2010-06-12 06:54:17.853	2010-06-12 06:54:17.993	success	\N	0	\N	1625	241	\N
4813	2010-06-12 06:56:18.652	2010-06-12 06:56:18.767	success	\N	0	\N	1625	241	\N
4792	2010-06-12 06:56:30.668	2010-06-12 06:56:30.881	success	\N	0	\N	1780	241	\N
4793	2010-06-12 07:04:57.663	2010-06-12 07:04:57.808	success	\N	0	\N	1625	241	\N
4794	2010-06-12 07:13:52.394	2010-06-12 07:13:52.587	success	\N	0	\N	1780	241	\N
4814	2010-06-12 07:18:32.543	2010-06-12 07:18:32.74	success	\N	0	\N	1780	241	\N
\.


--
-- Data for Name: report_parameter; Type: TABLE DATA; Schema: clinlims; Owner: clinlims
--

COPY report_parameter (parameter_id, name, type, classname, data, datasource_id, description, required, multi_select, default_value) FROM stdin;
1404	FirstName	Text	java.lang.String		1065	first name	f	f	
1761	stopDate	Date	java.util.Date		\N	Ending Date	f	f	
1760	startDate	Date	java.util.Date		\N	Starting Date	t	f	
1522	NationalID	Text	java.lang.String		1065	ST or National ID of patient	f	f	
\.


--
-- Data for Name: report_parameter_map; Type: TABLE DATA; Schema: clinlims; Owner: clinlims
--

COPY report_parameter_map (report_id, parameter_id, required, sort_order, step, map_id) FROM stdin;
1625	1522	t	0	0	0
1762	1760	t	0	0	0
1780	1760	t	0	0	0
1780	1761	f	0	0	1
1762	1761	f	1	0	1
\.


--
-- Data for Name: report_user; Type: TABLE DATA; Schema: clinlims; Owner: clinlims
--

COPY report_user (reportuser_id, name, password, external_id, email_address, pdf_export_type, default_report_id) FROM stdin;
1	admin	password			0	\N
241	Benzd1	benzd1	22		0	\N
\.


--
-- Data for Name: requester_type; Type: TABLE DATA; Schema: clinlims; Owner: clinlims
--

COPY requester_type (id, requester_type) FROM stdin;
1	organization
2	provider
\.


--
-- Data for Name: result; Type: TABLE DATA; Schema: clinlims; Owner: clinlims
--

COPY result (id, analysis_id, sort_order, is_reportable, result_type, value, analyte_id, test_result_id, lastupdated, min_normal, max_normal) FROM stdin;
\.


--
-- Data for Name: result_context; Type: TABLE DATA; Schema: clinlims; Owner: clinlims
--

COPY result_context (result_id, min, max, units_of_measure, outcome) FROM stdin;
\.


--
-- Data for Name: result_inventory; Type: TABLE DATA; Schema: clinlims; Owner: clinlims
--

COPY result_inventory (id, inventory_location_id, result_id, description, lastupdated) FROM stdin;
\.


--
-- Data for Name: result_limits; Type: TABLE DATA; Schema: clinlims; Owner: clinlims
--

COPY result_limits (id, test_id, test_result_type_id, min_age, max_age, gender, low_normal, high_normal, low_valid, high_valid, lastupdated, units) FROM stdin;
43	14	4	0	Infinity	 	10	125	0	500	2009-07-30 12:36:08.502	                    
42	22	4	0	Infinity	 	-Infinity	Infinity	0	300000	2009-07-30 12:36:00.611	                    
45	2	4	0	Infinity	 	-Infinity	Infinity	0	1000	2009-07-30 12:36:21.564	                    
46	3	4	0	Infinity	 	-Infinity	Infinity	0	1000	2009-07-30 12:38:07.783	                    
49	6	4	0	Infinity	 	0.20000000000000001	1	0	100	2009-07-30 12:38:21.533	                    
50	7	4	0	Infinity	 	0	0.29999999999999999	0	100	2009-07-30 12:38:25.549	                    
51	8	4	0	Infinity	 	5	30	0	100	2009-07-30 12:38:29.658	                    
52	9	4	0	Infinity	 	8	40	0	100	2009-07-30 12:38:33.892	                    
53	10	4	0	Infinity	 	120	200	0	1000	2009-07-30 12:38:38.033	                    
54	11	4	0	Infinity	 	40	60	0	1000	2009-07-30 12:38:41.814	                    
55	12	4	0	Infinity	 	10	130	0	1000	2009-07-30 12:38:46.611	                    
56	13	4	0	Infinity	 	30	150	0	500	2009-07-30 12:38:50.674	                    
57	16	4	0	Infinity	 	10	53	0	500	2009-07-30 12:38:54.283	                    
59	17	4	0	Infinity	 	3.5	5.5	0	500	2009-07-30 12:39:01.939	                    
60	18	4	0	Infinity	 	8.5	10.800000000000001	0	500	2009-07-30 12:39:06.127	                    
61	19	4	0	Infinity	 	52	69	0	500	2009-07-30 12:39:10.08	                    
62	20	4	0	Infinity	 	35	125	0	500	2009-07-30 12:39:14.471	                    
63	21	4	0	Infinity	 	6	8	0	100	2009-07-30 12:39:18.658	                    
98	43	4	0	Infinity	 	-Infinity	Infinity	0	1000000	2009-07-30 12:40:57.955	                    
67	56	4	1	14	M	11	13	0	20	2009-08-02 17:07:46.605	g/dl                
68	56	4	0	1	M	14	19	0	20	2009-08-02 17:08:03.203	g/dl                
71	57	4	1	14	F	36	42	0	100	2009-08-02 17:09:01.81	Vol%                
70	57	4	14	1000	F	35	47	0	100	2009-08-02 17:08:42.499	Vol%                
72	57	4	1	14	M	36	42	0	100	2009-08-02 17:09:14.293	Vol%                
73	57	4	0	1	M	44	62	0	100	2009-08-02 17:09:27.065	Vol%                
74	57	4	0	1	F	44	62	0	100	2009-08-02 17:09:41.706	Vol%                
79	58	4	0	1	M	5	6	0	100	2009-08-02 17:19:51.505	million/mm^3        
78	58	4	1	14	F	3.5	6	0	100	2009-08-02 17:19:32.123	million/mm^3        
80	58	4	0	1	F	5	6	0	100	2009-08-02 17:20:20.217	million/mm^3        
86	61	4	0	Infinity	 	80	95	0	200	2009-08-02 17:24:00.52	microns^3           
90	65	4	0	Infinity	 	1	4	0	100	2009-08-02 17:27:15.143	%                   
91	66	4	0	Infinity	 	0	1	0	100	2009-08-02 17:27:35.824	%                   
93	68	4	0	Infinity	 	20	40	0	100	2009-08-02 17:28:15.74	%                   
94	69	4	0	Infinity	 	0	6	0	1000	2009-08-02 17:28:43.481	%                   
96	71	4	0	Infinity	 	1	5	0	15	2009-08-02 17:30:28.911	mns                 
97	72	4	0	Infinity	 	5	15	0	30	2009-08-02 17:31:02.628	mns                 
76	58	4	14	0	F	4	5.4000000000000004	0	100	2011-01-04 12:21:17.647	million/mm^3        
100	59	4	0	Infinity	 	4000	10000	-Infinity	Infinity	2011-01-04 12:15:18.024	mm3                 
75	58	4	14	0	M	4.5	6.2000000000000002	0	100	2011-01-04 12:21:35.593	million/mm^3        
77	58	4	1	14	M	3.5	6	0	100	2011-01-04 12:23:39.31	million/mm^3        
64	56	4	14	Infinity	M	13	17	0	20	2011-01-04 12:28:30.875	g/dl                
65	56	4	14	Infinity	F	12	16	0	20	2011-01-04 12:28:42.84	g/dl                
89	64	4	0	Infinity	 	50	80	0	100	2011-01-04 14:02:47.908	%                   
92	67	4	0	Infinity	 	2	10	0	100	2011-01-04 14:04:46.503	%                   
88	63	4	0	Infinity	 	28	32	0	50	2011-01-04 14:08:42.331	pg                  
87	62	4	0	Infinity	 	30	35	0	50	2011-01-04 14:09:21.883	%                   
101	58	4	0	Infinity	 	3.5	5	0.10000000000000001	50	2011-02-14 15:47:22.183	million/mm^3        
48	4	4	0	Infinity	 	5	25	0	100	2011-01-10 14:30:48.834	mg/dl               
85	60	4	0	Infinity	 	150000	400000	0	1000000	2011-02-04 17:35:39.211	mm3                 
44	1	4	0	Infinity	 	70	120	0	1000	2011-02-11 15:00:23.297	g/dl                
58	105	4	0	Infinity	 	135	145	0	500	2011-02-14 12:56:52.874	                    
104	25	4	0	Infinity	 	0	100	0	100	2009-09-22 13:45:02.357	%                   
105	78	4	0	Infinity	M	1000	1030	750	2000	2011-01-04 11:07:43.084	                    
106	78	4	0	Infinity	F	1000	1030	750	2000	2011-01-04 11:08:00.472	                    
107	79	4	0	Infinity	 	5	8.5	2	10	2011-01-04 11:25:06.446	                    
114	212	4	50	Infinity	M	2.2000000000000002	5.2999999999999998	-Infinity	Infinity	2011-01-04 14:35:51.06	UI/l                
115	123	4	0	Infinity	 	0.40000000000000002	0.69999999999999996	0	2	2011-01-13 15:43:13.781	g/l                 
118	5	4	0	Infinity	 	5	12	2	50	2011-01-13 16:14:22.786	mg/l                
120	15	4	0	Infinity	M	35	70	20	90	2011-01-14 13:18:28.649	mg/dl               
121	15	4	0	Infinity	F	25	60	20	90	2011-01-14 13:18:52.925	mg/dl               
122	21	4	0	Infinity	 	0.20000000000000001	0.40000000000000002	0	2	2011-01-14 13:30:22.677	g/l                 
123	216	4	0	Infinity	 	0.01	2.5	0	50	2011-02-03 16:10:50.331	g/dl                
116	205	4	0	Infinity	 	0.20000000000000001	0.40000000000000002	0.10000000000000001	0.5	2011-02-03 16:12:20.864	g/l                 
124	136	4	0	Infinity	 	0.001	10	0	10.000999999999999	2011-02-03 16:16:28.408	ug/l                
125	137	4	0	Infinity	 	0.001	3	0	3.0009999999999999	2011-02-03 16:17:26.179	g/l                 
119	149	4	0	Infinity	 	0.001	20	0	50	2011-02-03 16:32:48.326	%                   
95	70	4	0	Infinity	F	5	20	1	25	2011-02-04 16:21:02.178	                    
108	139	4	0	Infinity	 	36	50	0	100	2011-02-04 17:36:17.42	g/l                 
109	189	4	0	Infinity	 	1	5	0	100	2011-02-04 17:37:10.092	g/l                 
111	190	4	0	Infinity	 	4	8	0	100	2011-02-04 17:38:01.514	g/l                 
112	191	4	0	Infinity	 	5	12	0	100	2011-02-04 17:38:29.145	g/l                 
113	192	4	0	Infinity	 	8	16	0	100	2011-02-04 17:54:33.706	g/l                 
126	220	4	0	Infinity	 	10	200	-Infinity	Infinity	2011-02-11 14:55:18.592	                    
127	223	4	0	Infinity	 	50	80	1	100	2011-02-14 14:48:13.482	%                   
117	135	4	0	Infinity	 	95	105	-Infinity	Infinity	2011-02-14 15:27:53.928	g/l                 
128	219	4	0	Infinity	 	4500	10000	500	50000	2011-02-14 15:40:31.722	mm3                 
129	231	4	0	Infinity	 	3.5	5	0.10000000000000001	50	2011-02-14 15:55:04.509	million/mm^3        
130	232	4	0	Infinity	 	22	30	-Infinity	Infinity	2011-02-14 16:02:55.296	                    
131	233	4	0	Infinity	 	90	100	-Infinity	Infinity	2011-02-14 16:03:21.986	mg/l                
\.


--
-- Data for Name: result_signature; Type: TABLE DATA; Schema: clinlims; Owner: clinlims
--

COPY result_signature (id, result_id, system_user_id, is_supervisor, lastupdated, non_user_name) FROM stdin;
\.


--
-- Data for Name: sample; Type: TABLE DATA; Schema: clinlims; Owner: clinlims
--

COPY sample (id, accession_number, package_id, domain, next_item_sequence, revision, entered_date, received_date, collection_date, client_reference, status, released_date, sticker_rcvd_flag, sys_user_id, barcode, transmission_date, lastupdated, spec_or_isolate, priority, status_id) FROM stdin;
\.


--
-- Data for Name: sample_animal; Type: TABLE DATA; Schema: clinlims; Owner: clinlims
--

COPY sample_animal (id, sci_name_id, comm_anim_id, sampling_location, collector, samp_id, multiple_unit, street_address, city, state, country, zip_code) FROM stdin;
\.


--
-- Data for Name: sample_domain; Type: TABLE DATA; Schema: clinlims; Owner: clinlims
--

COPY sample_domain (id, domain_description, domain, lastupdated) FROM stdin;
28	ANIMAL SAMPLES	A	2006-11-08 10:58:03.229
29	ENVIRONMENTAL	E	2006-09-21 10:06:53
27	HUMAN SAMPLES	H	2006-09-21 10:06:01
2	NEWBORN SAMPLES	N	2008-10-31 15:19:03.544
\.


--
-- Data for Name: sample_environmental; Type: TABLE DATA; Schema: clinlims; Owner: clinlims
--

COPY sample_environmental (id, samp_id, is_hazardous, lot_nbr, description, chem_samp_num, street_address, multiple_unit, city, state, zip_code, country, collector, sampling_location) FROM stdin;
\.


--
-- Data for Name: sample_human; Type: TABLE DATA; Schema: clinlims; Owner: clinlims
--

COPY sample_human (id, provider_id, samp_id, patient_id, lastupdated) FROM stdin;
\.


--
-- Data for Name: sample_item; Type: TABLE DATA; Schema: clinlims; Owner: clinlims
--

COPY sample_item (id, sort_order, sampitem_id, samp_id, source_id, typeosamp_id, uom_id, source_other, quantity, lastupdated) FROM stdin;
\.


--
-- Data for Name: sample_newborn; Type: TABLE DATA; Schema: clinlims; Owner: clinlims
--

COPY sample_newborn (id, weight, multi_birth, birth_order, gestational_week, date_first_feeding, breast, tpn, formula, milk, soy, jaundice, antibiotics, transfused, date_transfusion, medical_record_numeric, nicu, birth_defect, pregnancy_complication, deceased_sibling, cause_of_death, family_history, other, y_numeric, yellow_card, lastupdated) FROM stdin;
\.


--
-- Data for Name: sample_organization; Type: TABLE DATA; Schema: clinlims; Owner: clinlims
--

COPY sample_organization (id, org_id, samp_id, samp_org_type, lastupdated) FROM stdin;
\.


--
-- Data for Name: sample_pdf; Type: TABLE DATA; Schema: clinlims; Owner: clinlims
--

COPY sample_pdf (id, accession_number, allow_view, barcode) FROM stdin;
\.


--
-- Data for Name: sample_projects; Type: TABLE DATA; Schema: clinlims; Owner: clinlims
--

COPY sample_projects (samp_id, proj_id, is_permanent, id, lastupdated) FROM stdin;
\.


--
-- Data for Name: sample_qaevent; Type: TABLE DATA; Schema: clinlims; Owner: clinlims
--

COPY sample_qaevent (id, qa_event_id, sample_id, completed_date, lastupdated, sampleitem_id, authorizer, section) FROM stdin;
\.


--
-- Data for Name: sample_qaevent_action; Type: TABLE DATA; Schema: clinlims; Owner: clinlims
--

COPY sample_qaevent_action (id, sample_qaevent_id, action_id, created_date, lastupdated, sys_user_id) FROM stdin;
\.


--
-- Data for Name: sample_requester; Type: TABLE DATA; Schema: clinlims; Owner: clinlims
--

COPY sample_requester (sample_id, requester_id, requester_type_id, lastupdated) FROM stdin;
\.


--
-- Data for Name: sampletype_panel; Type: TABLE DATA; Schema: clinlims; Owner: clinlims
--

COPY sampletype_panel (id, sample_type_id, panel_id) FROM stdin;
4	5	10
5	2	9
6	6	7
7	2	11
8	7	8
9	12	8
10	19	8
11	17	8
13	20	8
14	18	8
15	11	8
16	13	8
18	9	8
19	10	8
\.


--
-- Data for Name: sampletype_test; Type: TABLE DATA; Schema: clinlims; Owner: clinlims
--

COPY sampletype_test (id, sample_type_id, test_id, is_panel) FROM stdin;
26	7	46	f
27	7	49	f
28	7	51	f
29	7	50	f
31	7	48	f
32	7	52	f
33	7	53	f
37	12	46	f
38	12	49	f
39	12	51	f
40	12	50	f
42	12	48	f
43	12	54	f
44	12	52	f
45	12	53	f
46	5	82	f
47	5	77	f
48	5	88	f
49	5	87	f
50	5	76	f
52	5	89	f
53	5	78	f
54	5	81	f
55	5	86	f
56	5	85	f
57	5	91	f
58	5	90	f
62	5	84	f
63	5	79	f
66	7	44	f
67	19	46	f
68	19	48	f
69	19	49	f
70	19	50	f
71	19	51	f
72	19	52	f
73	19	53	f
74	17	46	f
75	17	48	f
76	17	49	f
77	17	51	f
78	17	50	f
79	17	52	f
80	17	53	f
81	17	42	f
82	17	43	f
83	17	44	f
84	19	42	f
85	19	43	f
86	19	44	f
87	20	46	f
88	20	49	f
89	20	51	f
90	20	51	f
91	20	50	f
92	20	52	f
93	20	53	f
94	20	42	f
95	20	43	f
96	20	44	f
97	18	46	f
98	18	49	f
99	18	51	f
100	18	50	f
101	18	52	f
102	18	53	f
103	18	42	f
104	18	43	f
105	18	44	f
106	3	26	f
107	3	27	f
108	3	28	f
109	3	33	f
110	3	42	f
111	3	43	f
112	3	44	f
113	11	46	f
114	11	49	f
115	11	51	f
116	11	50	f
117	11	52	f
118	11	53	f
119	11	42	f
120	11	43	f
121	11	44	f
122	13	23	f
123	13	42	f
124	13	43	f
125	13	44	f
126	2	1	f
127	2	2	f
128	2	3	f
129	2	4	f
130	2	5	f
131	2	6	f
132	2	7	f
133	2	9	f
134	2	8	f
135	2	11	f
136	2	12	f
137	2	13	f
138	2	14	f
139	2	15	f
140	2	16	f
141	2	17	f
142	2	18	f
143	2	19	f
144	2	20	f
145	2	21	f
147	9	46	f
148	9	49	f
149	9	51	f
150	9	51	f
151	9	50	f
152	9	52	f
153	9	53	f
154	9	47	f
155	9	42	f
156	9	43	f
157	9	44	f
158	10	46	f
159	10	49	f
160	10	51	f
161	10	50	f
162	10	53	f
163	10	52	f
164	10	54	f
165	10	55	f
166	10	47	f
167	10	42	f
168	10	43	f
169	10	44	f
170	2	23	f
171	2	26	f
172	2	27	f
173	2	28	f
174	2	33	f
175	2	56	f
176	2	57	f
179	2	60	f
180	2	61	f
181	2	62	f
182	2	63	f
183	2	64	f
184	2	65	f
185	2	66	f
186	2	67	f
187	2	68	f
188	2	69	f
189	2	70	f
190	2	72	f
191	2	71	f
192	2	73	f
193	2	74	f
194	2	75	f
196	6	99	f
197	6	101	f
198	6	96	f
199	6	95	f
200	6	98	f
201	6	100	f
202	6	97	f
203	6	102	f
204	6	103	f
205	4	26	f
206	4	27	f
207	4	28	f
208	4	29	f
209	4	30	f
210	4	31	f
211	4	33	f
212	4	32	f
213	4	34	f
214	4	35	f
215	4	36	f
216	4	37	f
217	4	38	f
218	4	39	f
219	4	40	f
220	4	41	f
221	4	42	f
222	4	43	f
223	4	44	f
225	6	93	f
226	6	117	f
227	6	116	f
228	6	115	f
229	5	106	f
230	5	111	f
231	5	110	f
232	5	108	f
233	5	107	f
234	5	112	f
235	5	109	f
236	5	114	f
237	5	113	f
238	4	1	f
239	7	118	f
241	2	94	f
242	2	25	f
243	2	24	f
244	2	127	f
245	4	127	f
246	3	127	f
250	2	133	f
251	13	133	f
252	6	120	f
253	6	134	f
254	17	140	f
255	20	140	f
256	12	147	f
257	12	205	f
258	12	135	f
259	12	123	f
261	12	70	f
262	12	59	f
263	19	136	f
264	19	137	f
265	19	5	f
266	19	138	f
268	17	139	f
269	17	141	f
270	20	142	f
271	20	143	f
272	20	144	f
273	20	145	f
274	20	146	f
276	20	148	f
277	20	149	f
278	20	58	f
279	18	123	f
280	18	16	f
281	18	15	f
282	18	21	f
283	18	206	f
284	18	150	f
285	18	151	f
286	18	152	f
287	3	1	f
289	4	21	f
290	11	154	f
291	22	22	f
292	24	155	f
293	24	156	f
294	24	157	f
295	24	158	f
296	24	159	f
297	3	207	f
298	2	160	f
299	3	161	f
300	3	162	f
302	3	163	f
303	3	164	f
304	3	166	f
305	3	165	f
306	3	167	f
307	3	168	f
308	2	169	f
309	2	170	f
310	6	171	f
311	6	172	f
312	6	179	f
313	6	180	f
314	5	181	f
315	5	182	f
316	5	183	f
317	5	184	f
318	5	83	f
319	5	185	f
320	25	86	f
321	25	85	f
322	25	87	f
323	25	88	f
324	25	91	f
325	25	186	f
326	25	187	f
327	25	188	f
328	25	89	f
329	25	110	f
330	25	111	f
331	25	112	f
332	25	108	f
333	25	107	f
334	25	109	f
335	25	114	f
336	25	114	f
337	25	113	f
338	25	106	f
339	4	139	f
340	4	189	f
341	4	190	f
342	4	191	f
343	4	192	f
344	4	210	f
345	4	193	f
346	4	194	f
347	4	195	f
348	4	135	f
349	4	105	f
351	4	17	f
352	4	196	f
353	4	197	f
354	4	198	f
355	4	199	f
356	4	200	f
357	4	201	f
358	4	202	f
359	4	204	f
360	4	209	f
361	4	178	f
362	4	177	f
363	4	2	f
364	6	211	f
365	2	31	f
366	3	31	f
367	2	93	f
368	2	180	f
369	2	173	f
370	3	173	f
371	4	173	f
372	3	174	f
373	2	174	f
374	4	174	f
375	3	175	f
376	2	175	f
377	4	175	f
378	3	176	f
379	2	176	f
380	4	176	f
381	3	37	f
382	2	37	f
383	3	39	f
384	2	39	f
385	3	30	f
386	2	30	f
388	3	178	f
389	2	177	f
391	2	178	f
392	2	209	f
393	3	209	f
394	3	177	f
396	4	212	f
397	2	213	f
398	2	128	f
399	20	214	f
400	18	215	f
401	17	216	f
402	5	217	f
403	5	153	f
404	3	213	f
405	4	213	f
406	3	128	f
407	4	128	f
408	18	220	f
409	22	221	f
410	3	36	f
411	2	36	f
412	4	222	f
413	2	132	f
414	2	223	f
415	4	224	f
416	3	224	f
417	2	224	f
418	4	225	f
419	3	225	f
420	2	225	f
421	4	226	f
422	3	226	f
423	2	226	f
424	4	227	f
425	4	228	f
426	4	229	f
430	2	219	f
431	2	231	f
432	4	232	f
433	4	233	f
434	4	234	f
435	3	234	f
436	2	234	f
\.


--
-- Data for Name: scriptlet; Type: TABLE DATA; Schema: clinlims; Owner: clinlims
--

COPY scriptlet (id, name, code_type, code_source, lastupdated) FROM stdin;
13	Ais Test	B	C	2006-12-13 11:00:01.748
11	Diane Test	T	Diane test	2006-11-01 13:34:49.667
12	SCRIPTLET	S	test	2006-11-08 10:58:32.964
1	HIV Status Indeterminate	I	HIV Indeterminate	2011-02-02 11:55:53.344606
2	HIV Status Negative	I	HIV N	2011-02-02 11:55:53.344606
3	HIV Status Positive	I	HIV Positive	2011-02-02 11:55:53.344606
\.


--
-- Data for Name: sequence; Type: TABLE DATA; Schema: clinlims; Owner: clinlims
--

COPY sequence (seq_name, seq_count) FROM stdin;
\.


--
-- Data for Name: site_information; Type: TABLE DATA; Schema: clinlims; Owner: clinlims
--

COPY site_information (id, name, lastupdated, description, value) FROM stdin;
4	siteNumber	\N	site Id Number	31100
5	appName	2010-10-28 04:13:55.857654-07	The name of the application.	haitiOpenElis
6	patientSearchURL	2010-10-28 04:13:56.491221-07	The service URL from which to import patient demographics	https://67.47.153.78:8180/PatientSearchService/iSante/services/patients
7	patientSearchLogOnUser	2010-10-28 04:13:56.491221-07	The user name for using the service	iSanteSvcUser
8	patientSearchPassword	2010-10-28 04:13:56.491221-07	The password for using the service	cq:qzhuxpVz80oD
9	useExternalPatientSource	2010-10-28 04:13:56.491221-07	Use an external source patient demographics true/false	false
10	TrainingInstallation	\N	Allows for deletion of all patient and sample data	false
\.


--
-- Data for Name: source_of_sample; Type: TABLE DATA; Schema: clinlims; Owner: clinlims
--

COPY source_of_sample (id, description, domain, lastupdated) FROM stdin;
43	Ankle	H	2006-09-12 10:09:25
56	Bone marrow	H	2006-09-12 10:14:26
62	Brain meninges	H	2006-09-12 10:24:32
88	Eye lid	H	2006-09-12 10:34:28
91	Finger 1st	H	2006-09-12 10:35:08
102	Head	H	2006-09-12 10:38:14
109	Lingula	H	2006-09-12 10:39:28
205	test11	A	2006-12-11 14:48:24
26	Left Lower Lobe	H	2006-09-12 10:03:04
29	Right Lower Lobe	H	2006-09-12 10:03:24
30	Middle Lobe	H	2006-09-12 10:03:37
31	Acute	H	2006-09-12 10:05:06
32	Convalescent	H	2006-09-12 10:05:19
33	Abdominal	H	2006-11-08 11:10:05.484
34	Amniotic	H	2006-09-12 10:05:53
35	Joint	H	2006-09-12 10:06:04
36	Paracentesis	H	2006-09-12 10:07:23
37	Pericardial	H	2006-09-12 10:07:33
38	Synovial	H	2006-09-12 10:07:43
39	Thoracentesis	H	2006-09-12 10:08:09
40	Vitreous	H	2006-09-12 10:08:20
41	Abdomen	H	2006-11-08 11:09:50.202
42	Adenoid	H	2006-09-12 10:09:17
44	Aorta	H	2006-09-12 10:09:34
45	Arm	H	2006-09-12 10:09:42
46	Axilla	H	2006-09-12 10:09:53
47	Back	H	2006-09-12 10:10:00
48	Bladder	H	2006-09-12 10:10:36
49	Bone	A	2006-11-27 09:21:04
50	Bone tibia	H	2006-09-12 10:13:00
51	Bone femur	H	2006-09-12 10:12:33
52	Bone coccyx	H	2006-09-12 10:13:18
53	Bone clavicle	H	2006-09-12 10:13:32
54	Bone cranium	H	2006-09-12 10:13:46
55	Bone mastoid	H	2006-09-12 10:14:01
57	Bowel	H	2006-09-12 10:14:37
58	Brain	H	2006-09-12 10:23:28
59	Brain frontal lobe	H	2006-09-12 10:23:48
60	Brain subgaleal	H	2006-09-12 10:24:07
61	Brain subdural	H	2006-09-12 10:24:21
63	Brain parietal lobe	H	2006-09-12 10:24:46
64	Brain dura	H	2006-09-12 10:24:56
65	Brain cerebellum	H	2006-09-12 10:25:10
66	Breast	H	2006-09-12 10:25:19
67	Buccal	H	2006-09-12 10:25:37
68	Buttock	H	2006-09-12 10:26:10
69	Calf	H	2006-09-12 10:26:19
70	Cervix	H	2006-09-12 10:26:47
71	Chest	H	2006-09-12 10:26:56
72	Coccyx	H	2006-09-12 10:27:19
73	Colon	H	2006-09-12 10:27:27
74	Composite	H	2006-09-12 10:27:35
75	Disc	H	2006-09-12 10:27:47
76	Duodenum	H	2006-09-12 10:27:58
77	Ear	H	2006-09-12 10:28:05
78	Ear canal	H	2006-09-12 10:28:20
79	Ear mastoid	H	2006-09-12 10:28:32
80	Elbow	H	2006-09-12 10:28:43
81	Endometrium	H	2006-09-12 10:28:53
82	Epidural	H	2006-09-12 10:29:03
83	Epiglottis	H	2006-09-12 10:29:17
84	Esophagus	H	2006-09-12 10:29:37
85	Eye	H	2006-09-12 10:33:46
86	Eye cornea	H	2006-09-12 10:34:00
87	Eye conjunctiva	H	2006-09-12 10:34:19
89	Face	H	2006-09-12 10:34:40
90	Finger	H	2006-09-12 10:34:48
92	Finger 2nd	H	2006-09-12 10:35:19
93	Finger 3rd	H	2006-09-12 10:35:28
94	Finger 4th	H	2006-09-12 10:35:36
95	Finger thumb	H	2006-09-12 10:35:47
96	Foot	H	2006-09-12 10:36:00
97	Gall Bladder	H	2006-09-12 10:37:27
98	Gastric	H	2006-09-12 10:37:35
99	Hair	H	2006-09-12 10:37:42
100	Hand	H	2006-09-12 10:37:52
101	Hard Palate	H	2006-09-12 10:38:03
103	Hip	H	2006-09-12 10:38:25
104	Intestine	H	2006-09-12 10:38:38
105	Jaw	H	2006-09-12 10:38:48
106	Kidney	H	2006-09-12 10:38:58
107	Knee	H	2006-09-12 10:39:07
108	Leg	H	2006-09-12 10:39:20
110	Lip	H	2006-09-12 10:39:43
111	Lumbar	H	2006-09-12 10:39:51
112	Lumbar Disc Space	H	2006-09-12 10:40:03
113	Lymph Node	H	2006-09-12 10:40:14
114	Lymph Node abdominal	H	2006-09-12 10:40:36
115	Lymph Node axillary	H	2006-09-12 10:40:50
116	Lymph Node cervical	H	2006-09-12 10:41:04
117	Lymph Node hilar	H	2006-09-12 10:41:22
118	Lymph Node inguinal	H	2006-09-12 10:41:47
124	Neck	H	2006-09-12 11:34:26
125	Nose	H	2006-09-12 11:34:34
140	Rectum	H	2006-09-12 11:38:12
143	Scrotum	H	2006-09-12 11:39:22
144	Shin	H	2006-09-12 11:39:30
174	Wrist	H	2006-09-12 11:46:47
185	Heart	H	2006-09-12 11:58:15
189	Lymph Node mediastinal	H	2006-09-12 12:45:59
190	Lymph Node mesenteric	H	2006-09-12 12:46:17
191	Lymph Node paratracheal	H	2006-09-12 12:46:30
192	Lymph Node portal	H	2006-09-12 12:47:25
193	Lymph Node post auricular	H	2006-09-12 12:47:42
194	Lymph Node submandibular	H	2006-09-12 12:47:57
195	Lymph Node supraclavicular	H	2006-09-12 12:48:23
196	Lymph Node tracheal	H	2006-09-12 12:48:33
197	Port-a-Cath	H	2006-09-13 08:49:45
198	IV Catheter Tip	H	2006-09-13 08:50:14
120	Urethral	H	2006-09-12 11:33:15
28	Right Upper Lobe	H	2006-09-12 10:03:14
119	Cervical	H	2006-09-12 11:33:05
121	Oral	H	2006-09-12 11:33:38
122	Mandible	H	2006-09-12 11:34:14
123	Nail	H	2006-09-12 11:34:20
126	Nose anterior nares	H	2006-09-12 11:34:59
127	Nose nares	H	2006-09-12 11:35:12
128	Nose turbinate	H	2006-09-12 11:35:22
129	Omentum	H	2006-09-12 11:35:33
130	Paraspinal	H	2006-09-12 11:35:44
131	Paratracheal	H	2006-09-12 11:36:11
132	Parotid	H	2006-09-12 11:36:21
133	Penis	H	2006-09-12 11:36:59
134	Pericardium	H	2006-09-12 11:37:09
135	Perineum	H	2006-09-12 11:37:22
136	Peritoneum	H	2006-09-12 11:37:37
137	Placenta	H	2006-09-12 11:37:45
138	Pleura	H	2006-09-12 11:37:56
139	Prostate	H	2006-09-12 11:38:04
141	Sacrum	H	2006-09-12 11:38:26
142	Scalp	H	2006-09-12 11:38:36
145	Shoulder	H	2006-09-12 11:39:38
146	Sinus	H	2006-09-12 11:39:49
147	Sinus ethmoid	H	2006-09-12 11:40:08
148	Sinus frontal	H	2006-09-12 11:40:17
149	Sinus maxillary	H	2006-09-12 11:41:30
150	Sinus sphenoid	H	2006-09-12 11:41:42
151	Skin	H	2006-09-12 11:41:55
152	Small Bowel	H	2006-09-12 11:42:04
153	Spine	H	2006-09-12 11:42:11
154	Spleen	H	2006-09-12 11:42:20
155	Sternum	H	2006-09-12 11:42:30
156	Stomach	H	2006-09-12 11:42:38
157	Synovium	H	2006-09-12 11:43:00
158	Testicle	H	2006-09-12 11:43:17
159	Thigh	H	2006-09-12 11:43:25
160	Toe	H	2006-09-12 11:43:33
161	Toe great	H	2006-09-12 11:43:58
162	Toe 1st	H	2006-09-12 11:44:10
163	Toe 2nd	H	2006-09-12 11:44:19
164	Toe 3rd	H	2006-09-12 11:44:29
165	Toe 4th	H	2006-09-12 11:44:38
166	Toe 5th	H	2006-09-12 11:45:37
167	Toenail	H	2006-09-12 11:45:48
168	Tongue	H	2006-09-12 11:45:57
169	Tonsil	H	2006-09-12 11:46:04
170	Vagina	H	2006-09-12 11:46:18
171	Vein	H	2006-09-12 11:46:25
172	Vertebra	H	2006-09-12 11:46:32
173	Vulva	H	2006-09-12 11:46:40
175	Other	H	2006-09-12 11:47:35
176	Midstream	H	2006-09-12 11:47:54
177	Clean Catch	H	2006-09-12 11:48:05
178	Catheter	H	2006-09-12 11:48:12
179	Foley Catheter	H	2006-09-12 11:48:33
180	Peripheral	H	2006-09-12 11:48:45
181	EDTA	H	2006-09-12 11:48:51
182	Whole	H	2006-09-12 11:48:57
183	Venous	H	2006-09-12 11:49:06
184	Cord	H	2006-09-12 11:49:11
186	Heart valve	H	2006-09-12 11:58:28
187	Heart aortic	H	2006-09-12 11:58:38
188	Heart pericardium	H	2006-09-12 11:58:49
25	Left Upper Lobe 	H	2006-09-12 10:02:44
\.


--
-- Data for Name: state_code; Type: TABLE DATA; Schema: clinlims; Owner: clinlims
--

COPY state_code (id, code, description, lastupdated) FROM stdin;
17	MB	Manitoba	2006-08-11 14:14:02
18	NB	New Brunswick	2006-08-11 14:14:02
19	NL	Newfoundland and Labrador	2006-08-11 14:14:02
20	NT	Northwest Territories	2006-08-11 14:14:02
21	NS	Nova Scotia	2006-08-11 14:14:02
22	NU	Nunavut	2006-08-11 14:14:02
23	ON	Ontario	2006-08-11 14:14:02
24	PE	Prince Edward Island	2006-08-11 14:14:02
25	QC	Quebec	2006-08-11 14:14:02
15	AA	Alberta	2006-11-08 11:10:52.625
16	BC	British Columbia	2006-08-11 14:14:02
26	SK	Saskatchewan	2006-08-11 14:14:02
27	YU	Yukon	2006-08-11 14:14:02
30	AL	ALABAMA             	2006-08-11 14:14:02
31	AK	ALASKA              	2006-08-11 14:14:02
32	AZ	ARIZONA             	2006-08-11 14:14:02
33	AR	ARKANSAS            	2006-08-11 14:14:02
34	CA	CALIFORNIA          	2006-08-11 14:14:02
35	CO	COLORADO            	2006-08-11 14:14:02
36	CT	CONNECTICUT         	2006-08-11 14:14:02
37	DE	DELAWARE            	2006-08-11 14:14:02
38	DC	DISTRICT OF COLUMBIA	2006-08-11 14:14:02
39	FL	FLORIDA             	2006-08-11 14:14:02
40	GA	GEORGIA             	2006-08-11 14:14:02
41	HI	HAWAII              	2006-08-11 14:14:02
42	ID	IDAHO               	2006-08-11 14:14:02
43	IL	ILLINOIS            	2006-08-11 14:14:02
44	IN	INDIANA             	2006-08-11 14:14:02
45	IA	IOWA                	2006-08-11 14:14:02
46	KS	KANSAS              	2006-08-11 14:14:02
47	KY	KENTUCKY            	2006-08-11 14:14:02
48	LA	LOUISIANA           	2006-08-11 14:14:02
49	ME	MAINE               	2006-08-11 14:14:02
50	MD	MARYLAND            	2006-08-11 14:14:02
51	MA	MASSACHUSETTS       	2006-08-11 14:14:02
52	MI	MICHIGAN            	2006-08-11 14:14:02
53	MN	MINNESOTA           	2006-08-11 14:14:02
54	MS	MISSISSIPPI         	2006-08-11 14:14:02
55	MO	MISSOURI            	2006-08-11 14:14:02
56	MT	MONTANA             	2006-08-11 14:14:02
57	NE	NEBRASKA            	2006-08-11 14:14:02
58	NV	NEVADA              	2006-08-11 14:14:02
59	NH	NEW HAMPSHIRE       	2006-08-11 14:14:02
60	NJ	NEW JERSEY          	2006-08-11 14:14:02
61	NM	NEW MEXICO          	2006-08-11 14:14:02
62	NY	NEW YORK            	2006-08-11 14:14:02
63	NC	NORTH CAROLINA      	2006-08-11 14:14:02
64	ND	NORTH DAKOTA        	2006-08-11 14:14:02
65	OH	OHIO                	2006-08-11 14:14:02
66	OK	OKLAHOMA            	2006-08-11 14:14:02
67	OR	OREGON              	2006-08-11 14:14:02
68	PA	PENNSYLVANIA        	2006-08-11 14:14:02
69	RI	RHODE ISLAND        	2006-08-11 14:14:02
70	SC	SOUTH CAROLINA      	2006-08-11 14:14:02
71	SD	SOUTH DAKOTA        	2006-08-11 14:14:02
72	TN	TENNESSEE           	2006-08-11 14:14:02
73	TX	TEXAS               	2006-08-11 14:14:02
74	UT	UTAH                	2006-08-11 14:14:02
75	VT	VERMONT             	2006-08-11 14:14:02
76	VA	VIRGINIA            	2006-08-11 14:14:02
77	WA	WASHINGTON          	2006-08-11 14:14:02
78	WV	WEST VIRGINIA       	2006-08-11 14:14:02
79	WI	WISCONSIN           	2006-08-11 14:14:02
80	WY	WYOMING             	2006-08-11 14:14:02
85	CF	Confusion	2006-08-30 15:49:37
82	AB	new test update	2006-08-11 14:14:02
\.


--
-- Data for Name: status_of_sample; Type: TABLE DATA; Schema: clinlims; Owner: clinlims
--

COPY status_of_sample (id, description, code, status_type, lastupdated, name, display_key) FROM stdin;
1	No tests have been run for this sample	1	SAMPLE	2010-04-28 15:39:55.011	Test Entered	status.sample.notStarted
2	Some tests have been run on this sample	1	SAMPLE	2010-04-28 15:39:55.011	Testing Started	status.sample.started
3	All tests have been run on this sample	1	SAMPLE	2010-04-28 15:39:55.011	Testing finished	status.sample.finished
4	This test has not yet been done	1	ANALYSIS	2010-04-28 15:39:55.011	Not Tested	status.test.notStarted
6	The results of the test were accepted	1	ANALYSIS	2010-04-28 15:39:55.011	Finished	status.test.valid
7	The result was not valid and not signed by the supervisor	1	ANALYSIS	2010-04-28 15:39:55.011	Invalid Not Signed	status.test.invalid.notsigned
9	test has been referred to an outside lab and the results have not been returned	1	ANALYSIS	2010-10-28 06:13:55.174221	referred out	status.test.referred.out
\.


--
-- Data for Name: storage_location; Type: TABLE DATA; Schema: clinlims; Owner: clinlims
--

COPY storage_location (id, sort_order, name, location, is_available, parent_storageloc_id, storage_unit_id) FROM stdin;
\.


--
-- Data for Name: storage_unit; Type: TABLE DATA; Schema: clinlims; Owner: clinlims
--

COPY storage_unit (id, category, description, is_singular) FROM stdin;
\.


--
-- Data for Name: system_module; Type: TABLE DATA; Schema: clinlims; Owner: clinlims
--

COPY system_module (id, name, description, has_select_flag, has_add_flag, has_update_flag, has_delete_flag) FROM stdin;
1	PanelItem	Master Lists => Panel Item => edit	Y	Y	Y	N
2	DictionaryCategory	Master Lists => Dictionary Category => edit	Y	Y	Y	N
3	Dictionary	Master Lists => Dictonary => edit	Y	Y	Y	N
4	Gender	Master Lists => Gender => edit	Y	Y	Y	N
5	LoginUser	Master Lists => Login User => Edit	Y	Y	Y	N
6	Organization	Master Lists => Organization => edit	Y	Y	Y	N
7	Panel	Master Lists => Panel	Y	Y	Y	Y
8	PatientResults	Results->By Patient	N	N	N	N
9	ResultLimits	Master Lists => ResultLimits => edit	Y	Y	Y	N
10	Result	Master Lists => Result => edit	Y	Y	Y	N
11	Role	Master Lists => Role => edit	Y	Y	Y	N
12	StatusOfSample	Master Lists => StatusOfSample => edit	Y	Y	Y	N
13	SystemModule	Master Lists => System Module	Y	Y	Y	N
14	SystemUser	Master Lists => System User	Y	Y	Y	N
15	Test	Master Lists => Test	Y	Y	Y	N
16	SampleEntry	Sample->Sample Entry	N	N	N	N
17	MasterList	Administration	N	N	N	N
18	Inventory	Inventory	N	N	N	N
26	StatusResults	Results->By Status	N	N	N	N
27	ReportAdmin	Master Lists => OR Admin	Y	Y	Y	N
28	ReportUserDetail	Reports	Y	Y	Y	N
29	ReportUserOption	Reports	Y	Y	Y	N
30	ReportUserRun	Reports	Y	Y	Y	N
31	TypeOfTestResult	Master Lists => Type Of Test Result	Y	Y	Y	N
32	SystemUserModule	Master Lists => System User Module	Y	Y	Y	N
33	ResultsEntry	Result Management => Results Entry	Y	Y	Y	N
34	TestSection	Master Lists => Test Section	Y	Y	Y	N
35	TypeOfSample	Master Lists => Type Of Sample	Y	Y	Y	N
36	UnitOfMeasure	Master Lists => Unit Of Measure	N	N	N	N
40	UserRole	MasterList => UserRole	Y	Y	Y	Y
41	PatientType	MasterList => PatientType	Y	Y	Y	Y
42	TypeOfSamplePanel	MasterList => Associtate type of sample with panel	Y	Y	Y	Y
43	TypeOfSampleTest	MasterList => Associtate type of sample with tests	Y	Y	Y	Y
44	UnifiedSystemUser	MasterList->ManageUsers	Y	Y	Y	Y
45	LogbookResults	Results=>logbook=>save	Y	Y	Y	Y
46	SamplePatientEntry	Sample->SampleEntry	Y	Y	Y	Y
47	SiteInformation	MasterList=>Site Information	Y	Y	Y	Y
48	AnalyzerTestName	MasterList->Analyzer Test Name	Y	Y	Y	Y
49	AnalyzerResults	Results->Analyzers	Y	Y	Y	Y
51	SampleEntryByProject:initial	Sample=>CreateSample=>initial	Y	Y	Y	Y
52	SampleEntryByProject:verify	Sample=>CreateSample=>verify	Y	Y	Y	Y
55	PatientEntryByProject:initial	Patient=>Enter=>initial	Y	Y	Y	Y
56	PatientEntryByProject:verify	Patient=>Enter=>verify	Y	Y	Y	Y
60	LogbookResults:serology	Results=>Enter=>serology	Y	Y	Y	Y
61	LogbookResults:virology	Results=>Enter=>virology	Y	Y	Y	Y
63	AccessionResults	Results=>Search=>Lab No.	Y	Y	Y	Y
65	AnalyzerResults:cobas_integra	Results=>Analyzer=>cobas_integra	Y	Y	Y	Y
66	AnalyzerResults:sysmex	Results=>Analyzer=>sysmex	Y	Y	Y	Y
67	AnalyzerResults:facscalibur	Results=>Analyzer=>facscalibur	Y	Y	Y	Y
68	AnalyzerResults:evolis	Results=>Analyzer=>evolis	Y	Y	Y	Y
69	Workplan:test	Workplan=>test	Y	Y	Y	Y
70	Workplan:serology	Workplan=>serology	Y	Y	Y	Y
71	Workplan:immunology	Workplan=>immunology	Y	Y	Y	Y
72	Workplan:hematology	Workplan=>hematology	Y	Y	Y	Y
73	Workplan:biochemistry	Workplan=>biochemistry	Y	Y	Y	Y
74	Workplan:virology	Workplan=>virology	Y	Y	Y	Y
84	TestResult	Admin=>TestResult	Y	Y	Y	Y
86	TestReflex	Admin=>TestReflex	Y	Y	Y	Y
87	TestAnalyte	Admin=>TestAnalyte	Y	Y	Y	Y
97	Method	Admin=>Method	Y	Y	Y	Y
53	SampleEditByProject:readwrite	Sample=>SampleEditByProject:readwrite	Y	Y	Y	Y
54	SampleEditByProject:readonly	Sample=>SampleEditByProject:readonly	Y	Y	Y	Y
20	LogbookResults:chem	Results->By Logbook->Chem	N	N	N	N
25	LogbookResults:HIV	Results->By Logbook->VCT	N	N	N	N
19	LogbookResults:bacteriology	Results->By Logbook->Bacteria	N	N	N	N
21	LogbookResults:ECBU	Results->By Logbook->ECBU	N	N	N	N
22	LogbookResults:hematology	Results->By Logbook->Hemaology	N	N	N	N
23	LogbookResults:immuno	Results->By Logbook->Immuno	N	N	N	N
24	LogbookResults:parasitology	Results->By Logbook->Parasitology	N	N	N	N
101	Analyte	Admin=>Analyte	Y	Y	Y	Y
106	SampleEdit	Sample=>edit	Y	Y	Y	Y
107	NonConformity	NonConformity	Y	Y	Y	Y
108	Report:patient	Patient reports	Y	Y	Y	Y
109	Report:summary	Lab summary reports	Y	Y	Y	Y
110	Report:indicator	Lab quality indicator reports	Y	Y	Y	Y
111	ResultValidation:serology	Validation=>serology	Y	Y	Y	Y
112	ResultValidation:immunology	Validation=>immunology	Y	Y	Y	Y
113	ResultValidation:hematology	Validation=>hematology	Y	Y	Y	Y
114	ResultValidation:biochemistry	Validation=>biochemistry	Y	Y	Y	Y
115	ResultValidation:virology	Validation=>virology	Y	Y	Y	Y
116	PatientEditByProject:readwrite	Patient=>PatientEdit	Y	Y	Y	Y
117	PatientEditByProject:readonly	Patient=>PatientConsult	Y	Y	Y	Y
118	SampleEdit:readwrite	Sample -> edit	Y	Y	Y	Y
123	SampleEdit:readonly	Sample=>SampleConsult	Y	Y	Y	Y
173	ReportUserDetail:patientARV2	Report=>patient=>ARV follow-up Save	Y	Y	Y	Y
174	ReportUserDetail:patientEID	Report=>patient=>EID	Y	Y	Y	Y
185	ReferredOutTests	Results=>Referrals	Y	Y	Y	Y
\.


--
-- Data for Name: system_role; Type: TABLE DATA; Schema: clinlims; Owner: clinlims
--

COPY system_role (id, name, description, is_grouping_role, grouping_parent, display_key) FROM stdin;
1	Maintenance Admin   	Change tests, panels etc.               	f	\N	\N
2	User Admin          	Add/remove users and assign roles.      	f	\N	\N
3	Supervisor          	Able to approve invalid results.        	f	\N	\N
4	Intake              	Sample entry and patient management.    	f	\N	\N
5	Results entry       	Enter and review results.               	f	\N	\N
6	Inventory mgr       	Add and de/reactivate kits.             	f	\N	\N
7	Reports             	Generate reports.                       	f	\N	\N
\.


--
-- Data for Name: system_role_module; Type: TABLE DATA; Schema: clinlims; Owner: clinlims
--

COPY system_role_module (id, has_select, has_add, has_update, has_delete, system_role_id, system_module_id) FROM stdin;
259	Y	Y	Y	Y	1	17
260	Y	Y	Y	Y	1	87
261	Y	Y	Y	Y	1	48
262	Y	Y	Y	Y	1	3
263	Y	Y	Y	Y	1	4
264	Y	Y	Y	Y	1	97
265	Y	Y	Y	Y	1	6
266	Y	Y	Y	Y	1	7
267	Y	Y	Y	Y	1	1
268	Y	Y	Y	Y	1	41
269	Y	Y	Y	Y	1	9
270	Y	Y	Y	Y	1	11
271	Y	Y	Y	Y	1	47
272	Y	Y	Y	Y	1	12
273	Y	Y	Y	Y	1	15
274	Y	Y	Y	Y	1	86
275	Y	Y	Y	Y	1	84
276	Y	Y	Y	Y	1	34
277	Y	Y	Y	Y	1	35
278	Y	Y	Y	Y	1	42
279	Y	Y	Y	Y	1	43
280	Y	Y	Y	Y	1	31
281	Y	Y	Y	Y	1	36
282	Y	Y	Y	Y	1	27
283	Y	Y	Y	Y	1	13
284	Y	Y	Y	Y	1	32
285	Y	Y	Y	Y	1	44
286	Y	Y	Y	Y	1	101
287	Y	Y	Y	Y	2	17
288	Y	Y	Y	Y	2	44
289	Y	Y	Y	Y	4	46
290	Y	Y	Y	Y	5	8
291	Y	Y	Y	Y	5	26
292	Y	Y	Y	Y	5	63
293	Y	Y	Y	Y	5	20
294	Y	Y	Y	Y	5	25
295	Y	Y	Y	Y	5	19
296	Y	Y	Y	Y	5	21
297	Y	Y	Y	Y	5	22
298	Y	Y	Y	Y	5	23
299	Y	Y	Y	Y	5	24
300	Y	Y	Y	Y	5	45
301	Y	Y	Y	Y	6	18
302	Y	Y	Y	Y	7	28
303	Y	Y	Y	Y	7	29
304	Y	Y	Y	Y	7	30
305	Y	Y	Y	Y	4	118
306	Y	Y	Y	Y	4	123
307	Y	Y	Y	Y	4	106
308	Y	Y	Y	Y	4	118
309	Y	Y	Y	Y	4	123
310	Y	Y	Y	Y	4	106
311	Y	Y	Y	Y	5	185
312	Y	Y	Y	Y	7	108
258	Y	Y	Y	Y	5	185
313	Y	Y	Y	Y	7	110
\.


--
-- Data for Name: system_user; Type: TABLE DATA; Schema: clinlims; Owner: clinlims
--

COPY system_user (id, external_id, login_name, last_name, first_name, initials, is_active, is_employee, lastupdated) FROM stdin;
1	1	admin	ELIS	Open	OE	Y	Y	2006-11-08 11:11:14.312
\.


--
-- Data for Name: system_user_module; Type: TABLE DATA; Schema: clinlims; Owner: clinlims
--

COPY system_user_module (id, has_select, has_add, has_update, has_delete, system_user_id, system_module_id) FROM stdin;
\.


--
-- Data for Name: system_user_role; Type: TABLE DATA; Schema: clinlims; Owner: clinlims
--

COPY system_user_role (system_user_id, role_id) FROM stdin;
\.


--
-- Data for Name: system_user_section; Type: TABLE DATA; Schema: clinlims; Owner: clinlims
--

COPY system_user_section (id, has_view, has_assign, has_complete, has_release, has_cancel, system_user_id, test_section_id) FROM stdin;
\.


--
-- Data for Name: test; Type: TABLE DATA; Schema: clinlims; Owner: clinlims
--

COPY test (id, method_id, uom_id, description, loinc, reporting_description, sticker_req_flag, is_active, active_begin, active_end, is_reportable, time_holding, time_wait, time_ta_average, time_ta_warning, time_ta_max, label_qty, lastupdated, label_id, test_trailer_id, test_section_id, scriptlet_id, test_format_id, local_abbrev, sort_order, name, display_key) FROM stdin;
214	\N	\N	Culture (Liquide Pleural)	\N	\N	\N	Y	\N	\N	Y	\N	\N	\N	\N	\N	\N	2011-02-03 13:54:20.034	64	\N	57	\N	\N	Culture (L. Pleural)	0	\N	\N
215	\N	\N	Culture (Liquide Synovial)	\N	\N	\N	Y	\N	\N	Y	\N	\N	\N	\N	\N	\N	2011-02-03 13:55:42.162	64	\N	57	\N	\N	Culture (L Synovial)	0	\N	\N
216	\N	\N	Proteines (Liquide Ascite)	\N	\N	\N	Y	\N	\N	Y	\N	\N	\N	\N	\N	\N	2011-02-03 15:48:07.646	64	\N	56	\N	\N	Proteines(L Ascite)	0	\N	\N
217	\N	\N	Proteines (Urine)	\N	\N	\N	Y	\N	\N	Y	\N	\N	\N	\N	\N	\N	2011-02-03 15:48:54.347	64	\N	60	\N	\N	Proteines(Urine)	0	\N	\N
82	\N	\N	Actone (Urine)	\N	\N	\N	Y	\N	\N	N	\N	\N	\N	\N	\N	\N	2011-02-03 15:52:30.066	64	\N	60	\N	\N	Actone (Urine)	0	\N	\N
98	\N	\N	Leucocytes (Selles)	\N	\N	\N	Y	\N	\N	N	\N	\N	\N	\N	\N	\N	2011-02-03 16:01:02.137	64	\N	58	\N	\N	Leuc (Selles)	0	\N	\N
218	\N	\N	Rhesus D	\N	\N	\N	N	\N	\N	Y	\N	\N	\N	\N	\N	\N	2011-02-03 16:55:58.74	64	\N	36	\N	\N	Rhesus D	0	\N	\N
213	5	\N	VIH Test - Collodial Gold/Shangai Kehua	\N	\N	\N	Y	\N	\N	N	\N	\N	\N	\N	\N	\N	2011-02-02 11:55:53.383208	\N	\N	61	\N	\N	CollGold/Shangai	0	\N	\N
222	\N	\N	Hpatite B - HBV IGG	\N	\N	\N	Y	\N	\N	Y	\N	\N	\N	\N	\N	\N	2011-02-14 15:14:03.477	64	\N	59	\N	\N	Hepatite B - HBV IGG	0	\N	\N
232	\N	\N	Bicarbonates	\N	\N	\N	Y	\N	\N	Y	\N	\N	\N	\N	\N	\N	2011-02-14 16:00:58.539	64	\N	56	\N	\N	Bicarbonates	0	\N	\N
233	\N	27	Calcium	\N	\N	\N	Y	\N	\N	Y	\N	\N	\N	\N	\N	\N	2011-02-14 16:03:21.996	64	\N	56	\N	\N	Calcium	0	\N	\N
76	\N	\N	Couleur (Urine)	\N	\N	\N	Y	\N	\N	N	\N	\N	\N	\N	\N	\N	2011-02-03 15:55:12.572	64	\N	60	\N	\N	Couleur (Urine)	0	\N	\N
223	\N	5	Neutrophiles	\N	\N	\N	Y	\N	\N	Y	\N	\N	\N	\N	\N	\N	2011-02-14 14:48:10.159	64	\N	36	\N	\N	Neutrophiles	0	\N	\N
219	\N	7	Compte des Globules Blancs (Sang)	\N	\N	\N	Y	\N	\N	Y	\N	\N	\N	\N	\N	\N	2011-02-14 15:40:31.734	64	\N	36	\N	\N	Globul Blancs (Sang)	0	\N	\N
59	\N	\N	Compte des Globules Blancs (LCR)	\N	\N	\N	Y	\N	\N	N	\N	\N	\N	\N	\N	\N	2011-02-14 15:43:28.358	64	\N	36	\N	\N	Globul Blancs (LCR)	0	\N	\N
234	\N	\N	VIH Elisa	\N	\N	\N	Y	\N	\N	Y	\N	\N	\N	\N	\N	\N	2011-02-14 16:08:48.957	64	\N	59	\N	\N	VIH Elisa	0	\N	\N
220	\N	\N	Leucocytes(Liquide Synovial)	\N	\N	\N	Y	\N	\N	Y	\N	\N	\N	\N	\N	\N	2011-02-11 14:50:46.658	64	\N	57	\N	\N	Leucocytes(L. Synvl)	0	\N	\N
1	\N	12	Glycmie	\N	\N	\N	Y	\N	\N	N	\N	\N	\N	\N	\N	\N	2011-02-11 15:00:23.305	\N	\N	56	\N	\N	Glycmie	0	\N	\N
28	6	\N	Bioline (syphillis)	\N	\N	\N	Y	\N	\N	N	\N	\N	\N	\N	\N	\N	2009-07-22 16:22:11.801	\N	\N	59	\N	\N	Bioline	0	\N	\N
26	\N	\N	Hpatite B - HBs Ag	\N	\N	\N	Y	\N	\N	N	\N	\N	\N	\N	\N	\N	2011-02-14 13:54:29.138	64	\N	59	\N	\N	Hpatite B - HBs Ag	0	\N	\N
224	\N	\N	Hpatite C - HCV IGG	\N	\N	\N	Y	\N	\N	Y	\N	\N	\N	\N	\N	\N	2011-02-14 14:50:22.812	64	\N	59	\N	\N	Hep C - HCV IGG	0	\N	\N
225	\N	\N	Hpatite C - HCV IGM	\N	\N	\N	Y	\N	\N	Y	\N	\N	\N	\N	\N	\N	2011-02-14 14:50:47.932	64	\N	59	\N	\N	HepC - HCV IGM	0	\N	\N
226	\N	\N	VIH Test Rapide	\N	\N	\N	Y	\N	\N	Y	\N	\N	\N	\N	\N	\N	2011-02-14 14:58:25.321	64	\N	59	\N	\N	VIH Test Rapide	0	\N	\N
227	\N	\N	T3	\N	\N	\N	Y	\N	\N	Y	\N	\N	\N	\N	\N	\N	2011-02-14 15:07:39.568	64	\N	59	\N	\N	T3	0	\N	\N
228	\N	\N	T4	\N	\N	\N	Y	\N	\N	Y	\N	\N	\N	\N	\N	\N	2011-02-14 15:08:42.381	64	\N	59	\N	\N	T4	0	\N	\N
229	\N	\N	TSH	\N	\N	\N	Y	\N	\N	Y	\N	\N	\N	\N	\N	\N	2011-02-14 15:09:41.763	64	\N	59	\N	\N	TSH	0	\N	\N
2	\N	\N	Glycmie provoque	\N	\N	\N	Y	\N	\N	N	\N	\N	\N	\N	\N	\N	2009-07-22 16:22:11.801	\N	\N	56	\N	\N	Glycm provoq	0	\N	\N
3	\N	\N	Hb glycosyle (HBA1c)	\N	\N	\N	Y	\N	\N	N	\N	\N	\N	\N	\N	\N	2009-07-22 16:22:11.801	\N	\N	56	\N	\N	HBA1c	0	\N	\N
4	\N	8	Azote Ure	\N	\N	\N	Y	\N	\N	N	\N	\N	\N	\N	\N	\N	2009-07-22 16:22:11.801	\N	\N	56	\N	\N	Azote Ure	0	\N	\N
5	\N	27	Cratinine	\N	\N	\N	Y	\N	\N	N	\N	\N	\N	\N	\N	\N	2009-07-22 16:22:11.801	\N	\N	56	\N	\N	Cratinine	0	\N	\N
6	\N	\N	Bilirubine totale	\N	\N	\N	Y	\N	\N	N	\N	\N	\N	\N	\N	\N	2009-07-22 16:22:11.801	\N	\N	56	\N	\N	Bili totale	0	\N	\N
7	\N	\N	Bilirubine direct	\N	\N	\N	Y	\N	\N	N	\N	\N	\N	\N	\N	\N	2009-07-22 16:22:11.801	\N	\N	56	\N	\N	Bili direct	0	\N	\N
8	\N	\N	SGPT ALT	\N	\N	\N	Y	\N	\N	N	\N	\N	\N	\N	\N	\N	2009-07-22 16:22:11.801	\N	\N	56	\N	\N	SGPT ALT	0	\N	\N
9	\N	\N	SGOT AST	\N	\N	\N	Y	\N	\N	N	\N	\N	\N	\N	\N	\N	2009-07-22 16:22:11.801	\N	\N	56	\N	\N	SGOT AST	0	\N	\N
10	\N	\N	Cholestrol total	\N	\N	\N	Y	\N	\N	N	\N	\N	\N	\N	\N	\N	2009-07-22 16:22:11.801	\N	\N	56	\N	\N	Cholest tot	0	\N	\N
11	\N	\N	High Density Lipoprotein	\N	\N	\N	Y	\N	\N	N	\N	\N	\N	\N	\N	\N	2009-07-22 16:22:11.801	\N	\N	56	\N	\N	HDL	0	\N	\N
12	\N	\N	Low Density Lipoprotein	\N	\N	\N	Y	\N	\N	N	\N	\N	\N	\N	\N	\N	2009-07-22 16:22:11.801	\N	\N	56	\N	\N	LDL	0	\N	\N
13	\N	\N	Triglycrides	\N	\N	\N	Y	\N	\N	N	\N	\N	\N	\N	\N	\N	2009-07-22 16:22:11.801	\N	\N	56	\N	\N	Triglycrides	0	\N	\N
14	\N	\N	Amylase	\N	\N	\N	Y	\N	\N	N	\N	\N	\N	\N	\N	\N	2009-07-22 16:22:11.801	\N	\N	56	\N	\N	Amylase	0	\N	\N
15	\N	8	Acide Urique	\N	\N	\N	Y	\N	\N	N	\N	\N	\N	\N	\N	\N	2009-07-22 16:22:11.801	\N	\N	56	\N	\N	Acide Urique	0	\N	\N
16	\N	\N	Ure	\N	\N	\N	Y	\N	\N	N	\N	\N	\N	\N	\N	\N	2009-07-22 16:22:11.801	\N	\N	56	\N	\N	Ure	0	\N	\N
17	\N	\N	Potassium	\N	\N	\N	Y	\N	\N	N	\N	\N	\N	\N	\N	\N	2009-07-22 16:22:11.801	\N	\N	56	\N	\N	Potassium	0	\N	\N
18	\N	\N	Ca++	\N	\N	\N	Y	\N	\N	N	\N	\N	\N	\N	\N	\N	2009-07-22 16:22:11.801	\N	\N	56	\N	\N	Ca++	0	\N	\N
19	\N	\N	Fer Srique	\N	\N	\N	Y	\N	\N	N	\N	\N	\N	\N	\N	\N	2009-07-22 16:22:11.801	\N	\N	56	\N	\N	Fer Srique	0	\N	\N
20	\N	\N	Phosphat. Alcalines	\N	\N	\N	Y	\N	\N	N	\N	\N	\N	\N	\N	\N	2009-07-22 16:22:11.801	\N	\N	56	\N	\N	Phosphat Alc	0	\N	\N
21	\N	\N	Protines Totales	\N	\N	\N	Y	\N	\N	N	\N	\N	\N	\N	\N	\N	2009-07-22 16:22:11.801	\N	\N	56	\N	\N	Protines Tot	0	\N	\N
24	\N	\N	CD4 en mm3	\N	\N	\N	Y	\N	\N	N	\N	\N	\N	\N	\N	\N	2009-07-22 16:22:11.801	\N	\N	61	\N	\N	CD4 en mm3	0	\N	\N
25	\N	5	CD4 en %	\N	\N	\N	Y	\N	\N	N	\N	\N	\N	\N	\N	\N	2009-07-22 16:22:11.801	\N	\N	61	\N	\N	CD4 en %	0	\N	\N
27	\N	\N	TPHA	\N	\N	\N	Y	\N	\N	N	\N	\N	\N	\N	\N	\N	2009-07-22 16:22:11.801	\N	\N	59	\N	\N	TPHA	0	\N	\N
29	\N	\N	Rougeole	\N	\N	\N	Y	\N	\N	N	\N	\N	\N	\N	\N	\N	2009-07-22 16:22:11.801	\N	\N	59	\N	\N	Rougeole	0	\N	\N
30	\N	\N	Rubole	\N	\N	\N	Y	\N	\N	N	\N	\N	\N	\N	\N	\N	2009-07-22 16:22:11.801	\N	\N	59	\N	\N	Rubole	0	\N	\N
31	\N	\N	Dengue	\N	\N	\N	Y	\N	\N	N	\N	\N	\N	\N	\N	\N	2009-07-22 16:22:11.801	\N	\N	59	\N	\N	Dengue	0	\N	\N
32	\N	\N	Virus Respiratoire	\N	\N	\N	Y	\N	\N	N	\N	\N	\N	\N	\N	\N	2009-07-22 16:22:11.801	\N	\N	59	\N	\N	Virus Resp	0	\N	\N
34	\N	\N	WIDAL Test	\N	\N	\N	Y	\N	\N	N	\N	\N	\N	\N	\N	\N	2009-07-22 16:22:11.801	\N	\N	59	\N	\N	WIDAL Test	0	\N	\N
35	\N	\N	P24	\N	\N	\N	Y	\N	\N	N	\N	\N	\N	\N	\N	\N	2009-07-22 16:22:11.801	\N	\N	59	\N	\N	P24	0	\N	\N
36	\N	\N	ASO	\N	\N	\N	Y	\N	\N	N	\N	\N	\N	\N	\N	\N	2009-07-22 16:22:11.801	\N	\N	59	\N	\N	ASO	0	\N	\N
37	\N	\N	CRP	\N	\N	\N	Y	\N	\N	N	\N	\N	\N	\N	\N	\N	2009-07-22 16:22:11.801	\N	\N	59	\N	\N	CRP	0	\N	\N
38	\N	\N	Helicobacter Pilori	\N	\N	\N	Y	\N	\N	N	\N	\N	\N	\N	\N	\N	2009-07-22 16:22:11.801	\N	\N	59	\N	\N	Helicob Pilori	0	\N	\N
39	\N	\N	Toxoplasmose	\N	\N	\N	Y	\N	\N	N	\N	\N	\N	\N	\N	\N	2009-07-22 16:22:11.801	\N	\N	59	\N	\N	Toxoplasmose	0	\N	\N
170	\N	\N	Recherche des Anticorps Irregulieres	\N	\N	\N	Y	\N	\N	N	\N	\N	\N	\N	\N	\N	2010-10-28 07:40:43.824	64	\N	36	\N	\N	Rech des Anticorp ir	0	\N	\N
171	\N	\N	Recherche de Protozoaires	\N	\N	\N	Y	\N	\N	N	\N	\N	\N	\N	\N	\N	2010-10-28 07:43:36.558	64	\N	58	\N	\N	Rech des Prot	0	\N	\N
40	\N	\N	RAA Test	\N	\N	\N	Y	\N	\N	N	\N	\N	\N	\N	\N	\N	2009-07-22 16:22:11.801	\N	\N	59	\N	\N	RAA Test	0	\N	\N
41	\N	\N	Mantoux / PPD	\N	\N	\N	Y	\N	\N	N	\N	\N	\N	\N	\N	\N	2009-07-22 16:22:11.801	\N	\N	59	\N	\N	Mantoux/PPD	0	\N	\N
42	\N	\N	PCR - ADN VIH1 qualitatif	\N	\N	\N	Y	\N	\N	N	\N	\N	\N	\N	\N	\N	2009-07-22 16:22:11.801	\N	\N	59	\N	\N	PCR-ADN VIH1 qual	0	\N	\N
43	\N	\N	PCR - ARN VIH1 ch. virale	\N	\N	\N	Y	\N	\N	N	\N	\N	\N	\N	\N	\N	2009-07-22 16:22:11.801	\N	\N	59	\N	\N	PCR-ARN VIH1 ch vir	0	\N	\N
44	\N	\N	PCR - Rsistance anti TB	\N	\N	\N	Y	\N	\N	N	\N	\N	\N	\N	\N	\N	2009-07-22 16:22:11.801	\N	\N	59	\N	\N	PCR-Rsist anti TB	0	\N	\N
46	\N	\N	Cyto - Aspect	\N	\N	\N	Y	\N	\N	N	\N	\N	\N	\N	\N	\N	2009-07-22 16:22:11.801	\N	\N	57	\N	\N	Cyto - Aspect	0	\N	\N
47	\N	\N	Tricho Vag	\N	\N	\N	Y	\N	\N	N	\N	\N	\N	\N	\N	\N	2009-07-22 16:22:11.801	\N	\N	57	\N	\N	Tricho Vag	0	\N	\N
48	\N	\N	Cell Epitheliales	\N	\N	\N	Y	\N	\N	N	\N	\N	\N	\N	\N	\N	2009-07-22 16:22:11.801	\N	\N	57	\N	\N	Cell Epith	0	\N	\N
45	\N	\N	Scrtions	\N	\N	\N	N	\N	\N	N	\N	\N	\N	\N	\N	\N	2009-07-22 16:55:13.893	\N	\N	57	\N	\N	Scrtions	0	\N	\N
52	\N	\N	Mycelium	\N	\N	\N	Y	\N	\N	N	\N	\N	\N	\N	\N	\N	2009-07-22 16:22:11.801	\N	\N	57	\N	\N	Mycelium	0	\N	\N
53	\N	\N	Rivalta	\N	\N	\N	Y	\N	\N	N	\N	\N	\N	\N	\N	\N	2009-07-22 16:22:11.801	\N	\N	57	\N	\N	Rivalta	0	\N	\N
54	\N	\N	KOH	\N	\N	\N	Y	\N	\N	N	\N	\N	\N	\N	\N	\N	2009-07-22 16:22:11.801	\N	\N	57	\N	\N	KOH	0	\N	\N
55	\N	\N	Cellules Cloutes	\N	\N	\N	Y	\N	\N	N	\N	\N	\N	\N	\N	\N	2009-07-22 16:22:11.801	\N	\N	57	\N	\N	Cell Cloutes	0	\N	\N
56	\N	12	Hmoglobine	\N	\N	\N	Y	\N	\N	N	\N	\N	\N	\N	\N	\N	2009-07-22 16:22:11.801	\N	\N	36	\N	\N	Hmoglobine	0	\N	\N
57	\N	23	Hmatocrite	\N	\N	\N	Y	\N	\N	N	\N	\N	\N	\N	\N	\N	2009-07-22 16:22:11.801	\N	\N	36	\N	\N	Hmatocrite	0	\N	\N
60	\N	7	Plaquettes	\N	\N	\N	Y	\N	\N	N	\N	\N	\N	\N	\N	\N	2009-07-22 16:22:11.801	\N	\N	36	\N	\N	Plaquettes	0	\N	\N
61	\N	18	VGM	\N	\N	\N	Y	\N	\N	N	\N	\N	\N	\N	\N	\N	2009-07-22 16:22:11.801	\N	\N	36	\N	\N	VGM	0	\N	\N
62	\N	5	CCMH	\N	\N	\N	Y	\N	\N	N	\N	\N	\N	\N	\N	\N	2009-07-22 16:22:11.801	\N	\N	36	\N	\N	CCMH	0	\N	\N
63	\N	16	TCMH	\N	\N	\N	Y	\N	\N	N	\N	\N	\N	\N	\N	\N	2009-07-22 16:22:11.801	\N	\N	36	\N	\N	TCMH	0	\N	\N
64	\N	5	Poly neutrophiles	\N	\N	\N	Y	\N	\N	N	\N	\N	\N	\N	\N	\N	2009-07-22 16:22:11.801	\N	\N	36	\N	\N	Poly neutr	0	\N	\N
65	\N	5	Eosinophiles	\N	\N	\N	Y	\N	\N	N	\N	\N	\N	\N	\N	\N	2009-07-22 16:22:11.801	\N	\N	36	\N	\N	Eosinophiles	0	\N	\N
66	\N	5	Basophiles	\N	\N	\N	Y	\N	\N	N	\N	\N	\N	\N	\N	\N	2009-07-22 16:22:11.801	\N	\N	36	\N	\N	Basophiles	0	\N	\N
67	\N	5	Monocytes	\N	\N	\N	Y	\N	\N	N	\N	\N	\N	\N	\N	\N	2009-07-22 16:22:11.801	\N	\N	36	\N	\N	Monocytes	0	\N	\N
68	\N	5	Lymphocytes	\N	\N	\N	Y	\N	\N	N	\N	\N	\N	\N	\N	\N	2009-07-22 16:22:11.801	\N	\N	36	\N	\N	Lymphocytes	0	\N	\N
70	\N	22	Vitesse de Sdimentation	\N	\N	\N	Y	\N	\N	N	\N	\N	\N	\N	\N	\N	2009-07-22 16:22:11.801	\N	\N	36	\N	\N	Vit de Sdiment	0	\N	\N
71	\N	17	Temps de Saignement	\N	\N	\N	Y	\N	\N	N	\N	\N	\N	\N	\N	\N	2009-07-22 16:22:11.801	\N	\N	36	\N	\N	Temps de Saign	0	\N	\N
72	\N	17	Temps de Coagulation	\N	\N	\N	Y	\N	\N	N	\N	\N	\N	\N	\N	\N	2009-07-22 16:22:11.801	\N	\N	36	\N	\N	Temps de Coag	0	\N	\N
73	\N	\N	Sickling test (Test dEmel)	\N	\N	\N	Y	\N	\N	N	\N	\N	\N	\N	\N	\N	2009-07-22 16:22:11.801	\N	\N	36	\N	\N	Sickling test	0	\N	\N
74	\N	\N	Groupe Sanguin	\N	\N	\N	Y	\N	\N	N	\N	\N	\N	\N	\N	\N	2009-07-22 16:22:11.801	\N	\N	36	\N	\N	Groupe Sanguin	0	\N	\N
75	\N	\N	Rhesus	\N	\N	\N	Y	\N	\N	N	\N	\N	\N	\N	\N	\N	2009-07-22 16:22:11.801	\N	\N	36	\N	\N	Rhesus	0	\N	\N
94	\N	\N	Malaria	\N	\N	\N	Y	\N	\N	N	\N	\N	\N	\N	\N	\N	2009-07-22 16:22:11.801	\N	\N	58	\N	\N	Malaria	0	\N	\N
102	\N	\N	Bleu de Mthylne	\N	\N	\N	Y	\N	\N	N	\N	\N	\N	\N	\N	\N	2009-07-22 16:22:11.801	\N	\N	58	\N	\N	Bleu de Mthylne	0	\N	\N
103	\N	\N	Zielh Modifi	\N	\N	\N	Y	\N	\N	N	\N	\N	\N	\N	\N	\N	2009-07-22 16:22:11.801	\N	\N	58	\N	\N	Zielh Modifi	0	\N	\N
50	\N	\N	Cyto - pH	\N	\N	\N	Y	\N	\N	N	\N	\N	\N	\N	\N	\N	2009-07-22 16:53:08.372	64	\N	57	\N	\N	Cyto - pH	0	\N	\N
49	\N	\N	Cyto - Leucocytes	\N	\N	\N	Y	\N	\N	N	\N	\N	\N	\N	\N	\N	2009-07-22 16:54:18.569	64	\N	57	\N	\N	Cyto - Leucocytes	0	\N	\N
51	\N	\N	Cyto - Levures	\N	\N	\N	Y	\N	\N	N	\N	\N	\N	\N	\N	\N	2009-07-22 16:54:41.957	64	\N	57	\N	\N	Cyto - Levures	0	\N	\N
105	\N	\N	Sodium	\N	\N	\N	Y	\N	\N	Y	\N	\N	\N	\N	\N	\N	2009-07-29 17:06:51.646	64	\N	56	\N	\N	Sodium	0	\N	\N
116	\N	\N	Malaria - Forme Parasitaire	\N	\N	\N	Y	\N	\N	Y	\N	\N	\N	\N	\N	\N	2009-07-29 17:18:39.792	64	\N	58	\N	\N	Malaria - FP	0	\N	\N
117	\N	\N	Malaria - Density Parasitaire	\N	\N	\N	Y	\N	\N	Y	\N	\N	\N	\N	\N	\N	2009-07-29 17:19:23.129	64	\N	58	\N	\N	Malaria - DP	0	\N	\N
118	\N	\N	recherche de BAAR	\N	\N	\N	Y	\N	\N	N	\N	\N	\N	\N	\N	\N	2009-08-05 19:56:38.05	64	\N	57	\N	\N	recherche de BAAR	0	\N	\N
120	\N	\N	Protozoaire	\N	\N	\N	Y	\N	\N	N	\N	\N	\N	\N	\N	\N	2009-08-05 21:00:57.608	64	\N	57	\N	\N	Protozoaire	14	\N	\N
130	\N	\N	VIH test - Unigold Double Check	\N	\N	\N	Y	\N	\N	Y	\N	\N	\N	\N	\N	\N	2010-01-12 12:05:38.898	64	\N	59	\N	\N	Unigold Double Check	0	\N	\N
131	\N	\N	VIH Test - ELISA Murex 1,2,0	\N	\N	\N	Y	\N	\N	Y	\N	\N	\N	\N	\N	\N	2010-01-12 12:07:06.855	64	\N	59	\N	\N	ELISA Murex 1,2,0	0	\N	\N
23	5	\N	Test de VIH	\N	\N	\N	Y	\N	\N	N	\N	\N	\N	\N	\N	\N	2010-03-04 15:46:34.283	64	\N	61	\N	\N	Test de VIH	0	\N	\N
106	\N	\N	Cristaux - acid urique	\N	\N	\N	Y	\N	\N	N	\N	\N	\N	\N	\N	\N	2010-06-11 13:21:49.733	64	\N	60	\N	\N	Cristaux - AU	0	\N	\N
110	\N	\N	Cristaux - Oxalate de Ca	\N	\N	\N	Y	\N	\N	N	\N	\N	\N	\N	\N	\N	2010-06-11 13:22:03.978	64	\N	60	\N	\N	Cristaux - OdCa	0	\N	\N
111	\N	\N	Cristaux - Phosphate Amorphes	\N	\N	\N	Y	\N	\N	N	\N	\N	\N	\N	\N	\N	2010-06-11 13:22:13.683	64	\N	60	\N	\N	Cristaux - PA	0	\N	\N
108	\N	\N	Cristaux - Phosphate de Ca	\N	\N	\N	Y	\N	\N	N	\N	\N	\N	\N	\N	\N	2010-06-11 13:22:20.174	64	\N	60	\N	\N	Cristaux - PdCa	0	\N	\N
107	\N	\N	Cristaux - Phosphate de Mg	\N	\N	\N	Y	\N	\N	N	\N	\N	\N	\N	\N	\N	2010-06-11 13:22:27.467	64	\N	60	\N	\N	Cristaux - PdMg	0	\N	\N
112	\N	\N	Cristaux - Phosphate Triples	\N	\N	\N	Y	\N	\N	N	\N	\N	\N	\N	\N	\N	2010-06-11 13:22:34.074	64	\N	60	\N	\N	Cristaux - PT	0	\N	\N
109	\N	\N	Cristaux - Sulfate de Ca	\N	\N	\N	Y	\N	\N	N	\N	\N	\N	\N	\N	\N	2010-06-11 13:22:45.606	64	\N	60	\N	\N	Cristaux - SdCa	0	\N	\N
113	\N	\N	Cristaux - Urates d'Ammonium	\N	\N	\N	Y	\N	\N	N	\N	\N	\N	\N	\N	\N	2010-06-11 13:22:52.006	64	\N	60	\N	\N	Cristaux - UA	0	\N	\N
77	\N	\N	Aspect (Urine)	\N	\N	\N	Y	\N	\N	N	\N	\N	\N	\N	\N	\N	2011-02-03 15:52:52.712	64	\N	60	\N	\N	Aspect (Urine)	0	\N	\N
88	\N	\N	Bactries (Urine)	\N	\N	\N	Y	\N	\N	N	\N	\N	\N	\N	\N	\N	2011-02-03 15:53:20.531	64	\N	60	\N	\N	Bactries (Urine)	0	\N	\N
92	\N	\N	Cristaux (Urine)	\N	\N	\N	N	\N	\N	N	\N	\N	\N	\N	\N	\N	2011-02-03 15:55:40.907	64	\N	60	\N	\N	Cristaux (Urine)	0	\N	\N
89	\N	\N	Cylindres (Urine)	\N	\N	\N	Y	\N	\N	N	\N	\N	\N	\N	\N	\N	2011-02-03 15:56:01.467	64	\N	60	\N	\N	Cylindres (Urine)	0	\N	\N
78	\N	\N	Densit (Urine)	\N	\N	\N	Y	\N	\N	N	\N	\N	\N	\N	\N	\N	2011-02-03 15:56:22.399	64	\N	60	\N	\N	Densit (Urine)	0	\N	\N
81	\N	\N	Glucose (Urine)	\N	\N	\N	Y	\N	\N	N	\N	\N	\N	\N	\N	\N	2011-02-03 15:56:39.19	64	\N	60	\N	\N	Glucose (Urine)	0	\N	\N
86	\N	\N	Hmaties (Urine)	\N	\N	\N	Y	\N	\N	N	\N	\N	\N	\N	\N	\N	2011-02-03 15:56:56.094	67	\N	60	\N	\N	Hmaties (Urine)	0	\N	\N
85	\N	\N	Leucocytes (Urine)	\N	\N	\N	Y	\N	\N	N	\N	\N	\N	\N	\N	\N	2011-02-03 15:57:16.793	67	\N	60	\N	\N	Leucocytes (Urine)	0	\N	\N
99	\N	\N	Bactries (Selles)	\N	\N	\N	Y	\N	\N	N	\N	\N	\N	\N	\N	\N	2011-02-03 15:58:55.863	64	\N	58	\N	\N	Bactries (Selles)	0	\N	\N
101	\N	\N	Coccidies (Selles)	\N	\N	\N	Y	\N	\N	N	\N	\N	\N	\N	\N	\N	2011-02-03 15:59:30.141	64	\N	58	\N	\N	Coccidies (Selles)	0	\N	\N
96	\N	\N	Consistance (Selles)	\N	\N	\N	Y	\N	\N	N	\N	\N	\N	\N	\N	\N	2011-02-03 15:59:59.078	64	\N	58	\N	\N	Consist (Selles)	0	\N	\N
95	\N	\N	Couleur (Selles)	\N	\N	\N	Y	\N	\N	N	\N	\N	\N	\N	\N	\N	2011-02-03 16:00:25.126	64	\N	58	\N	\N	Couleur (Selles)	0	\N	\N
100	\N	\N	Levures (Selles)	\N	\N	\N	Y	\N	\N	N	\N	\N	\N	\N	\N	\N	2011-02-03 16:01:27.232	64	\N	58	\N	\N	Levures (Selles)	0	\N	\N
97	\N	\N	Sang Occulte (Selles)	\N	\N	\N	Y	\N	\N	N	\N	\N	\N	\N	\N	\N	2011-02-03 16:02:08.961	64	\N	58	\N	\N	Sang Occ (Selles)	0	\N	\N
91	\N	\N	Levures (Urine)	\N	\N	\N	Y	\N	\N	N	\N	\N	\N	\N	\N	\N	2011-02-03 16:05:22.631	67	\N	60	\N	\N	Levures (Urine)	0	\N	\N
90	\N	\N	Mucus (Urine)	\N	\N	\N	Y	\N	\N	N	\N	\N	\N	\N	\N	\N	2011-02-03 16:05:44.643	64	\N	60	\N	\N	Mucus (Urine)	0	\N	\N
83	\N	\N	Nitrites (Urine)	\N	\N	\N	Y	\N	\N	N	\N	\N	\N	\N	\N	\N	2011-02-03 16:06:12.087	64	\N	60	\N	\N	Nitrites (Urine)	0	\N	\N
80	\N	\N	Protines (Urine)	\N	\N	\N	Y	\N	\N	N	\N	\N	\N	\N	\N	\N	2011-02-03 16:06:32.035	64	\N	60	\N	\N	Protines (Urine)	0	\N	\N
84	\N	\N	Sang (Urine)	\N	\N	\N	Y	\N	\N	N	\N	\N	\N	\N	\N	\N	2011-02-03 16:06:51.186	64	\N	60	\N	\N	Sang (Urine)	0	\N	\N
79	\N	\N	pH (Urine)	\N	\N	\N	Y	\N	\N	N	\N	\N	\N	\N	\N	\N	2011-02-03 16:07:12.449	64	\N	60	\N	\N	pH (Urine)	0	\N	\N
87	\N	\N	Cell Epithliales (Urine)	\N	\N	\N	Y	\N	\N	N	\N	\N	\N	\N	\N	\N	2011-02-03 16:07:35.028	64	\N	60	\N	\N	Cell Epith (Urine)	0	\N	\N
128	5	\N	VIH Test - Determine	\N	\N	\N	Y	\N	\N	Y	\N	\N	\N	\N	\N	\N	2010-01-12 11:58:37.296	64	\N	61	\N	\N	Determine	0	\N	\N
33	6	\N	Syphilis RPR	\N	\N	\N	Y	\N	\N	N	\N	\N	\N	\N	\N	\N	2010-10-28 07:54:16.003	64	\N	59	\N	\N	Syphilis RPR	0	\N	\N
58	\N	24	Numration des Globules Rouges (Sang)	\N	\N	\N	Y	\N	\N	N	\N	\N	\N	\N	\N	\N	2011-02-14 15:47:22.192	64	\N	36	\N	\N	Globules Rouges	0	\N	\N
114	\N	\N	Cristaux - Urates Amorphes	\N	\N	\N	Y	\N	\N	N	\N	\N	\N	\N	\N	\N	2010-06-11 13:22:57.415	64	\N	60	\N	\N	Cristaux - UAm	0	\N	\N
134	\N	\N	Cellules Vegetales test	\N	\N	\N	Y	\N	\N	Y	\N	\N	\N	\N	\N	\N	2010-06-11 14:23:40.436	67	\N	58	\N	\N	Cellules Vegetales	0	\N	\N
137	\N	\N	Dosage de Phospholipides	\N	\N	\N	Y	\N	\N	Y	\N	\N	\N	\N	\N	\N	2010-09-30 18:51:21.33	64	\N	56	\N	\N	Dosage de Phospho	0	\N	\N
136	\N	\N	Alpha-foetoproteine	\N	\N	\N	Y	\N	\N	Y	\N	\N	\N	\N	\N	\N	2010-09-30 18:52:42.438	64	\N	56	\N	\N	Alpha-foetoproteine	0	\N	\N
135	\N	25	Chlore	\N	\N	\N	Y	\N	\N	Y	\N	\N	\N	\N	\N	\N	2010-09-30 18:53:02.502	64	\N	56	\N	\N	Chlore	0	\N	\N
148	\N	\N	Eosinophile	\N	\N	\N	Y	\N	\N	Y	\N	\N	\N	\N	\N	\N	2010-09-30 19:24:31.383	64	\N	56	\N	\N	Eosinophile	0	\N	\N
149	\N	5	Cellules Atypiques-Polynucleaires	\N	\N	\N	Y	\N	\N	Y	\N	\N	\N	\N	\N	\N	2010-10-28 07:04:13.478	64	\N	36	\N	\N	Cell Atyp-polynuc	0	\N	\N
143	\N	\N	Pnneumocoques	\N	\N	\N	Y	\N	\N	Y	\N	\N	\N	\N	\N	\N	2010-10-28 07:10:16.582	64	\N	57	\N	\N	Pneumocoques	0	\N	\N
144	\N	\N	Streptocoques	\N	\N	\N	Y	\N	\N	Y	\N	\N	\N	\N	\N	\N	2010-10-28 07:10:29.54	64	\N	57	\N	\N	Streptocoques	0	\N	\N
145	\N	\N	Staphylocoques	\N	\N	\N	Y	\N	\N	Y	\N	\N	\N	\N	\N	\N	2010-10-28 07:10:44.859	64	\N	57	\N	\N	Staphylocoques	0	\N	\N
146	\N	\N	Recherche des Bacilles de KOCH (BK)examen directe	\N	\N	\N	Y	\N	\N	Y	\N	\N	\N	\N	\N	\N	2010-10-28 07:11:05.677	64	\N	57	\N	\N	Rech des bacilles	0	\N	\N
150	\N	\N	Culture BK	\N	\N	\N	Y	\N	\N	Y	\N	\N	\N	\N	\N	\N	2010-10-28 07:12:05.104	64	\N	57	\N	\N	Culture BK	0	\N	\N
151	\N	\N	Cristaux d'Urates	\N	\N	\N	Y	\N	\N	Y	\N	\N	\N	\N	\N	\N	2010-10-28 07:14:48.468	64	\N	57	\N	\N	cristaux d'urates	0	\N	\N
152	\N	\N	Cristaux de Cholesterol	\N	\N	\N	Y	\N	\N	Y	\N	\N	\N	\N	\N	\N	2010-10-28 07:15:34.393	64	\N	57	\N	\N	cristaux cholest	0	\N	\N
154	\N	\N	Examen Direct	\N	\N	\N	Y	\N	\N	N	\N	\N	\N	\N	\N	\N	2010-10-28 07:20:59.437	64	\N	57	\N	\N	Examen direct	0	\N	\N
155	\N	\N	T.tonsurans	\N	\N	\N	Y	\N	\N	N	\N	\N	\N	\N	\N	\N	2010-10-28 07:21:58.614	64	\N	57	\N	\N	T.tonsurans	0	\N	\N
156	\N	\N	T.schoenleinii	\N	\N	\N	Y	\N	\N	N	\N	\N	\N	\N	\N	\N	2010-10-28 07:22:34.89	64	\N	57	\N	\N	T.schoenleinii	0	\N	\N
157	\N	\N	Microsporum Species	\N	\N	\N	Y	\N	\N	N	\N	\N	\N	\N	\N	\N	2010-10-28 07:23:37.332	64	\N	57	\N	\N	Microsporum species	0	\N	\N
158	\N	\N	Trichophyton Species	\N	\N	\N	Y	\N	\N	N	\N	\N	\N	\N	\N	\N	2010-10-28 07:24:20.274	64	\N	57	\N	\N	Trichophyton Species	0	\N	\N
159	\N	\N	T.soudanense	\N	\N	\N	Y	\N	\N	N	\N	\N	\N	\N	\N	\N	2010-10-28 07:25:08.505	64	\N	57	\N	\N	T.soudanense	0	\N	\N
160	\N	\N	Electrophorese de l'hemoglobine	\N	\N	\N	Y	\N	\N	N	\N	\N	\N	\N	\N	\N	2010-10-28 07:27:28.711	64	\N	36	\N	\N	Electro de Hemogl	0	\N	\N
161	\N	\N	Protein C	\N	\N	\N	Y	\N	\N	N	\N	\N	\N	\N	\N	\N	2010-10-28 07:28:45.657	64	\N	36	\N	\N	Protein C	0	\N	\N
162	\N	\N	Protein S	\N	\N	\N	Y	\N	\N	N	\N	\N	\N	\N	\N	\N	2010-10-28 07:29:05.921	64	\N	36	\N	\N	Protein S	0	\N	\N
69	\N	5	Taux Reticulocytes	\N	\N	\N	Y	\N	\N	N	\N	\N	\N	\N	\N	\N	2010-10-28 07:29:56.721	64	\N	36	\N	\N	Reticulocytes	0	\N	\N
163	\N	\N	Temps de Cephaline Active (TCA)	\N	\N	\N	Y	\N	\N	N	\N	\N	\N	\N	\N	\N	2010-10-28 07:31:08.732	64	\N	36	\N	\N	Temps Ceph Active	0	\N	\N
164	\N	\N	Fibrinogene	\N	\N	\N	Y	\N	\N	N	\N	\N	\N	\N	\N	\N	2010-10-28 07:35:56.779	64	\N	36	\N	\N	Fibrinogene	0	\N	\N
165	\N	\N	Factor VIII	\N	\N	\N	Y	\N	\N	N	\N	\N	\N	\N	\N	\N	2010-10-28 07:36:46.017	64	\N	36	\N	\N	Factor VIII	0	\N	\N
166	\N	\N	Factor IX	\N	\N	\N	Y	\N	\N	N	\N	\N	\N	\N	\N	\N	2010-10-28 07:37:11.522	64	\N	36	\N	\N	Factor IX	0	\N	\N
167	\N	\N	Heparinemie	\N	\N	\N	Y	\N	\N	N	\N	\N	\N	\N	\N	\N	2010-10-28 07:37:41.999	64	\N	36	\N	\N	Heparinemie	0	\N	\N
168	\N	\N	Anti-Thrombine III	\N	\N	\N	Y	\N	\N	N	\N	\N	\N	\N	\N	\N	2010-10-28 07:38:31.412	64	\N	36	\N	\N	Anti-Thrombine III	0	\N	\N
169	\N	\N	Phenotypage	\N	\N	\N	Y	\N	\N	N	\N	\N	\N	\N	\N	\N	2010-10-28 07:39:48.97	64	\N	36	\N	\N	Phenotypage	0	\N	\N
142	\N	\N	Recherche des Bacteries	\N	\N	\N	Y	\N	\N	N	\N	\N	\N	\N	\N	\N	2010-11-03 14:02:48.194	64	\N	57	\N	\N	Rech des Bact	0	\N	\N
125	\N	\N	Hematies	\N	\N	\N	N	\N	\N	Y	\N	\N	\N	\N	\N	\N	2011-01-13 15:44:44.57	64	\N	60	\N	\N	Hematies	0	\N	\N
124	\N	\N	Nombre Lymphocytes	\N	\N	\N	Y	\N	\N	Y	\N	\N	\N	\N	\N	\N	2011-01-13 15:45:01.852	64	\N	60	\N	\N	Nombre Lymphocytes	0	\N	\N
121	\N	\N	Cellules Epitheliales	\N	\N	\N	Y	\N	\N	Y	\N	\N	\N	\N	\N	\N	2011-01-13 15:45:15.237	64	\N	60	\N	\N	Cel Epith	0	\N	\N
122	\N	\N	Chlorures	\N	\N	\N	Y	\N	\N	Y	\N	\N	\N	\N	\N	\N	2011-01-13 15:45:25.901	64	\N	60	\N	\N	Chlorures	0	\N	\N
123	\N	25	Glucose	\N	\N	\N	Y	\N	\N	Y	\N	\N	\N	\N	\N	\N	2011-01-13 15:45:48.306	64	\N	56	\N	\N	Glucose	0	\N	\N
138	\N	\N	Groupe Sanguin Foetal	\N	\N	\N	Y	\N	\N	Y	\N	\N	\N	\N	\N	\N	2011-01-13 16:22:12.915	64	\N	36	\N	\N	Grp Sang Foetal	0	\N	\N
172	\N	\N	Recherches Metazoaires	\N	\N	\N	Y	\N	\N	N	\N	\N	\N	\N	\N	\N	2010-10-28 07:45:50.989	64	\N	58	\N	\N	Rech des Meta	0	\N	\N
115	\N	\N	Metazoaires	\N	\N	\N	N	\N	\N	Y	\N	\N	\N	\N	\N	\N	2010-10-28 07:45:54.572	64	\N	58	\N	\N	Metazoaires	0	\N	\N
174	\N	\N	Syphilis Test Rapide	\N	\N	\N	Y	\N	\N	N	\N	\N	\N	\N	\N	\N	2010-10-28 07:49:58.122	64	\N	59	\N	\N	Syphilis Test Rapide	0	\N	\N
175	\N	\N	HTLV I	\N	\N	\N	Y	\N	\N	N	\N	\N	\N	\N	\N	\N	2010-10-28 07:50:35.502	64	\N	59	\N	\N	HTLV I	0	\N	\N
176	\N	\N	HTLV II	\N	\N	\N	Y	\N	\N	N	\N	\N	\N	\N	\N	\N	2010-10-28 07:51:31.175	64	\N	59	\N	\N	HTLV II	0	\N	\N
179	\N	\N	Recherche de Cryptosporidium	\N	\N	\N	Y	\N	\N	N	\N	\N	\N	\N	\N	\N	2010-10-28 07:58:58.905	64	\N	58	\N	\N	Rech de Crypto	0	\N	\N
93	\N	\N	Recherche de Microfilaires	\N	\N	\N	Y	\N	\N	N	\N	\N	\N	\N	\N	\N	2010-10-28 08:00:11.582	64	\N	58	\N	\N	Microfilaires	0	\N	\N
180	\N	\N	Recherche de Plasmodium	\N	\N	\N	Y	\N	\N	N	\N	\N	\N	\N	\N	\N	2010-10-28 08:01:07.936	64	\N	58	\N	\N	Rech de Plasmodium	0	\N	\N
184	\N	\N	Urobilinogen	\N	\N	\N	Y	\N	\N	N	\N	\N	\N	\N	\N	\N	2010-10-28 08:07:39.094	64	\N	60	\N	\N	Urobilinogen	0	\N	\N
185	\N	\N	Gravindex	\N	\N	\N	Y	\N	\N	N	\N	\N	\N	\N	\N	\N	2010-10-28 08:08:51.631	64	\N	60	\N	\N	Gravindex	0	\N	\N
186	\N	\N	Filaments Myceliens	\N	\N	\N	Y	\N	\N	N	\N	\N	\N	\N	\N	\N	2010-10-28 08:11:18.523	64	\N	60	\N	\N	Fil Myceliens	0	\N	\N
187	\N	\N	Spores	\N	\N	\N	Y	\N	\N	N	\N	\N	\N	\N	\N	\N	2010-10-28 08:11:55.383	64	\N	60	\N	\N	Spores	0	\N	\N
188	\N	\N	Trichomonas	\N	\N	\N	Y	\N	\N	N	\N	\N	\N	\N	\N	\N	2010-10-28 08:12:20.592	64	\N	60	\N	\N	Trichomonas	0	\N	\N
189	\N	25	Alpha1 Globuline	\N	\N	\N	Y	\N	\N	N	\N	\N	\N	\N	\N	\N	2010-10-28 08:18:46.158	64	\N	56	\N	\N	Alpha1 globuline	0	\N	\N
190	\N	25	Alpha2 Globuline	\N	\N	\N	Y	\N	\N	N	\N	\N	\N	\N	\N	\N	2010-10-28 08:19:13.198	64	\N	56	\N	\N	Alpha2 globuline	0	\N	\N
191	\N	25	Beta Globuline	\N	\N	\N	Y	\N	\N	N	\N	\N	\N	\N	\N	\N	2010-10-28 08:19:35.616	64	\N	56	\N	\N	Beta Globuline	0	\N	\N
192	\N	25	Gamma Globuline	\N	\N	\N	Y	\N	\N	N	\N	\N	\N	\N	\N	\N	2010-10-28 08:20:00.044	64	\N	56	\N	\N	Gamma Globuline	0	\N	\N
193	\N	\N	CPK	\N	\N	\N	Y	\N	\N	N	\N	\N	\N	\N	\N	\N	2010-10-28 08:22:49.912	64	\N	56	\N	\N	CPK	0	\N	\N
194	\N	\N	Lipase	\N	\N	\N	Y	\N	\N	N	\N	\N	\N	\N	\N	\N	2010-10-28 08:24:03.023	64	\N	59	\N	\N	Lipase	0	\N	\N
195	\N	\N	Prothrombine	\N	\N	\N	Y	\N	\N	N	\N	\N	\N	\N	\N	\N	2010-10-28 08:27:01.797	64	\N	36	\N	\N	Prothrombine	0	\N	\N
196	\N	\N	Prolactine	\N	\N	\N	Y	\N	\N	N	\N	\N	\N	\N	\N	\N	2010-10-28 10:00:43.347	64	\N	59	\N	\N	Prolactine	0	\N	\N
197	\N	\N	FSH	\N	\N	\N	Y	\N	\N	N	\N	\N	\N	\N	\N	\N	2010-10-28 10:01:18.805	64	\N	59	\N	\N	FSH	0	\N	\N
198	\N	\N	LH	\N	\N	\N	Y	\N	\N	N	\N	\N	\N	\N	\N	\N	2010-10-28 10:01:49.696	64	\N	59	\N	\N	LH	0	\N	\N
199	\N	\N	ASAT 30C	\N	\N	\N	Y	\N	\N	N	\N	\N	\N	\N	\N	\N	2010-10-28 10:02:30.726	64	\N	59	\N	\N	ASAT 30	0	\N	\N
200	\N	\N	ASAT 37C	\N	\N	\N	Y	\N	\N	N	\N	\N	\N	\N	\N	\N	2010-10-28 10:02:48.917	64	\N	59	\N	\N	ASAT37	0	\N	\N
201	\N	\N	ALAT 30C	\N	\N	\N	Y	\N	\N	N	\N	\N	\N	\N	\N	\N	2010-10-28 10:03:08.425	64	\N	59	\N	\N	ALAT30	0	\N	\N
202	\N	\N	ALAT 37C	\N	\N	\N	Y	\N	\N	N	\N	\N	\N	\N	\N	\N	2010-10-28 10:03:38.455	64	\N	59	\N	\N	ALAT37	0	\N	\N
203	\N	\N	Oestrogene	\N	\N	\N	Y	\N	\N	N	\N	\N	\N	\N	\N	\N	2010-10-28 10:04:02.696	64	\N	59	\N	\N	Oestrogene	0	\N	\N
147	\N	\N	Culture (LCR)	\N	\N	\N	Y	\N	\N	Y	\N	\N	\N	\N	\N	\N	2011-02-03 13:52:15.127	64	\N	57	\N	\N	Culture (LCR)	0	\N	\N
183	\N	\N	Acide Ascorbique (Urine)	\N	\N	\N	Y	\N	\N	N	\N	\N	\N	\N	\N	\N	2011-02-03 15:51:44.736	64	\N	60	\N	\N	Acide Asc (Urine)	0	\N	\N
182	\N	\N	Bilirubine (Urine)	\N	\N	\N	Y	\N	\N	N	\N	\N	\N	\N	\N	\N	2011-02-03 15:54:32.181	64	\N	60	\N	\N	Bilirubine (Urine)	0	\N	\N
181	\N	\N	Cetones (Urine)	\N	\N	\N	Y	\N	\N	N	\N	\N	\N	\N	\N	\N	2011-02-03 15:54:51.005	64	\N	60	\N	\N	Cetones (Urine)	0	\N	\N
140	\N	\N	Recherche des Lymphocytes	\N	\N	\N	Y	\N	\N	Y	\N	\N	\N	\N	\N	\N	2011-02-03 16:31:05.565	64	\N	57	\N	\N	Rech des Lymph	0	\N	\N
153	\N	\N	HCG (Urine)	\N	\N	\N	Y	\N	\N	N	\N	\N	\N	\N	\N	\N	2011-02-03 16:43:15.811	64	\N	59	\N	\N	HCG (Urine)	0	\N	\N
139	\N	\N	Albumine	\N	\N	\N	N	\N	\N	Y	\N	\N	\N	\N	\N	\N	2011-02-14 12:24:37.601	64	\N	56	\N	\N	Albumine	0	\N	\N
133	\N	\N	VIH Test - Oraquick	\N	\N	\N	Y	\N	\N	Y	\N	\N	\N	\N	\N	\N	2011-02-14 11:23:49.701	64	\N	61	\N	\N	Oraquick	0	\N	\N
132	\N	\N	VIH Test - HemaStrip	\N	\N	\N	Y	\N	\N	Y	\N	\N	\N	\N	\N	\N	2011-02-14 11:28:21.473	64	\N	61	\N	\N	HemaStrip	0	\N	\N
127	\N	\N	VIH Western Blot	\N	\N	\N	Y	\N	\N	Y	\N	\N	\N	\N	\N	\N	2011-02-14 13:52:46.339	64	\N	59	\N	\N	Western Blot	0	\N	\N
173	\N	\N	Hpatite C - HCV	\N	\N	\N	Y	\N	\N	N	\N	\N	\N	\N	\N	\N	2011-02-14 14:20:04.719	64	\N	59	\N	\N	Hepatite C - HCV	0	\N	\N
204	\N	\N	Progesterone	\N	\N	\N	Y	\N	\N	N	\N	\N	\N	\N	\N	\N	2010-10-28 10:04:22.322	64	\N	59	\N	\N	Progesterone	0	\N	\N
141	\N	\N	TB Perinatale	\N	\N	\N	Y	\N	\N	N	\N	\N	\N	\N	\N	\N	2010-11-03 14:01:13.094	64	\N	57	\N	\N	TB Perinatale	0	\N	\N
206	\N	\N	Cellules Polynucleaires	\N	\N	\N	Y	\N	\N	N	\N	\N	\N	\N	\N	\N	2010-11-03 14:08:10.466	64	\N	36	\N	\N	Cellul Poly	0	\N	\N
207	\N	\N	Temps de Prothrombine	\N	\N	\N	Y	\N	\N	N	\N	\N	\N	\N	\N	\N	2010-11-03 14:10:11.836	64	\N	36	\N	\N	Temps Prothr	0	\N	\N
210	\N	\N	Glycemie a jeun	\N	\N	\N	Y	\N	\N	N	\N	\N	\N	\N	\N	\N	2010-11-03 14:39:55.671	64	\N	56	\N	\N	Glycemie a jeun	0	\N	\N
178	\N	\N	Hpatite B - HBV IgM	\N	\N	\N	Y	\N	\N	N	\N	\N	\N	\N	\N	\N	2010-11-17 10:41:26.882	64	\N	59	\N	\N	Hepatite B - HBV IgM	0	\N	\N
212	\N	26	Phosphatase Acide	\N	\N	\N	Y	\N	\N	N	\N	\N	\N	\N	\N	\N	2011-01-04 14:31:39.503	64	\N	56	\N	\N	Phosphatase Acide	0	\N	\N
205	\N	\N	Proteines (LCR)	\N	\N	\N	Y	\N	\N	N	\N	\N	\N	\N	\N	\N	2011-02-03 15:47:09.362	64	\N	56	\N	\N	Proteines (LCR)	0	\N	\N
211	\N	\N	Aspect (Selles)	\N	\N	\N	Y	\N	\N	N	\N	\N	\N	\N	\N	\N	2011-02-03 15:58:21.017	64	\N	58	\N	\N	Aspect (Selles)	0	\N	\N
22	\N	\N	HCG (Quantitatif)	\N	\N	\N	Y	\N	\N	N	\N	\N	\N	\N	\N	\N	2011-02-11 15:01:51.267	64	\N	59	\N	\N	HCG Quant	0	\N	\N
221	\N	\N	HCG (Qualitatif)	\N	\N	\N	Y	\N	\N	Y	\N	\N	\N	\N	\N	\N	2011-02-11 15:02:23.758	64	\N	59	\N	\N	HCG Qual	0	\N	\N
208	\N	\N	Hepatite B - HBsAg IgG	\N	\N	\N	N	\N	\N	N	\N	\N	\N	\N	\N	\N	2011-02-14 14:20:55.309	64	\N	59	\N	\N	Hepatite B - HBsAg	0	\N	\N
177	\N	\N	Hpatite B - HBsAg IgG	\N	\N	\N	Y	\N	\N	N	\N	\N	\N	\N	\N	\N	2011-02-14 14:22:12.145	64	\N	59	\N	\N	Hep B - HBsAg IGG	0	\N	\N
209	\N	\N	Hpatite B - HBV :AcHbC,AcHbe	\N	\N	\N	Y	\N	\N	Y	\N	\N	\N	\N	\N	\N	2011-02-14 14:42:27.357	64	\N	59	\N	\N	HpBHBV:AcHbCAcHbe	0	\N	\N
230	\N	\N	Compte des Globules Blancs	\N	\N	\N	N	\N	\N	Y	\N	\N	\N	\N	\N	\N	2011-02-14 15:41:57.724	64	\N	36	\N	\N	CompteGlobulesBlancs	0	\N	\N
231	\N	24	Compte des Globules Rouges	\N	\N	\N	N	\N	\N	Y	\N	\N	\N	\N	\N	\N	2011-02-14 15:55:04.537	64	\N	36	\N	\N	CompteGlobulesRouges	0	\N	\N
\.


--
-- Data for Name: test_analyte; Type: TABLE DATA; Schema: clinlims; Owner: clinlims
--

COPY test_analyte (id, test_id, analyte_id, result_group, sort_order, testalyt_type, lastupdated, is_reportable) FROM stdin;
162	1	44	1	\N	\N	2010-02-23 23:35:29.93639	\N
163	2	44	1	\N	\N	2010-02-23 23:35:29.93639	\N
164	3	44	1	\N	\N	2010-02-23 23:35:29.93639	\N
165	4	44	1	\N	\N	2010-02-23 23:35:29.93639	\N
166	5	44	1	\N	\N	2010-02-23 23:35:29.93639	\N
167	6	44	1	\N	\N	2010-02-23 23:35:29.93639	\N
168	7	44	1	\N	\N	2010-02-23 23:35:29.93639	\N
169	8	44	1	\N	\N	2010-02-23 23:35:29.93639	\N
170	3	44	1	\N	\N	2010-02-23 23:35:29.93639	\N
171	10	44	1	\N	\N	2010-02-23 23:35:29.93639	\N
172	11	44	1	\N	\N	2010-02-23 23:35:29.93639	\N
173	12	44	1	\N	\N	2010-02-23 23:35:29.93639	\N
174	13	44	1	\N	\N	2010-02-23 23:35:29.93639	\N
175	14	44	1	\N	\N	2010-02-23 23:35:29.93639	\N
176	15	44	1	\N	\N	2010-02-23 23:35:29.93639	\N
177	16	44	1	\N	\N	2010-02-23 23:35:29.93639	\N
178	17	44	1	\N	\N	2010-02-23 23:35:29.93639	\N
179	18	44	1	\N	\N	2010-02-23 23:35:29.93639	\N
180	19	44	1	\N	\N	2010-02-23 23:35:29.93639	\N
181	20	44	1	\N	\N	2010-02-23 23:35:29.93639	\N
182	21	44	1	\N	\N	2010-02-23 23:35:29.93639	\N
183	22	44	1	\N	\N	2010-02-23 23:35:29.93639	\N
184	23	44	1	\N	\N	2010-02-23 23:35:29.93639	\N
185	24	44	1	\N	\N	2010-02-23 23:35:29.93639	\N
186	25	44	1	\N	\N	2010-02-23 23:35:29.93639	\N
187	26	44	1	\N	\N	2010-02-23 23:35:29.93639	\N
188	27	44	1	\N	\N	2010-02-23 23:35:29.93639	\N
189	28	44	1	\N	\N	2010-02-23 23:35:29.93639	\N
190	29	44	1	\N	\N	2010-02-23 23:35:29.93639	\N
191	30	44	1	\N	\N	2010-02-23 23:35:29.93639	\N
192	31	44	1	\N	\N	2010-02-23 23:35:29.93639	\N
193	32	44	1	\N	\N	2010-02-23 23:35:29.93639	\N
194	33	44	1	\N	\N	2010-02-23 23:35:29.93639	\N
195	34	44	1	\N	\N	2010-02-23 23:35:29.93639	\N
196	35	44	1	\N	\N	2010-02-23 23:35:29.93639	\N
197	36	44	1	\N	\N	2010-02-23 23:35:29.93639	\N
198	37	44	1	\N	\N	2010-02-23 23:35:29.93639	\N
199	38	44	1	\N	\N	2010-02-23 23:35:29.93639	\N
200	39	44	1	\N	\N	2010-02-23 23:35:29.93639	\N
201	40	44	1	\N	\N	2010-02-23 23:35:29.93639	\N
202	41	44	1	\N	\N	2010-02-23 23:35:29.93639	\N
203	42	44	1	\N	\N	2010-02-23 23:35:29.93639	\N
204	43	44	1	\N	\N	2010-02-23 23:35:29.93639	\N
205	44	44	1	\N	\N	2010-02-23 23:35:29.93639	\N
206	45	44	1	\N	\N	2010-02-23 23:35:29.93639	\N
207	46	44	1	\N	\N	2010-02-23 23:35:29.93639	\N
208	47	44	1	\N	\N	2010-02-23 23:35:29.93639	\N
209	48	44	1	\N	\N	2010-02-23 23:35:29.93639	\N
210	49	44	1	\N	\N	2010-02-23 23:35:29.93639	\N
211	50	44	1	\N	\N	2010-02-23 23:35:29.93639	\N
212	51	44	1	\N	\N	2010-02-23 23:35:29.93639	\N
213	52	44	1	\N	\N	2010-02-23 23:35:29.93639	\N
214	53	44	1	\N	\N	2010-02-23 23:35:29.93639	\N
215	54	44	1	\N	\N	2010-02-23 23:35:29.93639	\N
216	55	44	1	\N	\N	2010-02-23 23:35:29.93639	\N
217	56	44	1	\N	\N	2010-02-23 23:35:29.93639	\N
218	57	44	1	\N	\N	2010-02-23 23:35:29.93639	\N
219	58	44	1	\N	\N	2010-02-23 23:35:29.93639	\N
220	59	44	1	\N	\N	2010-02-23 23:35:29.93639	\N
221	60	44	1	\N	\N	2010-02-23 23:35:29.93639	\N
222	61	44	1	\N	\N	2010-02-23 23:35:29.93639	\N
223	62	44	1	\N	\N	2010-02-23 23:35:29.93639	\N
224	63	44	1	\N	\N	2010-02-23 23:35:29.93639	\N
225	64	44	1	\N	\N	2010-02-23 23:35:29.93639	\N
226	65	44	1	\N	\N	2010-02-23 23:35:29.93639	\N
227	66	44	1	\N	\N	2010-02-23 23:35:29.93639	\N
228	67	44	1	\N	\N	2010-02-23 23:35:29.93639	\N
229	68	44	1	\N	\N	2010-02-23 23:35:29.93639	\N
230	69	44	1	\N	\N	2010-02-23 23:35:29.93639	\N
231	70	44	1	\N	\N	2010-02-23 23:35:29.93639	\N
232	71	44	1	\N	\N	2010-02-23 23:35:29.93639	\N
233	72	44	1	\N	\N	2010-02-23 23:35:29.93639	\N
234	73	44	1	\N	\N	2010-02-23 23:35:29.93639	\N
235	74	44	1	\N	\N	2010-02-23 23:35:29.93639	\N
236	75	44	1	\N	\N	2010-02-23 23:35:29.93639	\N
237	76	44	1	\N	\N	2010-02-23 23:35:29.93639	\N
238	77	44	1	\N	\N	2010-02-23 23:35:29.93639	\N
239	78	44	1	\N	\N	2010-02-23 23:35:29.93639	\N
240	79	44	1	\N	\N	2010-02-23 23:35:29.93639	\N
241	80	44	1	\N	\N	2010-02-23 23:35:29.93639	\N
242	81	44	1	\N	\N	2010-02-23 23:35:29.93639	\N
243	82	44	1	\N	\N	2010-02-23 23:35:29.93639	\N
244	83	44	1	\N	\N	2010-02-23 23:35:29.93639	\N
245	84	44	1	\N	\N	2010-02-23 23:35:29.93639	\N
246	85	44	1	\N	\N	2010-02-23 23:35:29.93639	\N
247	86	44	1	\N	\N	2010-02-23 23:35:29.93639	\N
248	87	44	1	\N	\N	2010-02-23 23:35:29.93639	\N
249	88	44	1	\N	\N	2010-02-23 23:35:29.93639	\N
250	89	44	1	\N	\N	2010-02-23 23:35:29.93639	\N
251	90	44	1	\N	\N	2010-02-23 23:35:29.93639	\N
252	91	44	1	\N	\N	2010-02-23 23:35:29.93639	\N
253	92	44	1	\N	\N	2010-02-23 23:35:29.93639	\N
254	93	44	1	\N	\N	2010-02-23 23:35:29.93639	\N
255	94	44	1	\N	\N	2010-02-23 23:35:29.93639	\N
256	95	44	1	\N	\N	2010-02-23 23:35:29.93639	\N
257	96	44	1	\N	\N	2010-02-23 23:35:29.93639	\N
258	97	44	1	\N	\N	2010-02-23 23:35:29.93639	\N
259	98	44	1	\N	\N	2010-02-23 23:35:29.93639	\N
260	99	44	1	\N	\N	2010-02-23 23:35:29.93639	\N
261	100	44	1	\N	\N	2010-02-23 23:35:29.93639	\N
262	101	44	1	\N	\N	2010-02-23 23:35:29.93639	\N
263	102	44	1	\N	\N	2010-02-23 23:35:29.93639	\N
264	103	44	1	\N	\N	2010-02-23 23:35:29.93639	\N
265	105	44	1	\N	\N	2010-02-23 23:35:29.93639	\N
266	106	44	1	\N	\N	2010-02-23 23:35:29.93639	\N
267	107	44	1	\N	\N	2010-02-23 23:35:29.93639	\N
268	108	44	1	\N	\N	2010-02-23 23:35:29.93639	\N
269	109	44	1	\N	\N	2010-02-23 23:35:29.93639	\N
270	110	44	1	\N	\N	2010-02-23 23:35:29.93639	\N
271	111	44	1	\N	\N	2010-02-23 23:35:29.93639	\N
272	112	44	1	\N	\N	2010-02-23 23:35:29.93639	\N
273	113	44	1	\N	\N	2010-02-23 23:35:29.93639	\N
274	114	44	1	\N	\N	2010-02-23 23:35:29.93639	\N
275	115	44	1	\N	\N	2010-02-23 23:35:29.93639	\N
276	116	44	1	\N	\N	2010-02-23 23:35:29.93639	\N
277	117	44	1	\N	\N	2010-02-23 23:35:29.93639	\N
278	23	214	6	1	D	2010-03-04 15:43:12.779	\N
279	213	96	1	\N	\N	2011-02-02 11:55:53.383208	\N
280	128	97	1	\N	\N	2011-02-02 11:55:53.383208	\N
\.


--
-- Data for Name: test_formats; Type: TABLE DATA; Schema: clinlims; Owner: clinlims
--

COPY test_formats (id, lastupdated) FROM stdin;
\.


--
-- Data for Name: test_hl7_code; Type: TABLE DATA; Schema: clinlims; Owner: clinlims
--

COPY test_hl7_code (test_id, encoding_type_id, code, lastupdated) FROM stdin;
\.


--
-- Data for Name: test_reflex; Type: TABLE DATA; Schema: clinlims; Owner: clinlims
--

COPY test_reflex (id, tst_rslt_id, flags, lastupdated, test_analyte_id, test_id, add_test_id, sibling_reflex, scriptlet_id) FROM stdin;
1	501	\N	2010-03-04 15:43:56.381	278	23	23	\N	\N
2	503	\N	2010-03-04 15:44:38.931	278	23	23	\N	\N
3	910	\N	2011-02-02 11:55:53.383208	279	213	\N	\N	3
4	911	\N	2011-02-02 11:55:53.383208	279	213	\N	\N	1
5	912	\N	2011-02-02 11:55:53.383208	280	128	213	\N	\N
6	913	\N	2011-02-02 11:55:53.383208	280	128	\N	\N	2
\.


--
-- Data for Name: test_result; Type: TABLE DATA; Schema: clinlims; Owner: clinlims
--

COPY test_result (id, test_id, result_group, flags, tst_rslt_type, value, significant_digits, quant_limit, cont_level, lastupdated, scriptlet_id, sort_order) FROM stdin;
406	73	\N		D	62	\N			2009-07-30 16:54:02.828	\N	\N
407	73	1		D	63	\N			2009-07-30 16:54:22.031	\N	\N
408	73	1		D	94	\N			2009-07-30 16:54:40.75	\N	\N
409	75	2		D	62	\N			2009-07-30 16:58:25.484	\N	\N
410	75	2		D	63	\N			2009-07-30 16:58:44.343	\N	\N
411	117	3		D	397	\N			2009-07-30 17:01:46.546	\N	\N
412	117	3		D	399	\N			2009-07-30 17:02:03.937	\N	\N
413	117	3		D	401	\N			2009-07-30 17:02:23.671	\N	\N
414	117	3		D	401	\N			2009-07-30 17:02:56.109	\N	\N
415	117	3		D	403	\N			2009-07-30 17:03:14.203	\N	\N
416	74	4		D	500	\N			2009-07-31 11:00:51.359	\N	\N
417	74	4		D	503	\N			2009-07-31 11:01:08.593	\N	\N
418	74	4		D	504	\N			2009-07-31 11:01:24.25	\N	\N
419	74	4		D	505	\N			2009-07-31 11:01:38.046	\N	\N
422	116	5		D	508	\N			2009-07-31 11:03:03.25	\N	\N
423	116	5		D	509	\N			2009-07-31 11:03:21.296	\N	\N
424	116	5		D	510	\N			2009-07-31 11:03:54.718	\N	\N
425	116	5		D	511	\N			2009-07-31 11:04:08.562	\N	\N
426	117	6		D	512	\N			2009-07-31 11:05:44.109	\N	\N
427	117	6		D	513	\N			2009-07-31 11:06:00.515	\N	\N
428	117	6		D	514	\N			2009-07-31 11:06:16.515	\N	\N
429	117	6		D	516	\N			2009-07-31 11:06:31.109	\N	\N
430	96	7		D	517	\N			2009-07-31 11:07:06.859	\N	\N
431	96	7		D	518	\N			2009-07-31 11:07:27.859	\N	\N
432	96	7		D	519	\N			2009-07-31 11:07:44.468	\N	\N
433	96	7		D	520	\N			2009-07-31 11:08:25.953	\N	\N
434	96	7		D	521	\N			2009-07-31 11:08:44.015	\N	\N
435	96	7		D	522	\N			2009-07-31 11:09:00.328	\N	\N
436	97	8		D	541	\N			2009-07-31 11:10:07.375	\N	\N
437	97	8		D	542	\N			2009-07-31 11:10:23.718	\N	\N
438	97	8		D	543	\N			2009-07-31 11:10:49.875	\N	\N
439	97	8		D	544	\N			2009-07-31 11:11:12.078	\N	\N
440	101	9		D	523	\N			2009-07-31 11:12:53.656	\N	\N
441	101	9		D	524	\N			2009-07-31 11:13:11.171	\N	\N
442	101	9		D	525	\N			2009-07-31 11:13:25.156	\N	\N
443	101	9		D	526	\N			2009-07-31 11:13:41.578	\N	\N
444	101	9		D	527	\N			2009-07-31 11:13:51.64	\N	\N
445	101	9		D	528	\N			2009-07-31 11:14:07.953	\N	\N
446	101	9		D	529	\N			2009-07-31 11:15:13.25	\N	\N
447	101	9		D	531	\N			2009-07-31 11:15:33.625	\N	\N
448	101	9		D	532	\N			2009-07-31 11:15:49.39	\N	\N
449	101	9		D	533	\N			2009-07-31 11:16:08.656	\N	\N
450	101	9		D	534	\N			2009-07-31 11:16:24.984	\N	\N
451	101	9		D	535	\N			2009-07-31 11:16:44.843	\N	\N
452	101	9		D	536	\N			2009-07-31 11:16:58.625	\N	\N
453	101	9		D	537	\N			2009-07-31 11:17:11.078	\N	\N
454	101	9		D	538	\N			2009-07-31 11:17:24.921	\N	\N
455	101	9		D	539	\N			2009-07-31 11:17:36.843	\N	\N
456	101	9		D	540	\N			2009-07-31 11:17:57.218	\N	\N
457	101	9		D	564	\N			2009-07-31 11:18:25.734	\N	\N
458	102	10		D	545	\N			2009-07-31 11:19:09.203	\N	\N
459	102	10		D	546	\N			2009-07-31 11:19:24.64	\N	\N
460	102	10		D	564	\N			2009-07-31 11:19:38.312	\N	\N
461	103	11		D	545	\N			2009-07-31 11:20:01.781	\N	\N
462	103	11		D	546	\N			2009-07-31 11:20:14.609	\N	\N
463	103	11		D	564	\N			2009-07-31 11:20:26.609	\N	\N
464	115	12		D	547	\N			2009-07-31 11:20:51.468	\N	\N
465	115	12		D	548	\N			2009-07-31 11:21:22.781	\N	\N
466	115	13		D	550	\N			2009-07-31 11:22:54.593	\N	\N
467	115	13		D	552	\N			2009-07-31 11:23:43.218	\N	\N
468	115	13		D	553	\N			2009-07-31 11:23:58.953	\N	\N
469	115	13		D	554	\N			2009-07-31 11:24:11.812	\N	\N
470	115	13		D	506	\N			2009-07-31 11:25:16.89	\N	\N
471	46	14		D	560	\N			2009-07-31 11:26:43.218	\N	\N
472	46	14		D	561	\N			2009-07-31 11:27:01.421	\N	\N
473	46	14		D	562	\N			2009-07-31 11:27:19.093	\N	\N
474	46	14		D	563	\N			2009-07-31 11:27:30.39	\N	\N
475	46	14		D	564	\N			2009-07-31 11:27:54.328	\N	\N
476	118	1		D	512	\N			2009-08-05 20:02:46.415	\N	\N
477	118	1		D	513	\N			2009-08-05 20:03:20.203	\N	\N
478	118	1		D	514	\N			2009-08-05 20:04:12.78	\N	\N
479	120	1		D	554	\N			2009-08-05 21:12:51.671	\N	\N
480	120	1		D	555	\N			2009-08-05 21:13:28.096	\N	\N
481	120	1		D	556	\N			2009-08-05 21:17:04.75	\N	\N
482	120	1		D	557	\N			2009-08-05 21:18:44.537	\N	\N
483	120	1		D	575	\N			2009-08-05 21:32:41.222	\N	\N
484	120	1		D	576	\N			2009-08-05 21:33:09.69	\N	\N
485	120	1		D	577	\N			2009-08-05 21:33:38.363	\N	\N
486	120	1		D	578	\N			2009-08-05 21:34:03.921	\N	\N
487	120	1		D	579	\N			2009-08-05 21:34:27.867	\N	\N
488	74	4				\N			2010-01-12 11:03:52.911	\N	\N
504	117	3		D	544	\N			2010-03-05 16:34:03.717	\N	\N
505	116	3		D	544	\N			2010-03-05 16:34:26.31	\N	\N
506	88	16		D	512	\N			2010-06-11 12:26:37.112	\N	\N
507	88	16		D	513	\N			2010-06-11 12:27:59.084	\N	\N
508	88	16		D	514	\N			2010-06-11 12:28:16.475	\N	\N
509	82	17		D	502	\N			2010-06-11 12:39:12.304	\N	\N
510	82	17		D	542	\N			2010-06-11 12:39:42.382	\N	\N
511	82	17		D	543	\N			2010-06-11 12:40:05.577	\N	\N
512	82	17		D	512	\N			2010-06-11 12:40:24.878	\N	\N
513	82	17		D	513	\N			2010-06-11 12:40:37.822	\N	\N
514	82	17		D	514	\N			2010-06-11 12:40:51.696	\N	\N
515	82	17		D	546	\N			2010-06-11 12:41:04.193	\N	\N
502	23	6		D	544	\N			2010-11-01 16:07:41.256	\N	\N
503	23	6		D	565	\N			2010-11-01 16:07:50.997	\N	\N
420	93	5		M	506	\N			2011-01-28 14:27:36.899	\N	\N
421	93	4		M	507	\N			2011-01-28 14:27:58.238	\N	\N
518	77	18		M	571	\N			2011-01-28 14:32:28.288	\N	\N
517	77	18		M	563	\N			2011-01-28 14:32:39.653	\N	\N
516	77	18		M	561	\N			2011-01-28 14:32:49.757	\N	\N
520	76	19		D	566	\N			2010-06-11 12:42:52.06	\N	\N
537	88	16		D	516	\N			2010-06-11 12:48:53.026	\N	\N
521	76	19		D	567	\N			2010-06-11 12:43:04.602	\N	\N
522	76	19		D	568	\N			2010-06-11 12:43:20.191	\N	\N
538	88	16		D	544	\N			2010-06-11 12:49:14.636	\N	\N
523	76	19		D	569	\N			2010-06-11 12:43:32.407	\N	\N
524	76	19		D	563	\N			2010-06-11 12:43:58.459	\N	\N
536	88	16		D	515	\N			2010-06-11 12:48:34.555	\N	\N
539	81	23		D	544	\N			2010-06-11 12:41:34.048	\N	\N
540	81	23		D	502	\N			2010-06-11 12:41:44.208	\N	\N
541	81	23		D	543	\N			2010-06-11 12:42:06.902	\N	\N
542	81	23		D	541	\N			2010-06-11 12:43:25.778	\N	\N
543	81	23		D	542	\N			2010-06-11 12:44:06.767	\N	\N
544	86	24		D	502	\N			2010-06-11 12:44:41.382	\N	\N
545	86	24		D	544	\N			2010-06-11 12:44:51.327	\N	\N
546	86	24		D	512	\N			2010-06-11 12:45:06.964	\N	\N
547	86	24		D	513	\N			2010-06-11 12:45:20.469	\N	\N
548	86	24		D	514	\N			2010-06-11 12:45:34.488	\N	\N
549	86	24		D	515	\N			2010-06-11 12:45:51.131	\N	\N
550	86	24		D	516	\N			2010-06-11 12:46:04.40	\N	\N
551	85	25		D	544	\N			2010-06-11 12:46:26.886	\N	\N
552	85	25		D	542	\N			2010-06-11 12:46:43.595	\N	\N
553	85	25		D	512	\N			2010-06-11 12:46:53.416	\N	\N
554	85	25		D	513	\N			2010-06-11 12:47:04.217	\N	\N
555	85	25		D	514	\N			2010-06-11 12:47:17.611	\N	\N
556	85	25		D	515	\N			2010-06-11 12:47:28.703	\N	\N
557	85	25		D	516	\N			2010-06-11 12:47:41.862	\N	\N
558	90	26		D	544	\N			2010-06-11 12:48:31.918	\N	\N
559	90	26		D	542	\N			2010-06-11 12:48:46.123	\N	\N
560	90	26		D	502	\N			2010-06-11 12:48:59.122	\N	\N
561	90	26		D	516	\N			2010-06-11 12:49:13.436	\N	\N
562	90	26		D	512	\N			2010-06-11 12:49:33.80	\N	\N
563	90	26		D	513	\N			2010-06-11 12:49:55.694	\N	\N
564	90	26		D	514	\N			2010-06-11 12:50:07.635	\N	\N
565	90	26		D	515	\N			2010-06-11 12:50:23.882	\N	\N
566	83	27		D	542	\N			2010-06-11 12:50:38.72	\N	\N
567	83	27		D	544	\N			2010-06-11 12:50:47.711	\N	\N
568	83	27		D	502	\N			2010-06-11 12:50:57.372	\N	\N
569	83	27		D	541	\N			2010-06-11 12:51:12.424	\N	\N
570	83	27		D	543	\N			2010-06-11 12:51:22.882	\N	\N
571	83	27		D	512	\N			2010-06-11 12:51:32.038	\N	\N
572	83	27		D	513	\N			2010-06-11 12:51:47.322	\N	\N
573	83	27		D	514	\N			2010-06-11 12:51:55.929	\N	\N
574	80	28		D	542	\N			2010-06-11 12:52:16.322	\N	\N
575	80	28		D	544	\N			2010-06-11 12:52:27.212	\N	\N
576	80	28		D	512	\N			2010-06-11 12:52:38.998	\N	\N
577	80	28		D	513	\N			2010-06-11 12:52:49.257	\N	\N
578	80	28		D	514	\N			2010-06-11 12:52:58.685	\N	\N
579	84	29		D	502	\N			2010-06-11 12:53:24.915	\N	\N
580	84	29		D	542	\N			2010-06-11 12:53:37.991	\N	\N
581	84	29		D	544	\N			2010-06-11 12:53:47.72	\N	\N
589	106	30		D	544	\N			2010-06-11 13:07:15.57	\N	\N
591	106	30		D	512	\N			2010-06-11 13:07:37.868	\N	\N
592	106	30		D	513	\N			2010-06-11 13:07:45.948	\N	\N
594	106	30		D	514	\N			2010-06-11 13:08:06.872	\N	\N
595	106	30		D	515	\N			2010-06-11 13:08:17.109	\N	\N
596	106	30		D	516	\N			2010-06-11 13:08:41.502	\N	\N
598	110	31		D	544	\N			2010-06-11 13:09:15.154	\N	\N
599	110	31		D	512	\N			2010-06-11 13:09:36.436	\N	\N
600	110	31		D	513	\N			2010-06-11 13:09:51.333	\N	\N
601	110	31		D	514	\N			2010-06-11 13:10:07.957	\N	\N
602	110	31		D	515	\N			2010-06-11 13:10:23.044	\N	\N
603	110	31		D	516	\N			2010-06-11 13:10:32.80	\N	\N
605	111	32		D	544	\N			2010-06-11 13:10:56.874	\N	\N
606	111	32		D	512	\N			2010-06-11 13:11:10.259	\N	\N
607	111	32		D	513	\N			2010-06-11 13:11:17.766	\N	\N
608	111	32		D	514	\N			2010-06-11 13:11:27.554	\N	\N
609	111	32		D	515	\N			2010-06-11 13:11:35.642	\N	\N
610	111	32		D	516	\N			2010-06-11 13:11:43.53	\N	\N
612	108	33		D	544	\N			2010-06-11 13:13:17.566	\N	\N
613	108	33		D	512	\N			2010-06-11 13:13:27.396	\N	\N
614	108	33		D	513	\N			2010-06-11 13:13:39.152	\N	\N
615	108	33		D	514	\N			2010-06-11 13:13:48.956	\N	\N
616	108	33		D	515	\N			2010-06-11 13:13:56.851	\N	\N
617	108	33		D	516	\N			2010-06-11 13:14:05.429	\N	\N
619	107	34		D	544	\N			2010-06-11 13:14:24.954	\N	\N
620	107	34		D	512	\N			2010-06-11 13:14:36.455	\N	\N
621	107	34		D	513	\N			2010-06-11 13:14:44.483	\N	\N
622	107	34		D	514	\N			2010-06-11 13:14:52.093	\N	\N
623	107	34		D	515	\N			2010-06-11 13:15:01.096	\N	\N
624	107	34		D	516	\N			2010-06-11 13:15:12.63	\N	\N
626	112	34		D	544	\N			2010-06-11 13:15:36.684	\N	\N
627	112	34		D	512	\N			2010-06-11 13:15:59.704	\N	\N
628	112	34		D	513	\N			2010-06-11 13:16:12.137	\N	\N
629	112	34		D	514	\N			2010-06-11 13:16:21.741	\N	\N
630	112	34		D	515	\N			2010-06-11 13:16:33.307	\N	\N
631	112	34		D	516	\N			2010-06-11 13:16:43.034	\N	\N
525	87	21		M	512	\N			2011-01-28 14:09:10.028	\N	\N
526	87	21		M	513	\N			2011-01-28 14:09:19.432	\N	\N
529	87	21		M	516	\N			2011-01-28 14:09:33.917	\N	\N
528	87	21		M	515	\N			2011-01-28 14:09:46.565	\N	\N
527	87	21		M	514	\N			2011-01-28 14:09:55.184	\N	\N
588	91	\N		M	680	\N			2011-01-28 14:17:25.922	\N	\N
587	91	\N		M	663	\N			2011-01-28 14:17:40.296	\N	\N
534	89	22		M	516	\N			2011-01-28 14:23:04.876	\N	\N
582	89	22		M	574	\N			2011-01-28 14:23:15.623	\N	\N
583	89	22		M	572	\N			2011-01-28 14:23:26.522	\N	\N
584	89	22		M	573	\N			2011-01-28 14:23:35.409	\N	\N
585	89	22		M	665	\N			2011-01-28 14:23:48.318	\N	\N
533	89	22		M	515	\N			2011-01-28 14:23:55.91	\N	\N
531	89	22		M	513	\N			2011-01-28 14:24:11.226	\N	\N
530	89	22		M	512	\N			2011-01-28 14:24:20.762	\N	\N
586	89	22		M	666	\N			2011-01-28 14:24:29.379	\N	\N
532	89	22		M	514	\N			2011-01-28 14:24:39.419	\N	\N
535	89	22		M	544	\N			2011-01-28 14:24:47.586	\N	\N
519	77	18		M	545	\N			2011-01-28 14:33:00.386	\N	\N
633	109	35		D	544	\N			2010-06-11 13:17:05.983	\N	\N
634	109	35		D	512	\N			2010-06-11 13:17:14.363	\N	\N
635	109	35		D	513	\N			2010-06-11 13:17:24.932	\N	\N
636	109	35		D	514	\N			2010-06-11 13:17:32.801	\N	\N
637	109	35		D	515	\N			2010-06-11 13:17:42.063	\N	\N
638	109	35		D	516	\N			2010-06-11 13:17:50.474	\N	\N
639	113	36		D	544	\N			2010-06-11 13:18:08.624	\N	\N
641	113	36		D	512	\N			2010-06-11 13:18:37.841	\N	\N
642	113	36		D	513	\N			2010-06-11 13:18:48.874	\N	\N
643	113	36		D	514	\N			2010-06-11 13:19:01.458	\N	\N
644	113	36		D	515	\N			2010-06-11 13:19:10.718	\N	\N
645	113	36		D	516	\N			2010-06-11 13:19:19.362	\N	\N
646	114	37		D	544	\N			2010-06-11 13:19:30.643	\N	\N
648	114	37		D	512	\N			2010-06-11 13:19:59.88	\N	\N
649	114	37		D	513	\N			2010-06-11 13:20:08.481	\N	\N
650	114	37		D	514	\N			2010-06-11 13:20:17.001	\N	\N
651	114	37		D	515	\N			2010-06-11 13:20:25.271	\N	\N
652	114	37		D	516	\N			2010-06-11 13:20:32.575	\N	\N
660	95	39		D	570	\N			2010-06-11 13:46:49.156	\N	\N
664	98	40		D	544	\N			2010-06-11 13:48:55.214	\N	\N
665	98	40		D	512	\N			2010-06-11 13:49:07.446	\N	\N
666	98	40		D	513	\N			2010-06-11 13:49:16.669	\N	\N
667	98	40		D	514	\N			2010-06-11 13:49:24.01	\N	\N
668	98	40		D	516	\N			2010-06-11 13:49:32.721	\N	\N
669	100	41		D	682	\N			2010-06-11 13:55:50.67	\N	\N
670	100	41		D	683	\N			2010-06-11 13:56:01.126	\N	\N
671	100	41		D	687	\N			2010-06-11 13:56:11.005	\N	\N
653	99	38		D	512	\N			2010-06-11 13:30:48.692	\N	\N
654	99	38		D	513	\N			2010-06-11 13:30:55.50	\N	\N
655	99	38		D	514	\N			2010-06-11 13:31:02.56	\N	\N
656	99	38		D	515	\N			2010-06-11 13:31:10.354	\N	\N
657	99	38		D	516	\N			2010-06-11 13:31:17.713	\N	\N
661	95	39		D	681	\N			2010-06-11 13:48:10.485	\N	\N
662	95	39		D	563	\N			2010-06-11 13:48:21.039	\N	\N
663	98	40		D	542	\N			2010-06-11 13:48:40.06	\N	\N
672	100	41		D	688	\N			2010-06-11 13:56:19.779	\N	\N
673	100	41		D	689	\N			2010-06-11 13:56:29.102	\N	\N
674	100	41		D	690	\N			2010-06-11 13:56:40.691	\N	\N
675	103	42		D	529	\N			2010-06-11 13:57:24.837	\N	\N
676	103	42		D	531	\N			2010-06-11 13:57:33.035	\N	\N
677	103	42		D	532	\N			2010-06-11 13:57:39.484	\N	\N
678	103	42		D	527	\N			2010-06-11 13:57:46.626	\N	\N
679	103	42		D	525	\N			2010-06-11 13:57:54.541	\N	\N
680	103	42		D	533	\N			2010-06-11 13:58:05.289	\N	\N
681	103	42		D	534	\N			2010-06-11 13:58:17.263	\N	\N
682	103	42		D	535	\N			2010-06-11 13:58:24.964	\N	\N
683	103	42		D	536	\N			2010-06-11 13:58:32.491	\N	\N
684	103	42		D	537	\N			2010-06-11 13:58:39.167	\N	\N
685	103	42		D	524	\N			2010-06-11 13:58:48.388	\N	\N
686	103	42		D	538	\N			2010-06-11 13:58:55.58	\N	\N
687	103	42		D	539	\N			2010-06-11 13:59:06.713	\N	\N
688	103	42		D	540	\N			2010-06-11 13:59:14.522	\N	\N
689	103	42		D	526	\N			2010-06-11 13:59:23.336	\N	\N
690	103	42		D	663	\N			2010-06-11 13:59:32.254	\N	\N
691	103	42		D	528	\N			2010-06-11 14:00:03.507	\N	\N
692	94	43		D	667	\N			2010-06-11 14:01:13.117	\N	\N
693	94	43		D	668	\N			2010-06-11 14:01:25.952	\N	\N
694	94	43		D	669	\N			2010-06-11 14:01:42.157	\N	\N
695	94	43		D	670	\N			2010-06-11 14:01:54.809	\N	\N
696	94	43		D	671	\N			2010-06-11 14:02:02.172	\N	\N
697	94	43		D	672	\N			2010-06-11 14:02:09.378	\N	\N
698	94	43		D	673	\N			2010-06-11 14:02:17.163	\N	\N
699	94	43		D	674	\N			2010-06-11 14:02:24.647	\N	\N
700	94	43		D	675	\N			2010-06-11 14:03:17.684	\N	\N
701	121	44		D	512	\N			2010-06-11 14:03:43.084	\N	\N
702	121	44		D	513	\N			2010-06-11 14:03:49.568	\N	\N
703	121	44		D	514	\N			2010-06-11 14:03:56.585	\N	\N
704	121	44		D	515	\N			2010-06-11 14:04:03.619	\N	\N
705	121	44		D	516	\N			2010-06-11 14:04:10.141	\N	\N
706	52	45		D	512	\N			2010-06-11 14:04:25.284	\N	\N
707	52	45		D	513	\N			2010-06-11 14:04:40.434	\N	\N
708	52	45		D	514	\N			2010-06-11 14:04:47.277	\N	\N
709	53	46		D	542	\N			2010-06-11 14:04:59.30	\N	\N
710	53	46		D	544	\N			2010-06-11 14:05:05.812	\N	\N
711	49	47		D	512	\N			2010-06-11 14:05:22.71	\N	\N
712	49	46		D	513	\N			2010-06-11 14:05:30.07	\N	\N
713	49	46		D	514	\N			2010-06-11 14:05:39.022	\N	\N
714	49	46		D	515	\N			2010-06-11 14:05:45.984	\N	\N
715	49	46		D	516	\N			2010-06-11 14:05:52.399	\N	\N
716	51	47		D	663	\N			2010-06-11 14:06:55.857	\N	\N
717	51	47		D	680	\N			2010-06-11 14:07:06.402	\N	\N
718	51	47		D	682	\N			2010-06-11 14:07:17.024	\N	\N
719	51	47		D	683	\N			2010-06-11 14:07:25.509	\N	\N
720	51	47		D	687	\N			2010-06-11 14:07:32.352	\N	\N
721	51	47		D	688	\N			2010-06-11 14:07:43.777	\N	\N
722	51	47		D	689	\N			2010-06-11 14:07:53.249	\N	\N
723	51	47		D	690	\N			2010-06-11 14:08:01.566	\N	\N
724	55	48		D	512	\N			2010-06-11 14:08:22.427	\N	\N
725	55	48		D	513	\N			2010-06-11 14:08:32.318	\N	\N
726	55	48		D	514	\N			2010-06-11 14:08:41.794	\N	\N
727	55	48		D	515	\N			2010-06-11 14:08:48.611	\N	\N
728	55	48		D	516	\N			2010-06-11 14:08:55.857	\N	\N
729	47	49		D	512	\N			2010-06-11 14:09:09.523	\N	\N
730	47	49		D	513	\N			2010-06-11 14:09:19.842	\N	\N
731	47	49		D	514	\N			2010-06-11 14:09:26.716	\N	\N
732	47	49		D	516	\N			2010-06-11 14:09:36.476	\N	\N
733	54	50		D	542	\N			2010-06-11 14:09:53.23	\N	\N
734	54	50		D	544	\N			2010-06-11 14:09:59.869	\N	\N
735	54	50		D	543	\N			2010-06-11 14:10:12.427	\N	\N
759	134	52		D	512	\N			2010-06-11 14:24:15.683	\N	\N
760	134	52		D	513	\N			2010-06-11 14:24:22.28	\N	\N
761	134	52		D	514	\N			2010-06-11 14:24:29.965	\N	\N
762	134	52		D	515	\N			2010-06-11 14:24:36.961	\N	\N
658	95	39		D	742	\N			2010-11-17 09:27:16.122	\N	\N
755	48	51		D	513	\N			2011-01-28 14:07:17.974	\N	\N
756	48	51		D	514	\N			2011-01-28 14:08:12.159	\N	\N
757	48	51		D	515	\N			2011-01-28 14:08:19.818	\N	\N
758	48	51		D	516	\N			2011-01-28 14:08:45.196	\N	\N
754	48	51		D	512	\N			2011-01-28 14:07:10.693	\N	\N
763	134	52		D	516	\N			2010-06-11 14:24:44.041	\N	\N
764	34	53		D	379	\N			2010-06-11 14:38:36.347	\N	\N
765	34	53		D	700	\N			2010-06-11 14:38:45.586	\N	\N
766	34	53		D	701	\N			2010-06-11 14:38:58.829	\N	\N
767	34	53		D	702	\N			2010-06-11 14:39:07.908	\N	\N
768	34	53		D	703	\N			2010-06-11 14:39:15.967	\N	\N
769	27	54		D	379	\N			2010-06-11 14:39:35.477	\N	\N
770	27	\N	54	D	565	\N			2010-06-11 14:39:51.324	\N	\N
771	27	54		D	542	\N			2010-06-11 14:39:58.481	\N	\N
772	27	54		D	544	\N			2010-06-11 14:40:05.749	\N	\N
781	29	57		D	379	\N			2010-06-11 14:41:45.58	\N	\N
782	29	57		D	565	\N			2010-06-11 14:41:56.599	\N	\N
783	29	57		D	542	\N			2010-06-11 14:42:04.332	\N	\N
784	29	57		D	544	\N			2010-06-11 14:42:12.353	\N	\N
785	40	58		D	379	\N			2010-06-11 14:42:22.728	\N	\N
786	40	58		D	565	\N			2010-06-11 14:42:29.982	\N	\N
787	40	58		D	542	\N			2010-06-11 14:42:38.162	\N	\N
788	40	58		D	544	\N			2010-06-11 14:42:46.919	\N	\N
789	35	59		D	379	\N			2010-06-11 14:43:00.126	\N	\N
790	35	59		D	565	\N			2010-06-11 14:43:15.456	\N	\N
791	35	59		D	542	\N			2010-06-11 14:43:25.145	\N	\N
792	35	59		D	544	\N			2010-06-11 14:43:33.88	\N	\N
793	41	60		D	379	\N			2010-06-11 14:47:15.199	\N	\N
794	41	60		D	377	\N			2010-06-11 14:47:26.974	\N	\N
795	41	60		D	565	\N			2010-06-11 14:47:34.645	\N	\N
801	31	62		D	565	\N			2010-06-11 14:48:39.885	\N	\N
802	31	62		D	544	\N			2010-06-11 14:48:46.544	\N	\N
803	31	62		D	542	\N			2010-06-11 14:48:52.661	\N	\N
804	37	63		D	565	\N			2010-06-11 14:49:04.421	\N	\N
805	37	63		D	542	\N			2010-06-11 14:49:14.76	\N	\N
806	37	63		D	544	\N			2010-06-11 14:49:21.643	\N	\N
807	28	64		D	379	\N			2010-06-11 14:49:32.103	\N	\N
808	28	64		D	377	\N			2010-06-11 14:49:39.695	\N	\N
809	28	64		D	565	\N			2010-06-11 14:49:49.073	\N	\N
810	28	64		D	544	\N			2010-06-11 14:49:56.101	\N	\N
811	28	64		D	542	\N			2010-06-11 14:50:07.762	\N	\N
501	23	6		D	542	\N			2010-11-01 16:07:33.22	\N	\N
815	95	39		D	740	\N			2010-11-17 09:21:35.829	\N	\N
659	95	39		D	741	\N			2010-11-17 09:24:32.908	\N	\N
816	95	39		D	564	\N			2010-11-17 09:28:17.693	\N	\N
819	141	\N		A		\N			2010-12-21 15:54:50.116	\N	\N
820	154	\N		A		\N			2010-12-21 15:56:16.165	\N	\N
821	155	\N		A		\N			2010-12-21 15:56:32.913	\N	\N
822	156	\N		A		\N			2010-12-21 15:56:47.106	\N	\N
823	157	\N		A		\N			2010-12-21 15:56:58.756	\N	\N
824	158	\N		A		\N			2010-12-21 15:57:07.638	\N	\N
825	159	\N		A		\N			2010-12-21 15:57:16.153	\N	\N
826	171	\N		A		\N			2010-12-21 15:57:32.438	\N	\N
827	172	\N		A		\N			2010-12-21 15:58:09.938	\N	\N
828	33	\N		A		\N			2010-12-21 15:58:34.261	\N	\N
829	179	\N		A		\N			2010-12-21 15:59:09.035	\N	\N
830	172	\N		A		\N			2010-12-21 15:59:18.466	\N	\N
832	180	\N		A		\N			2010-12-21 16:00:00.343	\N	\N
834	208	\N		D	542	\N			2011-01-04 10:41:21.465	\N	\N
837	173	\N		D	542	\N			2011-01-04 10:46:06.124	\N	\N
838	173	\N		D	544	\N			2011-01-04 10:46:14.326	\N	\N
839	173	\N		D	565	\N			2011-01-04 10:46:23.922	\N	\N
840	181	\N		A		\N			2011-01-04 11:27:59.972	\N	\N
841	182	\N		A		\N			2011-01-04 11:29:25.688	\N	\N
842	183	\N		A		\N			2011-01-04 11:33:27.576	\N	\N
843	184	\N		A		\N			2011-01-04 11:34:26.821	\N	\N
844	185	\N		A		\N			2011-01-04 11:36:27.341	\N	\N
845	186	\N		A		\N			2011-01-04 11:45:32.29	\N	\N
846	187	\N		A		\N			2011-01-04 11:47:25.628	\N	\N
847	188	\N		A		\N			2011-01-04 11:49:53.93	\N	\N
869	143	\N		D	544	\N			2011-01-13 17:06:51.492	\N	\N
849	138	\N		D	505	\N			2011-01-13 16:41:08.92	\N	\N
850	138	\N		D	762	\N			2011-01-13 16:41:19.675	\N	\N
851	138	\N		D	503	\N			2011-01-13 16:41:34.143	\N	\N
852	138	\N		D	761	\N			2011-01-13 16:41:46.074	\N	\N
853	138	\N		D	504	\N			2011-01-13 16:41:57.438	\N	\N
854	138	\N		D	760	\N			2011-01-13 16:42:10.393	\N	\N
855	138	\N		D	500	\N			2011-01-13 16:42:19.468	\N	\N
856	74	\N		D	762	\N			2011-01-13 16:43:50.84	\N	\N
857	74	\N		D	761	\N			2011-01-13 16:44:02.249	\N	\N
858	74	\N		D	760	\N			2011-01-13 16:44:51.96	\N	\N
864	142	\N		D	544	\N			2011-01-13 17:04:13.371	\N	\N
865	142	\N		D	512	\N			2011-01-13 17:04:25.783	\N	\N
866	142	\N		D	513	\N			2011-01-13 17:04:35.225	\N	\N
867	142	\N		D	514	\N			2011-01-13 17:05:12.381	\N	\N
868	142	\N		D	516	\N			2011-01-13 17:05:24.069	\N	\N
870	143	\N		D	512	\N			2011-01-13 17:06:58.991	\N	\N
871	143	\N		D	513	\N			2011-01-13 17:07:10.87	\N	\N
872	143	\N		D	514	\N			2011-01-13 17:07:19.879	\N	\N
873	143	\N		D	516	\N			2011-01-13 17:07:28.252	\N	\N
874	144	\N		D	544	\N			2011-01-13 17:07:38.949	\N	\N
875	144	\N		D	512	\N			2011-01-13 17:07:45.813	\N	\N
876	144	\N		D	513	\N			2011-01-13 17:08:20.62	\N	\N
877	144	\N		D	514	\N			2011-01-13 17:08:28.04	\N	\N
878	144	\N		D	516	\N			2011-01-13 17:08:34.799	\N	\N
879	145	\N		D	544	\N			2011-01-13 17:09:02.914	\N	\N
880	145	\N		D	512	\N			2011-01-13 17:09:08.934	\N	\N
881	145	\N		D	513	\N			2011-01-13 17:09:19.488	\N	\N
882	145	\N		D	514	\N			2011-01-13 17:09:25.46	\N	\N
883	145	\N		D	516	\N			2011-01-13 17:09:33.229	\N	\N
884	146	\N		D	744	\N			2011-01-13 17:10:39.287	\N	\N
863	140	\N		M	514	\N			2011-01-28 14:39:59.746	\N	\N
859	140	\N		M	743	\N			2011-01-28 14:40:07.662	\N	\N
861	140	\N		M	512	\N			2011-01-28 14:40:17.906	\N	\N
862	140	\N		M	513	\N			2011-01-28 14:40:26.303	\N	\N
860	140	\N		M	744	\N			2011-01-28 14:40:35.904	\N	\N
848	147	\N		D	564	\N			2011-01-28 14:46:54.915	\N	\N
812	36	\N		N		\N			2011-02-14 14:04:40.705	\N	\N
835	208	\N		D	62	\N			2011-02-14 14:16:23.112	\N	\N
814	36	\N		N		\N			2011-02-14 14:05:04.552	\N	\N
813	36	\N		N		\N			2011-02-14 14:05:08.865	\N	\N
836	177	\N		D	62	\N			2011-02-14 14:35:45.726	\N	\N
885	146	\N		D	743	\N			2011-01-13 17:10:47.954	\N	\N
886	146	\N		D	512	\N			2011-01-13 17:11:02.846	\N	\N
887	146	\N		D	513	\N			2011-01-13 17:11:10.754	\N	\N
888	146	\N		D	514	\N			2011-01-13 17:11:18.112	\N	\N
889	146	\N		D	515	\N			2011-01-13 17:11:26.636	\N	\N
890	150	\N		A		\N			2011-01-14 13:58:40.946	\N	\N
891	87	\N		M	564	\N			2011-01-28 14:12:36.852	\N	\N
892	83	\N		D	564	\N			2011-01-28 14:15:55.187	\N	\N
893	86	\N		D	564	\N			2011-01-28 14:16:15.021	\N	\N
894	85	\N		D	564	\N			2011-01-28 14:16:37.716	\N	\N
895	88	\N		D	564	\N			2011-01-28 14:17:01.467	\N	\N
896	91	\N		M	783	\N			2011-01-28 14:21:45.346	\N	\N
897	91	\N		M	780	\N			2011-01-28 14:21:57.811	\N	\N
898	91	\N		M	564	\N			2011-01-28 14:22:08.945	\N	\N
899	89	\N		M	564	\N			2011-01-28 14:25:04.527	\N	\N
831	93	\N		M	785	\N			2011-01-28 14:29:26.621	\N	\N
900	93	\N		M	786	\N			2011-01-28 14:30:24.639	\N	\N
901	76	\N		D	564	\N			2011-01-28 14:31:42.668	\N	\N
902	77	\N		M	564	\N			2011-01-28 14:33:16.749	\N	\N
903	77	\N		M	560	\N			2011-01-28 14:33:31.098	\N	\N
904	81	\N		D	564	\N			2011-01-28 14:36:38.332	\N	\N
905	84	\N		D	543	\N			2011-01-28 14:36:56.42	\N	\N
906	84	\N		D	541	\N			2011-01-28 14:37:06.867	\N	\N
907	84	\N		D	564	\N			2011-01-28 14:37:15.023	\N	\N
908	147	\N		D	743	\N			2011-01-28 14:47:26.142	\N	\N
909	147	\N		D	744	\N			2011-01-28 14:47:39.647	\N	\N
910	213	\N	\N	D	377	0	\N	\N	2011-02-02 11:55:53.383208	\N	\N
911	213	\N	\N	D	379	0	\N	\N	2011-02-02 11:55:53.383208	\N	\N
912	128	\N	\N	D	377	0	\N	\N	2011-02-02 11:55:53.383208	\N	\N
913	128	\N	\N	D	379	0	\N	\N	2011-02-02 11:55:53.383208	\N	\N
914	215	\N		A		\N			2011-02-03 14:03:22.209	\N	\N
915	214	\N		D	743	\N			2011-02-03 14:05:43.742	\N	\N
916	214	\N		D	744	\N			2011-02-03 14:05:53.712	\N	\N
919	153	\N		D	542	\N			2011-02-03 16:47:00.793	\N	\N
920	153	\N		D	544	\N			2011-02-03 16:47:11.377	\N	\N
921	221	\N		D	62	\N			2011-02-11 15:50:51.802	\N	\N
922	221	\N		D	63	\N			2011-02-11 15:52:17.001	\N	\N
923	175	\N		D	62	\N			2011-02-11 16:09:06.395	\N	\N
924	176	\N		D	63	\N			2011-02-11 16:09:23.119	\N	\N
925	175	\N		D	63	\N			2011-02-11 16:10:08.625	\N	\N
926	176	\N		D	62	\N			2011-02-11 16:10:16.143	\N	\N
927	178	\N		D	62	\N			2011-02-11 16:58:37.464	\N	\N
928	178	\N		D	63	\N			2011-02-11 16:58:47.431	\N	\N
929	222	\N		D	62	\N			2011-02-11 17:01:48.887	\N	\N
930	222	\N		D	63	\N			2011-02-11 17:02:02.556	\N	\N
931	133	\N		D	62	\N			2011-02-14 11:24:44.774	\N	\N
932	133	\N		D	63	\N			2011-02-14 11:27:28.079	\N	\N
933	132	\N		D	62	\N			2011-02-14 11:35:53.73	\N	\N
934	132	\N		D	63	\N			2011-02-14 11:36:02.063	\N	\N
935	174	\N		D	62	\N			2011-02-14 14:02:47.038	\N	\N
936	174	\N		D	63	\N			2011-02-14 14:02:53.971	\N	\N
937	39	\N		D	62	\N			2011-02-14 14:10:50.692	\N	\N
938	39	\N		D	63	\N			2011-02-14 14:11:00.179	\N	\N
939	30	\N		D	62	\N			2011-02-14 14:13:33.598	\N	\N
940	30	\N		D	63	\N			2011-02-14 14:13:40.566	\N	\N
941	127	\N		D	62	\N			2011-02-14 14:15:19.052	\N	\N
942	127	\N		D	63	\N			2011-02-14 14:15:24.598	\N	\N
943	26	\N		D	62	\N			2011-02-14 14:33:12.571	\N	\N
944	26	\N		D	63	\N			2011-02-14 14:33:23.474	\N	\N
945	177	\N		D	63	\N			2011-02-14 14:35:18.653	\N	\N
946	177	\N		D	94	\N			2011-02-14 14:38:33.622	\N	\N
948	177	\N		D	379	\N			2011-02-14 14:40:52.379	\N	\N
947	177	\N		D	377	\N			2011-02-14 14:41:05.979	\N	\N
949	209	\N		D	62	\N			2011-02-14 14:42:59.571	\N	\N
950	209	\N		D	63	\N			2011-02-14 14:43:12.071	\N	\N
951	224	\N		D	62	\N			2011-02-14 14:52:48.151	\N	\N
952	224	\N		D	63	\N			2011-02-14 14:52:55.751	\N	\N
953	225	\N		D	63	\N			2011-02-14 14:53:07.484	\N	\N
954	225	\N		D	62	\N			2011-02-14 14:53:31.752	\N	\N
955	226	\N		D	62	\N			2011-02-14 14:59:39.106	\N	\N
956	226	\N		D	63	\N			2011-02-14 14:59:45.818	\N	\N
957	226	\N		D	94	\N			2011-02-14 14:59:54.546	\N	\N
958	234	\N		D	62	\N			2011-02-14 16:09:53.516	\N	\N
959	234	\N		D	63	\N			2011-02-14 16:10:00.763	\N	\N
\.


--
-- Data for Name: test_section; Type: TABLE DATA; Schema: clinlims; Owner: clinlims
--

COPY test_section (id, name, description, org_id, is_external, lastupdated, parent_test_section, display_key) FROM stdin;
57	Bacteria	Bacteria logbook	3	N	2009-02-12 16:49:59.468	\N	\N
58	Parasitology	Parasitology logbook	3	N	2009-02-12 16:50:45.078	\N	\N
60	ECBU	ECBU logbook	3	N	2009-02-12 16:51:58.875	\N	\N
61	VCT	VCT logbook	3	N	2009-02-12 16:52:31.906	\N	\N
36	Hematology	Hematology logbook	3	N	2009-02-12 16:52:58.437	\N	\N
76	Virologie	Virologie	3	N	2010-01-12 11:54:36.75	\N	\N
59	Immunology	Immuno-Serology logbook	3	N	2009-02-12 16:51:30.203	\N	\N
56	Biochemistry	Chem logbook	3	N	2009-07-23 12:57:40.365	\N	\N
\.


--
-- Data for Name: test_trailer; Type: TABLE DATA; Schema: clinlims; Owner: clinlims
--

COPY test_trailer (id, name, description, text, lastupdated) FROM stdin;
8	Diane Test	Diane Test	Diane Test	2006-09-28 09:14:04.334
12	test trailer	test trailer	this is test trailer comment	2006-09-27 09:09:24.34
13	CULTP	Culture in Progress	Smear prepared from concentrated specimen. Culture testing in progress. A separate report will be sent to you when complete.	2006-11-08 11:32:47.789
14	WARNP	WARNING: PCR results are FOR RESEARCH	WARNING: PCR results are FOR RESEARCH USE ONLY and should not be used for diagnosis of disease. Patient management decisions must be based on appropriate findings by a physician and the clinical condition of the patient.	2007-02-05 09:09:21.726
15	XML Test	This is test_trailer description <!field: source of comment	This is test_trailer text field. <It! is the actual comment	2008-05-01 21:36:26.312
1	RESEARCH	RESEARCH	This test is for research use only.	2007-05-07 14:38:55.661
\.


--
-- Data for Name: test_worksheet_item; Type: TABLE DATA; Schema: clinlims; Owner: clinlims
--

COPY test_worksheet_item (id, tw_id, qc_id, "position", cell_type) FROM stdin;
\.


--
-- Data for Name: test_worksheets; Type: TABLE DATA; Schema: clinlims; Owner: clinlims
--

COPY test_worksheets (id, test_id, batch_capacity, total_capacity, number_format) FROM stdin;
\.


--
-- Data for Name: type_of_provider; Type: TABLE DATA; Schema: clinlims; Owner: clinlims
--

COPY type_of_provider (id, description, tp_code) FROM stdin;
\.


--
-- Data for Name: type_of_sample; Type: TABLE DATA; Schema: clinlims; Owner: clinlims
--

COPY type_of_sample (id, description, domain, lastupdated, local_abbrev, display_key) FROM stdin;
7	Crachat	H	2009-07-22 12:58:39.799	CRACHAT	sample.type.spit
12	LCR	H	2009-07-22 12:57:54.223	LCR	sample.type.cfs
19	Liquide Amniotique	H	2009-07-22 13:17:59.16	LIQU AMNIO	sample.type.ambionic.fluid
17	Liquide Ascite	H	2009-07-22 13:17:05.296	LIQU ASCIT	sample.type.ascite.fluid
20	Liquide Pleural	H	2009-07-22 13:18:19.355	LIQU PLEUR	sample.type.pleural.fluid
18	Liquide Synovial	H	2009-07-22 13:17:26.832	LIQU SYNO	sample.type.synovial.fluid
3	Plasma	H	2009-07-22 12:58:52.737	PLASMA	sample.type.plasma
11	Pus	H	2009-07-22 12:57:12.087	PUS	sample.type.pus
13	Salive	H	2009-07-22 12:58:17.343	SALIVE	sample.type.saliva
2	Sang	H	2009-07-22 12:21:47.171	SANG	sample.type.blood
9	Secretion Urethrale	H	2009-07-22 12:41:51.013	SECR URETH	sample.type.urethral
10	Secretion Vaginale	H	2009-07-22 12:42:16.673	SECR VAG	sample.type.vaginal
6	Selles	H	2009-07-22 12:59:05.258	SELLES	sample.type.stool
4	Serum	H	2009-07-22 12:59:18.492	SERUM	sample.type.serum
5	Urine	H	2009-07-22 12:59:26.947	URINE	sample.type.urine
22	Serum/Urine Concentre du Matin	H	2010-11-17 10:02:00.075	SERUM/URI	\N
24	Pus/Culture	H	2010-11-17 10:03:31.62	PUS/CULT	\N
25	Culot Urinaire	H	2010-11-17 10:20:03.43	CULOT URIN	\N
\.


--
-- Data for Name: type_of_test_result; Type: TABLE DATA; Schema: clinlims; Owner: clinlims
--

COPY type_of_test_result (id, test_result_type, description, lastupdated, hl7_value) FROM stdin;
2	D	Dictionary	2006-11-08 11:40:58.824	TX
3	T	Titer	2006-03-29 11:53:15	TX
4	N	Numeric	2006-03-29 11:53:21	NM
1	R	Remark	2010-10-28 06:12:41.971687	TX
5	A	Alpha,no range check	2010-10-28 06:13:53.177655	TX
6	M	Multiselect	2011-01-06 10:57:15.79331	TX
\.


--
-- Data for Name: unit_of_measure; Type: TABLE DATA; Schema: clinlims; Owner: clinlims
--

COPY unit_of_measure (id, name, description, lastupdated) FROM stdin;
1	ppl	ppl	2008-05-01 21:13:14.164
5	%	%	2009-04-16 17:00:28.769
7	mm3	mm3	2009-04-16 17:00:49.371
6	ppm	ppm	2009-04-16 17:00:57.823
9	mlU/ml	mlU/ml	2009-07-29 17:23:59.219
10	u/L	u/L	2009-07-29 17:24:14.382
11	ug/dL	ug/dL	2009-07-29 17:24:30.403
19	cp/mL	cp/mL	2009-07-29 17:59:54.673
12	g/dl	g/dl	2009-07-29 18:00:11.255
8	mg/dl	mg/dl	2009-07-29 18:00:40.864
13	million/uL	million/uL	2009-07-29 18:01:27.914
17	mns	mns	2009-07-29 18:01:50.581
16	pg	pg	2009-07-29 18:01:59.005
20	ui/ml	ui/ml	2009-07-30 11:27:36.658
21	mU/ml	mU/ml	2009-07-30 11:34:52.814
22	mm/h	mm/h	2009-07-30 12:13:36.267
15	K/mm^3	K/mm^3	2009-07-30 12:27:35.83
18	micron^3	microns^3	2009-07-30 12:27:53.517
14	mille/mm^3	mille/mm^3	2009-07-30 12:29:11.549
23	Vol%	Vol%	2009-08-02 17:00:51.909
24	million/mm^3	million/mm^3	2009-08-02 17:10:58.106
25	g/l	g/l	2011-01-04 14:21:42.926
26	Ul/l	UI/l	2011-01-04 14:35:10.508
27	mg/l	mg/l	2011-01-13 16:13:28.43
28	ug/l	ug/l	2011-02-03 16:15:48.253
\.


--
-- Data for Name: user_alert_map; Type: TABLE DATA; Schema: clinlims; Owner: clinlims
--

COPY user_alert_map (user_id, alert_id, report_id, alert_limit, alert_operator, map_id) FROM stdin;
\.


--
-- Data for Name: user_group_map; Type: TABLE DATA; Schema: clinlims; Owner: clinlims
--

COPY user_group_map (user_id, group_id, map_id) FROM stdin;
1	1120	0
241	1121	0
\.


--
-- Data for Name: user_security; Type: TABLE DATA; Schema: clinlims; Owner: clinlims
--

COPY user_security (user_id, role_name) FROM stdin;
1	ROOT_ADMIN_ROLE
1	LOG_VIEWER_ROLE
1	UPLOAD_ROLE
1	GROUP_ADMIN_ROLE
1	DATASOURCE_ADMIN_ROLE
1	CHART_ADMIN_ROLE
1	REPORT_ADMIN_ROLE
1	ADVANCED_SCHEDULER_ROLE
1	PARAMETER_ADMIN_ROLE
1	SCHEDULER_ROLE
1	ROOT_ADMIN_ROLE
1	LOG_VIEWER_ROLE
1	UPLOAD_ROLE
1	GROUP_ADMIN_ROLE
1	DATASOURCE_ADMIN_ROLE
1	CHART_ADMIN_ROLE
1	REPORT_ADMIN_ROLE
1	ADVANCED_SCHEDULER_ROLE
1	PARAMETER_ADMIN_ROLE
1	SCHEDULER_ROLE
1	ROOT_ADMIN_ROLE
1	LOG_VIEWER_ROLE
1	UPLOAD_ROLE
1	GROUP_ADMIN_ROLE
1	DATASOURCE_ADMIN_ROLE
1	CHART_ADMIN_ROLE
1	REPORT_ADMIN_ROLE
1	ADVANCED_SCHEDULER_ROLE
1	PARAMETER_ADMIN_ROLE
1	SCHEDULER_ROLE
1	ROOT_ADMIN_ROLE
1	LOG_VIEWER_ROLE
1	UPLOAD_ROLE
1	GROUP_ADMIN_ROLE
1	DATASOURCE_ADMIN_ROLE
1	CHART_ADMIN_ROLE
1	REPORT_ADMIN_ROLE
1	ADVANCED_SCHEDULER_ROLE
1	PARAMETER_ADMIN_ROLE
1	SCHEDULER_ROLE
1	ROOT_ADMIN_ROLE
1	LOG_VIEWER_ROLE
1	UPLOAD_ROLE
1	GROUP_ADMIN_ROLE
1	DATASOURCE_ADMIN_ROLE
1	CHART_ADMIN_ROLE
1	REPORT_ADMIN_ROLE
1	ADVANCED_SCHEDULER_ROLE
1	PARAMETER_ADMIN_ROLE
1	SCHEDULER_ROLE
1	ROOT_ADMIN_ROLE
1	LOG_VIEWER_ROLE
1	UPLOAD_ROLE
1	GROUP_ADMIN_ROLE
1	DATASOURCE_ADMIN_ROLE
1	CHART_ADMIN_ROLE
1	REPORT_ADMIN_ROLE
1	ADVANCED_SCHEDULER_ROLE
1	PARAMETER_ADMIN_ROLE
1	SCHEDULER_ROLE
\.


--
-- Data for Name: worksheet_analysis; Type: TABLE DATA; Schema: clinlims; Owner: clinlims
--

COPY worksheet_analysis (id, reference_type, reference_id, worksheet_item_id) FROM stdin;
\.


--
-- Data for Name: worksheet_analyte; Type: TABLE DATA; Schema: clinlims; Owner: clinlims
--

COPY worksheet_analyte (id, wrkst_anls_id, sort_order, result_id) FROM stdin;
\.


--
-- Data for Name: worksheet_heading; Type: TABLE DATA; Schema: clinlims; Owner: clinlims
--

COPY worksheet_heading (id, worksheet_name, rownumber, column1, column2, column3, column4, column5, column6, column7, column8, column9, column10, type) FROM stdin;
1	TB	1	Micro Result	Culture Result	Report Date	\N	\N	\N	\N	\N	\N	\N	RESULT
2	GC	1	12 HOUR	24 HOUR	48 HOUR	\N	\N	\N	\N	\N	\N	\N	RESULT
9	US FTA	7	\N	\N	\N	\N	PBS	.	.	.	-	.	QC
10	US FTA	8	\N	\N	\N	\N	Sorbent	.	.	.	-	.	QC
8	US FTA	6	PBS	.	.	.	Nonspecific Control / Sorbent	.	.	.	-	.	QC
11	US FTA	1	    USR     Repeat Quant	   FTA      Current Run	    FTA     Previous Runs	   FTA         Final	  TPPA       Result	Comments	\N	\N	\N	\N	RESULT
26	US FTA	1	TEST	TESTing	\N	\N	\N	\N	\N	\N	\N	\N	ANALYTE
7	US FTA	5	.	.	.	.	Nonspecific Control/ PBS	.	.	.	>2+	.	QC
6	US FTA	4	FITCconjugate Working Dilution:	.	.	.	Minimally Reactive Control	.	.	.	1+	.	QC
5	US FTA	3	Sorbent	.	.	.	Reactive Control / Sorbent	.	.	.	3-4+	.	QC
4	US FTA	2	T Palladium antigen	.	.	.	Reactive Control/PBS	.	.	.	4+	.	QC
3	US FTA	1	Reagent	Source	Lot	Expire Date	Reagent	Source	Lot	Expires	Expect	Actual	QC
25	F	23	KNO3	RT incubation	.	.	\N	\N	\N	\N	\N	\N	ANALYTE
24	F	22	dulcitol	chlamydospores	.	.	\N	\N	\N	\N	\N	\N	ANALYTE
23	F	21	melibiose	ascospores	NO3	.	\N	\N	\N	\N	\N	\N	ANALYTE
22	F	20	trehalose	pigment	gelatin	.	\N	\N	\N	\N	\N	\N	ANALYTE
21	F	19	xylose	germ tubes	urea	probe (histo)	\N	\N	\N	\N	\N	\N	ANALYTE
20	F	18	inositol	urea	T4	probe (blasto)	\N	\N	\N	\N	\N	\N	ANALYTE
19	F	17	raffinose	OTHER TESTS	T3	probe (cocci)	\N	\N	\N	\N	\N	\N	ANALYTE
18	F	16	cellobiose	galactose	T2	PROBE TESTS	\N	\N	\N	\N	\N	\N	ANALYTE
17	F	15	galactose	trehalose	T1	.	\N	\N	\N	\N	\N	\N	ANALYTE
16	F	14	lactose	lactose	37 degrees	lysozyme	\N	\N	\N	\N	\N	\N	ANALYTE
15	F	13	sucrose	sucrose	RT incubation	xanthine	\N	\N	\N	\N	\N	\N	ANALYTE
14	F	12	maltose	maltose	sabs without CH	tyrosine	\N	\N	\N	\N	\N	\N	ANALYTE
13	F	11	dextrose	dextrose	sabs with CH	casein	\N	\N	\N	\N	\N	\N	ANALYTE
12	F	10	ASSIMILATIONS	FERMENTATIONS	FILAMENTOUS	ACTINOMYCETES	\N	\N	\N	\N	\N	\N	ANALYTE
62	US VDRL	1	QL	QN:2	4	8	16	32	64	128	256	Final	RESULT
93	US USR	15	Titer	.	.	.	.	.	.	.	\N	\N	QC
96	US FTA	10	\N	\N	\N	\N	TPPA - control	.	.	.	-	.	QC
95	US FTA	9	\N	\N	\N	\N	TPPA + control	.	.	.	+	.	QC
49	US USR	11	CONTROLS	SOURCE	LOT	EXPIRE DATE	RESULTS Qualitative Expect	RESULTS Qualitative  Actual	RESULTS Quantitative Expect	RESULTS Quantitative Actual	\N	\N	QC
48	US USR	10	Rotation of Slides	178-182	__________	rotations/min	\N	\N	\N	\N	\N	\N	QC
47	US USR	9	Temp of Lab	23-29	__________	degrees C	\N	\N	\N	\N	\N	\N	QC
46	US USR	6	Sterile DI H20	MDH	.	.	\N	\N	\N	\N	\N	\N	QC
45	US USR	8	USR working antigen	MDH	.	.	\N	\N	\N	\N	\N	\N	QC
44	US USR	5	Phosphate Buffer	MDH	.	.	\N	\N	\N	\N	\N	\N	QC
43	US USR	4	EDTA	MDH	.	.	\N	\N	\N	\N	\N	\N	QC
42	US USR	3	Choline Chloride	MDH	.	.	\N	\N	\N	\N	\N	\N	QC
41	US USR	2	VDRL Antigen Kit	Difco	.	.	\N	\N	\N	\N	\N	\N	QC
40	US USR	1	REAGENT	SOURCE	LOT	EXPIRE DATE	\N	\N	\N	\N	\N	\N	QC
52	US USR	14	NC	Difco	.	.	NR	.	.	.	\N	\N	QC
51	US USR	13	LPC	Difco	.	.	WR	.	.	.	\N	\N	QC
50	US USR	12	HPC	Difco	.	.	R	.	.	.	\N	\N	QC
55	HSV TYPING	3	Expiration Date:	________________	Negative Cells:	Lot _____________	\N	\N	\N	\N	\N	\N	QC
54	HSV TYPING	2	Lot:	________________	HSV2 Positive Cells:	Lot _____________	\N	\N	\N	\N	\N	\N	QC
53	HSV TYPING	1	HSV1 / HSV2 Typing Kit:	________________	HSV1 Positive Cells:	Lot _____________	\N	\N	\N	\N	\N	\N	QC
57	HSV TYPING	2	HSV-1 PC	.	.	.	.	.	.	.	\N	\N	RESULT
58	HSV TYPING	3	HSV-1 nc	.	.	.	.	.	.	.	\N	\N	RESULT
60	HSV TYPING	5	HSV-2 nc	.	.	.	.	.	.	.	\N	\N	RESULT
59	HSV TYPING	4	HSV-2 PC	.	.	.	.	.	.	.	\N	\N	RESULT
74	MICRO	6	Pigment	Mannitol	Casein	Gelatin	\N	\N	\N	\N	\N	\N	ANALYTE
73	MICRO	5	Hemolysis	Maltose	Trehalose	Litmus Milk	\N	\N	\N	\N	\N	\N	ANALYTE
72	MICRO	4	O2 Relation	Sucrose	Sorbose	Ornithine	\N	\N	\N	\N	\N	\N	ANALYTE
92	STREP	11	\N	\N	\N	\N	PFGE	\N	\N	\N	\N	\N	ANALYTE
35	US VDRL	8	Rotation of Slides	.	178 - 182	__________	rotation/min	\N	\N	\N	\N	\N	QC
34	US VDRL	7	Temp of Lab	.	23 - 29	__________	degrees C	\N	\N	\N	\N	\N	QC
36	US VDRL	9	CONTROLS	SOURCE	LOT	EXPIRE DATE	RESULT Qualitative Expect	RESULT Qualitative  Actual	RESULT Quantitative Expect	RESULT Quantitative Actual	\N	\N	QC
56	HSV TYPING	1	Specimen ID	Received Date	Source	Pass	HSV1	HSV2	Comments	Mailer	\N	\N	RESULT
27	VI	1	Comments	Results	Interpretation	\N	\N	\N	\N	\N	\N	\N	RESULT
32	US VDRL	5	VDRL working antigen	.	.	.	\N	\N	\N	\N	\N	\N	QC
31	US VDRL	4	10% Saline	.	.	.	\N	\N	\N	\N	\N	\N	QC
30	US VDRL	3	Kahn Saline 0.9%	.	.	.	\N	\N	\N	\N	\N	\N	QC
29	US VDRL	2	VDRL Antigen Kit	Difco	.	.	\N	\N	\N	\N	\N	\N	QC
28	US VDRL	1	REAGENT	SOURCE	LOT	EXPIRE DATE	\N	\N	\N	\N	\N	\N	QC
38	US VDRL	11	LPC	Difco	.	.	WR	.	.	.	\N	\N	QC
37	US VDRL	10	HPC	Difco	.	.	R	.	.	.	\N	\N	QC
39	US VDRL	12	NC	Difco	.	.	NR	.	.	.	\N	\N	QC
61	US USR	1	QL	QN: 2	4	8	16	32	64	128	256	Final	RESULT
68	STREP	6	Factors	PFGE	\N	Catalase	Lact	\N	\N	\N	\N	\N	ANALYTE
67	STREP	5	Group	Latex	Latex	Kilian	Suc	\N	\N	\N	\N	\N	ANALYTE
66	STREP	4	Typing pool	PYR	Hipp	Satellites	Malt	\N	\N	\N	\N	\N	ANALYTE
65	STREP	3	Bile sol	A disc	Camp	X+V	Dex	\N	\N	\N	\N	\N	ANALYTE
64	STREP	2	P disc	GmSt	GmSt	GmSt	GmSt	\N	\N	\N	\N	\N	ANALYTE
63	STREP	1	Strep pneumo	Group A Strep	Group B Strep	H Influenzae	N. meningitidis	\N	\N	\N	\N	\N	ANALYTE
70	MICRO	3	Spores	Lactose	Sorbitol	Arginine	\N	\N	\N	\N	\N	\N	ANALYTE
69	MICRO	2	42	Glucose	Salicin	Lysine	\N	\N	\N	\N	\N	\N	ANALYTE
71	MICRO	1	Colony morphology	.	Gram morphology	.	\N	\N	\N	\N	\N	\N	ANALYTE
79	MICRO	11	MacConkey	Fructose	Motility	Pyruvate	\N	\N	\N	\N	\N	\N	ANALYTE
78	MICRO	10	Serology	Inulin	.	6.5% salt	\N	\N	\N	\N	\N	\N	ANALYTE
77	MICRO	9	Satellites	Cellibiose	Alk Phos	Bile Esculin	\N	\N	\N	\N	\N	\N	ANALYTE
76	MICRO	8	Kilian test	Arabinose	PZA	Esculin	\N	\N	\N	\N	\N	\N	ANALYTE
75	MICRO	7	X+V Req	Xylose	Starch	Cetrimide	\N	\N	\N	\N	\N	\N	ANALYTE
87	MICRO	19	Lecthinase	Ribose	Phenylalanine	.	\N	\N	\N	\N	\N	\N	ANALYTE
86	MICRO	18	Lipase	Rhamnose	Acetate	FREEZE	\N	\N	\N	\N	\N	\N	ANALYTE
85	MICRO	17	.	Raffinose	Citrate	PFGE	\N	\N	\N	\N	\N	\N	ANALYTE
84	MICRO	16	Optochin	MMP	MR         VP	LAP         PYR	\N	\N	\N	\N	\N	\N	ANALYTE
83	MICRO	15	Camp	Melibiose	Indol	Erythromycin	\N	\N	\N	\N	\N	\N	ANALYTE
82	MICRO	14	Bacitracin	Mannose	Nitite	Vancomycin	\N	\N	\N	\N	\N	\N	ANALYTE
81	MICRO	13	Catalase	Glycerol	Nitrate	Coagulase	\N	\N	\N	\N	\N	\N	ANALYTE
80	MICRO	12	Oxidase	Galactose	Urease	MGP	\N	\N	\N	\N	\N	\N	ANALYTE
91	STREP	10	\N	\N	\N	\N	Serology	\N	\N	\N	\N	\N	ANALYTE
90	STREP	9	\N	\N	\N	\N	TM	\N	\N	\N	\N	\N	ANALYTE
89	STREP	8	\N	\N	\N	Serology	Oxidase	\N	\N	\N	\N	\N	ANALYTE
88	STREP	7	\N	\N	\N	Oxidase	Catalase	\N	\N	\N	\N	\N	ANALYTE
94	US USR	7	Kahn's solution	MDH	.	.	\N	\N	\N	\N	\N	\N	QC
1	TB	1	Micro Result	Culture Result	Report Date	\N	\N	\N	\N	\N	\N	\N	RESULT
2	GC	1	12 HOUR	24 HOUR	48 HOUR	\N	\N	\N	\N	\N	\N	\N	RESULT
9	US FTA	7	\N	\N	\N	\N	PBS	.	.	.	-	.	QC
10	US FTA	8	\N	\N	\N	\N	Sorbent	.	.	.	-	.	QC
8	US FTA	6	PBS	.	.	.	Nonspecific Control / Sorbent	.	.	.	-	.	QC
11	US FTA	1	    USR     Repeat Quant	   FTA      Current Run	    FTA     Previous Runs	   FTA         Final	  TPPA       Result	Comments	\N	\N	\N	\N	RESULT
26	US FTA	1	TEST	TESTing	\N	\N	\N	\N	\N	\N	\N	\N	ANALYTE
7	US FTA	5	.	.	.	.	Nonspecific Control/ PBS	.	.	.	>2+	.	QC
6	US FTA	4	FITCconjugate Working Dilution:	.	.	.	Minimally Reactive Control	.	.	.	1+	.	QC
5	US FTA	3	Sorbent	.	.	.	Reactive Control / Sorbent	.	.	.	3-4+	.	QC
4	US FTA	2	T Palladium antigen	.	.	.	Reactive Control/PBS	.	.	.	4+	.	QC
3	US FTA	1	Reagent	Source	Lot	Expire Date	Reagent	Source	Lot	Expires	Expect	Actual	QC
25	F	23	KNO3	RT incubation	.	.	\N	\N	\N	\N	\N	\N	ANALYTE
24	F	22	dulcitol	chlamydospores	.	.	\N	\N	\N	\N	\N	\N	ANALYTE
23	F	21	melibiose	ascospores	NO3	.	\N	\N	\N	\N	\N	\N	ANALYTE
22	F	20	trehalose	pigment	gelatin	.	\N	\N	\N	\N	\N	\N	ANALYTE
21	F	19	xylose	germ tubes	urea	probe (histo)	\N	\N	\N	\N	\N	\N	ANALYTE
20	F	18	inositol	urea	T4	probe (blasto)	\N	\N	\N	\N	\N	\N	ANALYTE
19	F	17	raffinose	OTHER TESTS	T3	probe (cocci)	\N	\N	\N	\N	\N	\N	ANALYTE
18	F	16	cellobiose	galactose	T2	PROBE TESTS	\N	\N	\N	\N	\N	\N	ANALYTE
17	F	15	galactose	trehalose	T1	.	\N	\N	\N	\N	\N	\N	ANALYTE
16	F	14	lactose	lactose	37 degrees	lysozyme	\N	\N	\N	\N	\N	\N	ANALYTE
15	F	13	sucrose	sucrose	RT incubation	xanthine	\N	\N	\N	\N	\N	\N	ANALYTE
14	F	12	maltose	maltose	sabs without CH	tyrosine	\N	\N	\N	\N	\N	\N	ANALYTE
13	F	11	dextrose	dextrose	sabs with CH	casein	\N	\N	\N	\N	\N	\N	ANALYTE
12	F	10	ASSIMILATIONS	FERMENTATIONS	FILAMENTOUS	ACTINOMYCETES	\N	\N	\N	\N	\N	\N	ANALYTE
62	US VDRL	1	QL	QN:2	4	8	16	32	64	128	256	Final	RESULT
93	US USR	15	Titer	.	.	.	.	.	.	.	\N	\N	QC
96	US FTA	10	\N	\N	\N	\N	TPPA - control	.	.	.	-	.	QC
95	US FTA	9	\N	\N	\N	\N	TPPA + control	.	.	.	+	.	QC
49	US USR	11	CONTROLS	SOURCE	LOT	EXPIRE DATE	RESULTS Qualitative Expect	RESULTS Qualitative  Actual	RESULTS Quantitative Expect	RESULTS Quantitative Actual	\N	\N	QC
48	US USR	10	Rotation of Slides	178-182	__________	rotations/min	\N	\N	\N	\N	\N	\N	QC
47	US USR	9	Temp of Lab	23-29	__________	degrees C	\N	\N	\N	\N	\N	\N	QC
46	US USR	6	Sterile DI H20	MDH	.	.	\N	\N	\N	\N	\N	\N	QC
45	US USR	8	USR working antigen	MDH	.	.	\N	\N	\N	\N	\N	\N	QC
44	US USR	5	Phosphate Buffer	MDH	.	.	\N	\N	\N	\N	\N	\N	QC
43	US USR	4	EDTA	MDH	.	.	\N	\N	\N	\N	\N	\N	QC
42	US USR	3	Choline Chloride	MDH	.	.	\N	\N	\N	\N	\N	\N	QC
41	US USR	2	VDRL Antigen Kit	Difco	.	.	\N	\N	\N	\N	\N	\N	QC
40	US USR	1	REAGENT	SOURCE	LOT	EXPIRE DATE	\N	\N	\N	\N	\N	\N	QC
52	US USR	14	NC	Difco	.	.	NR	.	.	.	\N	\N	QC
51	US USR	13	LPC	Difco	.	.	WR	.	.	.	\N	\N	QC
50	US USR	12	HPC	Difco	.	.	R	.	.	.	\N	\N	QC
55	HSV TYPING	3	Expiration Date:	________________	Negative Cells:	Lot _____________	\N	\N	\N	\N	\N	\N	QC
54	HSV TYPING	2	Lot:	________________	HSV2 Positive Cells:	Lot _____________	\N	\N	\N	\N	\N	\N	QC
53	HSV TYPING	1	HSV1 / HSV2 Typing Kit:	________________	HSV1 Positive Cells:	Lot _____________	\N	\N	\N	\N	\N	\N	QC
57	HSV TYPING	2	HSV-1 PC	.	.	.	.	.	.	.	\N	\N	RESULT
58	HSV TYPING	3	HSV-1 nc	.	.	.	.	.	.	.	\N	\N	RESULT
60	HSV TYPING	5	HSV-2 nc	.	.	.	.	.	.	.	\N	\N	RESULT
59	HSV TYPING	4	HSV-2 PC	.	.	.	.	.	.	.	\N	\N	RESULT
74	MICRO	6	Pigment	Mannitol	Casein	Gelatin	\N	\N	\N	\N	\N	\N	ANALYTE
73	MICRO	5	Hemolysis	Maltose	Trehalose	Litmus Milk	\N	\N	\N	\N	\N	\N	ANALYTE
72	MICRO	4	O2 Relation	Sucrose	Sorbose	Ornithine	\N	\N	\N	\N	\N	\N	ANALYTE
92	STREP	11	\N	\N	\N	\N	PFGE	\N	\N	\N	\N	\N	ANALYTE
35	US VDRL	8	Rotation of Slides	.	178 - 182	__________	rotation/min	\N	\N	\N	\N	\N	QC
34	US VDRL	7	Temp of Lab	.	23 - 29	__________	degrees C	\N	\N	\N	\N	\N	QC
36	US VDRL	9	CONTROLS	SOURCE	LOT	EXPIRE DATE	RESULT Qualitative Expect	RESULT Qualitative  Actual	RESULT Quantitative Expect	RESULT Quantitative Actual	\N	\N	QC
56	HSV TYPING	1	Specimen ID	Received Date	Source	Pass	HSV1	HSV2	Comments	Mailer	\N	\N	RESULT
27	VI	1	Comments	Results	Interpretation	\N	\N	\N	\N	\N	\N	\N	RESULT
32	US VDRL	5	VDRL working antigen	.	.	.	\N	\N	\N	\N	\N	\N	QC
31	US VDRL	4	10% Saline	.	.	.	\N	\N	\N	\N	\N	\N	QC
30	US VDRL	3	Kahn Saline 0.9%	.	.	.	\N	\N	\N	\N	\N	\N	QC
29	US VDRL	2	VDRL Antigen Kit	Difco	.	.	\N	\N	\N	\N	\N	\N	QC
28	US VDRL	1	REAGENT	SOURCE	LOT	EXPIRE DATE	\N	\N	\N	\N	\N	\N	QC
38	US VDRL	11	LPC	Difco	.	.	WR	.	.	.	\N	\N	QC
37	US VDRL	10	HPC	Difco	.	.	R	.	.	.	\N	\N	QC
39	US VDRL	12	NC	Difco	.	.	NR	.	.	.	\N	\N	QC
61	US USR	1	QL	QN: 2	4	8	16	32	64	128	256	Final	RESULT
68	STREP	6	Factors	PFGE	\N	Catalase	Lact	\N	\N	\N	\N	\N	ANALYTE
67	STREP	5	Group	Latex	Latex	Kilian	Suc	\N	\N	\N	\N	\N	ANALYTE
66	STREP	4	Typing pool	PYR	Hipp	Satellites	Malt	\N	\N	\N	\N	\N	ANALYTE
65	STREP	3	Bile sol	A disc	Camp	X+V	Dex	\N	\N	\N	\N	\N	ANALYTE
64	STREP	2	P disc	GmSt	GmSt	GmSt	GmSt	\N	\N	\N	\N	\N	ANALYTE
63	STREP	1	Strep pneumo	Group A Strep	Group B Strep	H Influenzae	N. meningitidis	\N	\N	\N	\N	\N	ANALYTE
70	MICRO	3	Spores	Lactose	Sorbitol	Arginine	\N	\N	\N	\N	\N	\N	ANALYTE
69	MICRO	2	42	Glucose	Salicin	Lysine	\N	\N	\N	\N	\N	\N	ANALYTE
71	MICRO	1	Colony morphology	.	Gram morphology	.	\N	\N	\N	\N	\N	\N	ANALYTE
79	MICRO	11	MacConkey	Fructose	Motility	Pyruvate	\N	\N	\N	\N	\N	\N	ANALYTE
78	MICRO	10	Serology	Inulin	.	6.5% salt	\N	\N	\N	\N	\N	\N	ANALYTE
77	MICRO	9	Satellites	Cellibiose	Alk Phos	Bile Esculin	\N	\N	\N	\N	\N	\N	ANALYTE
76	MICRO	8	Kilian test	Arabinose	PZA	Esculin	\N	\N	\N	\N	\N	\N	ANALYTE
75	MICRO	7	X+V Req	Xylose	Starch	Cetrimide	\N	\N	\N	\N	\N	\N	ANALYTE
87	MICRO	19	Lecthinase	Ribose	Phenylalanine	.	\N	\N	\N	\N	\N	\N	ANALYTE
86	MICRO	18	Lipase	Rhamnose	Acetate	FREEZE	\N	\N	\N	\N	\N	\N	ANALYTE
85	MICRO	17	.	Raffinose	Citrate	PFGE	\N	\N	\N	\N	\N	\N	ANALYTE
84	MICRO	16	Optochin	MMP	MR         VP	LAP         PYR	\N	\N	\N	\N	\N	\N	ANALYTE
83	MICRO	15	Camp	Melibiose	Indol	Erythromycin	\N	\N	\N	\N	\N	\N	ANALYTE
82	MICRO	14	Bacitracin	Mannose	Nitite	Vancomycin	\N	\N	\N	\N	\N	\N	ANALYTE
81	MICRO	13	Catalase	Glycerol	Nitrate	Coagulase	\N	\N	\N	\N	\N	\N	ANALYTE
80	MICRO	12	Oxidase	Galactose	Urease	MGP	\N	\N	\N	\N	\N	\N	ANALYTE
91	STREP	10	\N	\N	\N	\N	Serology	\N	\N	\N	\N	\N	ANALYTE
90	STREP	9	\N	\N	\N	\N	TM	\N	\N	\N	\N	\N	ANALYTE
89	STREP	8	\N	\N	\N	Serology	Oxidase	\N	\N	\N	\N	\N	ANALYTE
88	STREP	7	\N	\N	\N	Oxidase	Catalase	\N	\N	\N	\N	\N	ANALYTE
94	US USR	7	Kahn's solution	MDH	.	.	\N	\N	\N	\N	\N	\N	QC
1	TB	1	Micro Result	Culture Result	Report Date	\N	\N	\N	\N	\N	\N	\N	RESULT
2	GC	1	12 HOUR	24 HOUR	48 HOUR	\N	\N	\N	\N	\N	\N	\N	RESULT
9	US FTA	7	\N	\N	\N	\N	PBS	.	.	.	-	.	QC
10	US FTA	8	\N	\N	\N	\N	Sorbent	.	.	.	-	.	QC
8	US FTA	6	PBS	.	.	.	Nonspecific Control / Sorbent	.	.	.	-	.	QC
11	US FTA	1	    USR     Repeat Quant	   FTA      Current Run	    FTA     Previous Runs	   FTA         Final	  TPPA       Result	Comments	\N	\N	\N	\N	RESULT
26	US FTA	1	TEST	TESTing	\N	\N	\N	\N	\N	\N	\N	\N	ANALYTE
7	US FTA	5	.	.	.	.	Nonspecific Control/ PBS	.	.	.	>2+	.	QC
6	US FTA	4	FITCconjugate Working Dilution:	.	.	.	Minimally Reactive Control	.	.	.	1+	.	QC
5	US FTA	3	Sorbent	.	.	.	Reactive Control / Sorbent	.	.	.	3-4+	.	QC
4	US FTA	2	T Palladium antigen	.	.	.	Reactive Control/PBS	.	.	.	4+	.	QC
3	US FTA	1	Reagent	Source	Lot	Expire Date	Reagent	Source	Lot	Expires	Expect	Actual	QC
25	F	23	KNO3	RT incubation	.	.	\N	\N	\N	\N	\N	\N	ANALYTE
24	F	22	dulcitol	chlamydospores	.	.	\N	\N	\N	\N	\N	\N	ANALYTE
23	F	21	melibiose	ascospores	NO3	.	\N	\N	\N	\N	\N	\N	ANALYTE
22	F	20	trehalose	pigment	gelatin	.	\N	\N	\N	\N	\N	\N	ANALYTE
21	F	19	xylose	germ tubes	urea	probe (histo)	\N	\N	\N	\N	\N	\N	ANALYTE
20	F	18	inositol	urea	T4	probe (blasto)	\N	\N	\N	\N	\N	\N	ANALYTE
19	F	17	raffinose	OTHER TESTS	T3	probe (cocci)	\N	\N	\N	\N	\N	\N	ANALYTE
18	F	16	cellobiose	galactose	T2	PROBE TESTS	\N	\N	\N	\N	\N	\N	ANALYTE
17	F	15	galactose	trehalose	T1	.	\N	\N	\N	\N	\N	\N	ANALYTE
16	F	14	lactose	lactose	37 degrees	lysozyme	\N	\N	\N	\N	\N	\N	ANALYTE
15	F	13	sucrose	sucrose	RT incubation	xanthine	\N	\N	\N	\N	\N	\N	ANALYTE
14	F	12	maltose	maltose	sabs without CH	tyrosine	\N	\N	\N	\N	\N	\N	ANALYTE
13	F	11	dextrose	dextrose	sabs with CH	casein	\N	\N	\N	\N	\N	\N	ANALYTE
12	F	10	ASSIMILATIONS	FERMENTATIONS	FILAMENTOUS	ACTINOMYCETES	\N	\N	\N	\N	\N	\N	ANALYTE
62	US VDRL	1	QL	QN:2	4	8	16	32	64	128	256	Final	RESULT
93	US USR	15	Titer	.	.	.	.	.	.	.	\N	\N	QC
96	US FTA	10	\N	\N	\N	\N	TPPA - control	.	.	.	-	.	QC
95	US FTA	9	\N	\N	\N	\N	TPPA + control	.	.	.	+	.	QC
49	US USR	11	CONTROLS	SOURCE	LOT	EXPIRE DATE	RESULTS Qualitative Expect	RESULTS Qualitative  Actual	RESULTS Quantitative Expect	RESULTS Quantitative Actual	\N	\N	QC
48	US USR	10	Rotation of Slides	178-182	__________	rotations/min	\N	\N	\N	\N	\N	\N	QC
47	US USR	9	Temp of Lab	23-29	__________	degrees C	\N	\N	\N	\N	\N	\N	QC
46	US USR	6	Sterile DI H20	MDH	.	.	\N	\N	\N	\N	\N	\N	QC
45	US USR	8	USR working antigen	MDH	.	.	\N	\N	\N	\N	\N	\N	QC
44	US USR	5	Phosphate Buffer	MDH	.	.	\N	\N	\N	\N	\N	\N	QC
43	US USR	4	EDTA	MDH	.	.	\N	\N	\N	\N	\N	\N	QC
42	US USR	3	Choline Chloride	MDH	.	.	\N	\N	\N	\N	\N	\N	QC
41	US USR	2	VDRL Antigen Kit	Difco	.	.	\N	\N	\N	\N	\N	\N	QC
40	US USR	1	REAGENT	SOURCE	LOT	EXPIRE DATE	\N	\N	\N	\N	\N	\N	QC
52	US USR	14	NC	Difco	.	.	NR	.	.	.	\N	\N	QC
51	US USR	13	LPC	Difco	.	.	WR	.	.	.	\N	\N	QC
50	US USR	12	HPC	Difco	.	.	R	.	.	.	\N	\N	QC
55	HSV TYPING	3	Expiration Date:	________________	Negative Cells:	Lot _____________	\N	\N	\N	\N	\N	\N	QC
54	HSV TYPING	2	Lot:	________________	HSV2 Positive Cells:	Lot _____________	\N	\N	\N	\N	\N	\N	QC
53	HSV TYPING	1	HSV1 / HSV2 Typing Kit:	________________	HSV1 Positive Cells:	Lot _____________	\N	\N	\N	\N	\N	\N	QC
57	HSV TYPING	2	HSV-1 PC	.	.	.	.	.	.	.	\N	\N	RESULT
58	HSV TYPING	3	HSV-1 nc	.	.	.	.	.	.	.	\N	\N	RESULT
60	HSV TYPING	5	HSV-2 nc	.	.	.	.	.	.	.	\N	\N	RESULT
59	HSV TYPING	4	HSV-2 PC	.	.	.	.	.	.	.	\N	\N	RESULT
74	MICRO	6	Pigment	Mannitol	Casein	Gelatin	\N	\N	\N	\N	\N	\N	ANALYTE
73	MICRO	5	Hemolysis	Maltose	Trehalose	Litmus Milk	\N	\N	\N	\N	\N	\N	ANALYTE
72	MICRO	4	O2 Relation	Sucrose	Sorbose	Ornithine	\N	\N	\N	\N	\N	\N	ANALYTE
92	STREP	11	\N	\N	\N	\N	PFGE	\N	\N	\N	\N	\N	ANALYTE
35	US VDRL	8	Rotation of Slides	.	178 - 182	__________	rotation/min	\N	\N	\N	\N	\N	QC
34	US VDRL	7	Temp of Lab	.	23 - 29	__________	degrees C	\N	\N	\N	\N	\N	QC
36	US VDRL	9	CONTROLS	SOURCE	LOT	EXPIRE DATE	RESULT Qualitative Expect	RESULT Qualitative  Actual	RESULT Quantitative Expect	RESULT Quantitative Actual	\N	\N	QC
56	HSV TYPING	1	Specimen ID	Received Date	Source	Pass	HSV1	HSV2	Comments	Mailer	\N	\N	RESULT
27	VI	1	Comments	Results	Interpretation	\N	\N	\N	\N	\N	\N	\N	RESULT
32	US VDRL	5	VDRL working antigen	.	.	.	\N	\N	\N	\N	\N	\N	QC
31	US VDRL	4	10% Saline	.	.	.	\N	\N	\N	\N	\N	\N	QC
30	US VDRL	3	Kahn Saline 0.9%	.	.	.	\N	\N	\N	\N	\N	\N	QC
29	US VDRL	2	VDRL Antigen Kit	Difco	.	.	\N	\N	\N	\N	\N	\N	QC
28	US VDRL	1	REAGENT	SOURCE	LOT	EXPIRE DATE	\N	\N	\N	\N	\N	\N	QC
38	US VDRL	11	LPC	Difco	.	.	WR	.	.	.	\N	\N	QC
37	US VDRL	10	HPC	Difco	.	.	R	.	.	.	\N	\N	QC
39	US VDRL	12	NC	Difco	.	.	NR	.	.	.	\N	\N	QC
61	US USR	1	QL	QN: 2	4	8	16	32	64	128	256	Final	RESULT
68	STREP	6	Factors	PFGE	\N	Catalase	Lact	\N	\N	\N	\N	\N	ANALYTE
67	STREP	5	Group	Latex	Latex	Kilian	Suc	\N	\N	\N	\N	\N	ANALYTE
66	STREP	4	Typing pool	PYR	Hipp	Satellites	Malt	\N	\N	\N	\N	\N	ANALYTE
65	STREP	3	Bile sol	A disc	Camp	X+V	Dex	\N	\N	\N	\N	\N	ANALYTE
64	STREP	2	P disc	GmSt	GmSt	GmSt	GmSt	\N	\N	\N	\N	\N	ANALYTE
63	STREP	1	Strep pneumo	Group A Strep	Group B Strep	H Influenzae	N. meningitidis	\N	\N	\N	\N	\N	ANALYTE
70	MICRO	3	Spores	Lactose	Sorbitol	Arginine	\N	\N	\N	\N	\N	\N	ANALYTE
69	MICRO	2	42	Glucose	Salicin	Lysine	\N	\N	\N	\N	\N	\N	ANALYTE
71	MICRO	1	Colony morphology	.	Gram morphology	.	\N	\N	\N	\N	\N	\N	ANALYTE
79	MICRO	11	MacConkey	Fructose	Motility	Pyruvate	\N	\N	\N	\N	\N	\N	ANALYTE
78	MICRO	10	Serology	Inulin	.	6.5% salt	\N	\N	\N	\N	\N	\N	ANALYTE
77	MICRO	9	Satellites	Cellibiose	Alk Phos	Bile Esculin	\N	\N	\N	\N	\N	\N	ANALYTE
76	MICRO	8	Kilian test	Arabinose	PZA	Esculin	\N	\N	\N	\N	\N	\N	ANALYTE
75	MICRO	7	X+V Req	Xylose	Starch	Cetrimide	\N	\N	\N	\N	\N	\N	ANALYTE
87	MICRO	19	Lecthinase	Ribose	Phenylalanine	.	\N	\N	\N	\N	\N	\N	ANALYTE
86	MICRO	18	Lipase	Rhamnose	Acetate	FREEZE	\N	\N	\N	\N	\N	\N	ANALYTE
85	MICRO	17	.	Raffinose	Citrate	PFGE	\N	\N	\N	\N	\N	\N	ANALYTE
84	MICRO	16	Optochin	MMP	MR         VP	LAP         PYR	\N	\N	\N	\N	\N	\N	ANALYTE
83	MICRO	15	Camp	Melibiose	Indol	Erythromycin	\N	\N	\N	\N	\N	\N	ANALYTE
82	MICRO	14	Bacitracin	Mannose	Nitite	Vancomycin	\N	\N	\N	\N	\N	\N	ANALYTE
81	MICRO	13	Catalase	Glycerol	Nitrate	Coagulase	\N	\N	\N	\N	\N	\N	ANALYTE
80	MICRO	12	Oxidase	Galactose	Urease	MGP	\N	\N	\N	\N	\N	\N	ANALYTE
91	STREP	10	\N	\N	\N	\N	Serology	\N	\N	\N	\N	\N	ANALYTE
90	STREP	9	\N	\N	\N	\N	TM	\N	\N	\N	\N	\N	ANALYTE
89	STREP	8	\N	\N	\N	Serology	Oxidase	\N	\N	\N	\N	\N	ANALYTE
88	STREP	7	\N	\N	\N	Oxidase	Catalase	\N	\N	\N	\N	\N	ANALYTE
94	US USR	7	Kahn's solution	MDH	.	.	\N	\N	\N	\N	\N	\N	QC
1	TB	1	Micro Result	Culture Result	Report Date	\N	\N	\N	\N	\N	\N	\N	RESULT
2	GC	1	12 HOUR	24 HOUR	48 HOUR	\N	\N	\N	\N	\N	\N	\N	RESULT
9	US FTA	7	\N	\N	\N	\N	PBS	.	.	.	-	.	QC
10	US FTA	8	\N	\N	\N	\N	Sorbent	.	.	.	-	.	QC
8	US FTA	6	PBS	.	.	.	Nonspecific Control / Sorbent	.	.	.	-	.	QC
11	US FTA	1	    USR     Repeat Quant	   FTA      Current Run	    FTA     Previous Runs	   FTA         Final	  TPPA       Result	Comments	\N	\N	\N	\N	RESULT
26	US FTA	1	TEST	TESTing	\N	\N	\N	\N	\N	\N	\N	\N	ANALYTE
7	US FTA	5	.	.	.	.	Nonspecific Control/ PBS	.	.	.	>2+	.	QC
6	US FTA	4	FITCconjugate Working Dilution:	.	.	.	Minimally Reactive Control	.	.	.	1+	.	QC
5	US FTA	3	Sorbent	.	.	.	Reactive Control / Sorbent	.	.	.	3-4+	.	QC
4	US FTA	2	T Palladium antigen	.	.	.	Reactive Control/PBS	.	.	.	4+	.	QC
3	US FTA	1	Reagent	Source	Lot	Expire Date	Reagent	Source	Lot	Expires	Expect	Actual	QC
25	F	23	KNO3	RT incubation	.	.	\N	\N	\N	\N	\N	\N	ANALYTE
24	F	22	dulcitol	chlamydospores	.	.	\N	\N	\N	\N	\N	\N	ANALYTE
23	F	21	melibiose	ascospores	NO3	.	\N	\N	\N	\N	\N	\N	ANALYTE
22	F	20	trehalose	pigment	gelatin	.	\N	\N	\N	\N	\N	\N	ANALYTE
21	F	19	xylose	germ tubes	urea	probe (histo)	\N	\N	\N	\N	\N	\N	ANALYTE
20	F	18	inositol	urea	T4	probe (blasto)	\N	\N	\N	\N	\N	\N	ANALYTE
19	F	17	raffinose	OTHER TESTS	T3	probe (cocci)	\N	\N	\N	\N	\N	\N	ANALYTE
18	F	16	cellobiose	galactose	T2	PROBE TESTS	\N	\N	\N	\N	\N	\N	ANALYTE
17	F	15	galactose	trehalose	T1	.	\N	\N	\N	\N	\N	\N	ANALYTE
16	F	14	lactose	lactose	37 degrees	lysozyme	\N	\N	\N	\N	\N	\N	ANALYTE
15	F	13	sucrose	sucrose	RT incubation	xanthine	\N	\N	\N	\N	\N	\N	ANALYTE
14	F	12	maltose	maltose	sabs without CH	tyrosine	\N	\N	\N	\N	\N	\N	ANALYTE
13	F	11	dextrose	dextrose	sabs with CH	casein	\N	\N	\N	\N	\N	\N	ANALYTE
12	F	10	ASSIMILATIONS	FERMENTATIONS	FILAMENTOUS	ACTINOMYCETES	\N	\N	\N	\N	\N	\N	ANALYTE
62	US VDRL	1	QL	QN:2	4	8	16	32	64	128	256	Final	RESULT
93	US USR	15	Titer	.	.	.	.	.	.	.	\N	\N	QC
96	US FTA	10	\N	\N	\N	\N	TPPA - control	.	.	.	-	.	QC
95	US FTA	9	\N	\N	\N	\N	TPPA + control	.	.	.	+	.	QC
49	US USR	11	CONTROLS	SOURCE	LOT	EXPIRE DATE	RESULTS Qualitative Expect	RESULTS Qualitative  Actual	RESULTS Quantitative Expect	RESULTS Quantitative Actual	\N	\N	QC
48	US USR	10	Rotation of Slides	178-182	__________	rotations/min	\N	\N	\N	\N	\N	\N	QC
47	US USR	9	Temp of Lab	23-29	__________	degrees C	\N	\N	\N	\N	\N	\N	QC
46	US USR	6	Sterile DI H20	MDH	.	.	\N	\N	\N	\N	\N	\N	QC
45	US USR	8	USR working antigen	MDH	.	.	\N	\N	\N	\N	\N	\N	QC
44	US USR	5	Phosphate Buffer	MDH	.	.	\N	\N	\N	\N	\N	\N	QC
43	US USR	4	EDTA	MDH	.	.	\N	\N	\N	\N	\N	\N	QC
42	US USR	3	Choline Chloride	MDH	.	.	\N	\N	\N	\N	\N	\N	QC
41	US USR	2	VDRL Antigen Kit	Difco	.	.	\N	\N	\N	\N	\N	\N	QC
40	US USR	1	REAGENT	SOURCE	LOT	EXPIRE DATE	\N	\N	\N	\N	\N	\N	QC
52	US USR	14	NC	Difco	.	.	NR	.	.	.	\N	\N	QC
51	US USR	13	LPC	Difco	.	.	WR	.	.	.	\N	\N	QC
50	US USR	12	HPC	Difco	.	.	R	.	.	.	\N	\N	QC
55	HSV TYPING	3	Expiration Date:	________________	Negative Cells:	Lot _____________	\N	\N	\N	\N	\N	\N	QC
54	HSV TYPING	2	Lot:	________________	HSV2 Positive Cells:	Lot _____________	\N	\N	\N	\N	\N	\N	QC
53	HSV TYPING	1	HSV1 / HSV2 Typing Kit:	________________	HSV1 Positive Cells:	Lot _____________	\N	\N	\N	\N	\N	\N	QC
57	HSV TYPING	2	HSV-1 PC	.	.	.	.	.	.	.	\N	\N	RESULT
58	HSV TYPING	3	HSV-1 nc	.	.	.	.	.	.	.	\N	\N	RESULT
60	HSV TYPING	5	HSV-2 nc	.	.	.	.	.	.	.	\N	\N	RESULT
59	HSV TYPING	4	HSV-2 PC	.	.	.	.	.	.	.	\N	\N	RESULT
74	MICRO	6	Pigment	Mannitol	Casein	Gelatin	\N	\N	\N	\N	\N	\N	ANALYTE
73	MICRO	5	Hemolysis	Maltose	Trehalose	Litmus Milk	\N	\N	\N	\N	\N	\N	ANALYTE
72	MICRO	4	O2 Relation	Sucrose	Sorbose	Ornithine	\N	\N	\N	\N	\N	\N	ANALYTE
92	STREP	11	\N	\N	\N	\N	PFGE	\N	\N	\N	\N	\N	ANALYTE
35	US VDRL	8	Rotation of Slides	.	178 - 182	__________	rotation/min	\N	\N	\N	\N	\N	QC
34	US VDRL	7	Temp of Lab	.	23 - 29	__________	degrees C	\N	\N	\N	\N	\N	QC
36	US VDRL	9	CONTROLS	SOURCE	LOT	EXPIRE DATE	RESULT Qualitative Expect	RESULT Qualitative  Actual	RESULT Quantitative Expect	RESULT Quantitative Actual	\N	\N	QC
56	HSV TYPING	1	Specimen ID	Received Date	Source	Pass	HSV1	HSV2	Comments	Mailer	\N	\N	RESULT
27	VI	1	Comments	Results	Interpretation	\N	\N	\N	\N	\N	\N	\N	RESULT
32	US VDRL	5	VDRL working antigen	.	.	.	\N	\N	\N	\N	\N	\N	QC
31	US VDRL	4	10% Saline	.	.	.	\N	\N	\N	\N	\N	\N	QC
30	US VDRL	3	Kahn Saline 0.9%	.	.	.	\N	\N	\N	\N	\N	\N	QC
29	US VDRL	2	VDRL Antigen Kit	Difco	.	.	\N	\N	\N	\N	\N	\N	QC
28	US VDRL	1	REAGENT	SOURCE	LOT	EXPIRE DATE	\N	\N	\N	\N	\N	\N	QC
38	US VDRL	11	LPC	Difco	.	.	WR	.	.	.	\N	\N	QC
37	US VDRL	10	HPC	Difco	.	.	R	.	.	.	\N	\N	QC
39	US VDRL	12	NC	Difco	.	.	NR	.	.	.	\N	\N	QC
61	US USR	1	QL	QN: 2	4	8	16	32	64	128	256	Final	RESULT
68	STREP	6	Factors	PFGE	\N	Catalase	Lact	\N	\N	\N	\N	\N	ANALYTE
67	STREP	5	Group	Latex	Latex	Kilian	Suc	\N	\N	\N	\N	\N	ANALYTE
66	STREP	4	Typing pool	PYR	Hipp	Satellites	Malt	\N	\N	\N	\N	\N	ANALYTE
65	STREP	3	Bile sol	A disc	Camp	X+V	Dex	\N	\N	\N	\N	\N	ANALYTE
64	STREP	2	P disc	GmSt	GmSt	GmSt	GmSt	\N	\N	\N	\N	\N	ANALYTE
63	STREP	1	Strep pneumo	Group A Strep	Group B Strep	H Influenzae	N. meningitidis	\N	\N	\N	\N	\N	ANALYTE
70	MICRO	3	Spores	Lactose	Sorbitol	Arginine	\N	\N	\N	\N	\N	\N	ANALYTE
69	MICRO	2	42	Glucose	Salicin	Lysine	\N	\N	\N	\N	\N	\N	ANALYTE
71	MICRO	1	Colony morphology	.	Gram morphology	.	\N	\N	\N	\N	\N	\N	ANALYTE
79	MICRO	11	MacConkey	Fructose	Motility	Pyruvate	\N	\N	\N	\N	\N	\N	ANALYTE
78	MICRO	10	Serology	Inulin	.	6.5% salt	\N	\N	\N	\N	\N	\N	ANALYTE
77	MICRO	9	Satellites	Cellibiose	Alk Phos	Bile Esculin	\N	\N	\N	\N	\N	\N	ANALYTE
76	MICRO	8	Kilian test	Arabinose	PZA	Esculin	\N	\N	\N	\N	\N	\N	ANALYTE
75	MICRO	7	X+V Req	Xylose	Starch	Cetrimide	\N	\N	\N	\N	\N	\N	ANALYTE
87	MICRO	19	Lecthinase	Ribose	Phenylalanine	.	\N	\N	\N	\N	\N	\N	ANALYTE
86	MICRO	18	Lipase	Rhamnose	Acetate	FREEZE	\N	\N	\N	\N	\N	\N	ANALYTE
85	MICRO	17	.	Raffinose	Citrate	PFGE	\N	\N	\N	\N	\N	\N	ANALYTE
84	MICRO	16	Optochin	MMP	MR         VP	LAP         PYR	\N	\N	\N	\N	\N	\N	ANALYTE
83	MICRO	15	Camp	Melibiose	Indol	Erythromycin	\N	\N	\N	\N	\N	\N	ANALYTE
82	MICRO	14	Bacitracin	Mannose	Nitite	Vancomycin	\N	\N	\N	\N	\N	\N	ANALYTE
81	MICRO	13	Catalase	Glycerol	Nitrate	Coagulase	\N	\N	\N	\N	\N	\N	ANALYTE
80	MICRO	12	Oxidase	Galactose	Urease	MGP	\N	\N	\N	\N	\N	\N	ANALYTE
91	STREP	10	\N	\N	\N	\N	Serology	\N	\N	\N	\N	\N	ANALYTE
90	STREP	9	\N	\N	\N	\N	TM	\N	\N	\N	\N	\N	ANALYTE
89	STREP	8	\N	\N	\N	Serology	Oxidase	\N	\N	\N	\N	\N	ANALYTE
88	STREP	7	\N	\N	\N	Oxidase	Catalase	\N	\N	\N	\N	\N	ANALYTE
94	US USR	7	Kahn's solution	MDH	.	.	\N	\N	\N	\N	\N	\N	QC
1	TB	1	Micro Result	Culture Result	Report Date	\N	\N	\N	\N	\N	\N	\N	RESULT
2	GC	1	12 HOUR	24 HOUR	48 HOUR	\N	\N	\N	\N	\N	\N	\N	RESULT
9	US FTA	7	\N	\N	\N	\N	PBS	.	.	.	-	.	QC
10	US FTA	8	\N	\N	\N	\N	Sorbent	.	.	.	-	.	QC
8	US FTA	6	PBS	.	.	.	Nonspecific Control / Sorbent	.	.	.	-	.	QC
11	US FTA	1	    USR     Repeat Quant	   FTA      Current Run	    FTA     Previous Runs	   FTA         Final	  TPPA       Result	Comments	\N	\N	\N	\N	RESULT
26	US FTA	1	TEST	TESTing	\N	\N	\N	\N	\N	\N	\N	\N	ANALYTE
7	US FTA	5	.	.	.	.	Nonspecific Control/ PBS	.	.	.	>2+	.	QC
6	US FTA	4	FITCconjugate Working Dilution:	.	.	.	Minimally Reactive Control	.	.	.	1+	.	QC
5	US FTA	3	Sorbent	.	.	.	Reactive Control / Sorbent	.	.	.	3-4+	.	QC
4	US FTA	2	T Palladium antigen	.	.	.	Reactive Control/PBS	.	.	.	4+	.	QC
3	US FTA	1	Reagent	Source	Lot	Expire Date	Reagent	Source	Lot	Expires	Expect	Actual	QC
25	F	23	KNO3	RT incubation	.	.	\N	\N	\N	\N	\N	\N	ANALYTE
24	F	22	dulcitol	chlamydospores	.	.	\N	\N	\N	\N	\N	\N	ANALYTE
23	F	21	melibiose	ascospores	NO3	.	\N	\N	\N	\N	\N	\N	ANALYTE
22	F	20	trehalose	pigment	gelatin	.	\N	\N	\N	\N	\N	\N	ANALYTE
21	F	19	xylose	germ tubes	urea	probe (histo)	\N	\N	\N	\N	\N	\N	ANALYTE
20	F	18	inositol	urea	T4	probe (blasto)	\N	\N	\N	\N	\N	\N	ANALYTE
19	F	17	raffinose	OTHER TESTS	T3	probe (cocci)	\N	\N	\N	\N	\N	\N	ANALYTE
18	F	16	cellobiose	galactose	T2	PROBE TESTS	\N	\N	\N	\N	\N	\N	ANALYTE
17	F	15	galactose	trehalose	T1	.	\N	\N	\N	\N	\N	\N	ANALYTE
16	F	14	lactose	lactose	37 degrees	lysozyme	\N	\N	\N	\N	\N	\N	ANALYTE
15	F	13	sucrose	sucrose	RT incubation	xanthine	\N	\N	\N	\N	\N	\N	ANALYTE
14	F	12	maltose	maltose	sabs without CH	tyrosine	\N	\N	\N	\N	\N	\N	ANALYTE
13	F	11	dextrose	dextrose	sabs with CH	casein	\N	\N	\N	\N	\N	\N	ANALYTE
12	F	10	ASSIMILATIONS	FERMENTATIONS	FILAMENTOUS	ACTINOMYCETES	\N	\N	\N	\N	\N	\N	ANALYTE
62	US VDRL	1	QL	QN:2	4	8	16	32	64	128	256	Final	RESULT
93	US USR	15	Titer	.	.	.	.	.	.	.	\N	\N	QC
96	US FTA	10	\N	\N	\N	\N	TPPA - control	.	.	.	-	.	QC
95	US FTA	9	\N	\N	\N	\N	TPPA + control	.	.	.	+	.	QC
49	US USR	11	CONTROLS	SOURCE	LOT	EXPIRE DATE	RESULTS Qualitative Expect	RESULTS Qualitative  Actual	RESULTS Quantitative Expect	RESULTS Quantitative Actual	\N	\N	QC
48	US USR	10	Rotation of Slides	178-182	__________	rotations/min	\N	\N	\N	\N	\N	\N	QC
47	US USR	9	Temp of Lab	23-29	__________	degrees C	\N	\N	\N	\N	\N	\N	QC
46	US USR	6	Sterile DI H20	MDH	.	.	\N	\N	\N	\N	\N	\N	QC
45	US USR	8	USR working antigen	MDH	.	.	\N	\N	\N	\N	\N	\N	QC
44	US USR	5	Phosphate Buffer	MDH	.	.	\N	\N	\N	\N	\N	\N	QC
43	US USR	4	EDTA	MDH	.	.	\N	\N	\N	\N	\N	\N	QC
42	US USR	3	Choline Chloride	MDH	.	.	\N	\N	\N	\N	\N	\N	QC
41	US USR	2	VDRL Antigen Kit	Difco	.	.	\N	\N	\N	\N	\N	\N	QC
40	US USR	1	REAGENT	SOURCE	LOT	EXPIRE DATE	\N	\N	\N	\N	\N	\N	QC
52	US USR	14	NC	Difco	.	.	NR	.	.	.	\N	\N	QC
51	US USR	13	LPC	Difco	.	.	WR	.	.	.	\N	\N	QC
50	US USR	12	HPC	Difco	.	.	R	.	.	.	\N	\N	QC
55	HSV TYPING	3	Expiration Date:	________________	Negative Cells:	Lot _____________	\N	\N	\N	\N	\N	\N	QC
54	HSV TYPING	2	Lot:	________________	HSV2 Positive Cells:	Lot _____________	\N	\N	\N	\N	\N	\N	QC
53	HSV TYPING	1	HSV1 / HSV2 Typing Kit:	________________	HSV1 Positive Cells:	Lot _____________	\N	\N	\N	\N	\N	\N	QC
57	HSV TYPING	2	HSV-1 PC	.	.	.	.	.	.	.	\N	\N	RESULT
58	HSV TYPING	3	HSV-1 nc	.	.	.	.	.	.	.	\N	\N	RESULT
60	HSV TYPING	5	HSV-2 nc	.	.	.	.	.	.	.	\N	\N	RESULT
59	HSV TYPING	4	HSV-2 PC	.	.	.	.	.	.	.	\N	\N	RESULT
74	MICRO	6	Pigment	Mannitol	Casein	Gelatin	\N	\N	\N	\N	\N	\N	ANALYTE
73	MICRO	5	Hemolysis	Maltose	Trehalose	Litmus Milk	\N	\N	\N	\N	\N	\N	ANALYTE
72	MICRO	4	O2 Relation	Sucrose	Sorbose	Ornithine	\N	\N	\N	\N	\N	\N	ANALYTE
92	STREP	11	\N	\N	\N	\N	PFGE	\N	\N	\N	\N	\N	ANALYTE
35	US VDRL	8	Rotation of Slides	.	178 - 182	__________	rotation/min	\N	\N	\N	\N	\N	QC
34	US VDRL	7	Temp of Lab	.	23 - 29	__________	degrees C	\N	\N	\N	\N	\N	QC
36	US VDRL	9	CONTROLS	SOURCE	LOT	EXPIRE DATE	RESULT Qualitative Expect	RESULT Qualitative  Actual	RESULT Quantitative Expect	RESULT Quantitative Actual	\N	\N	QC
56	HSV TYPING	1	Specimen ID	Received Date	Source	Pass	HSV1	HSV2	Comments	Mailer	\N	\N	RESULT
27	VI	1	Comments	Results	Interpretation	\N	\N	\N	\N	\N	\N	\N	RESULT
32	US VDRL	5	VDRL working antigen	.	.	.	\N	\N	\N	\N	\N	\N	QC
31	US VDRL	4	10% Saline	.	.	.	\N	\N	\N	\N	\N	\N	QC
30	US VDRL	3	Kahn Saline 0.9%	.	.	.	\N	\N	\N	\N	\N	\N	QC
29	US VDRL	2	VDRL Antigen Kit	Difco	.	.	\N	\N	\N	\N	\N	\N	QC
28	US VDRL	1	REAGENT	SOURCE	LOT	EXPIRE DATE	\N	\N	\N	\N	\N	\N	QC
38	US VDRL	11	LPC	Difco	.	.	WR	.	.	.	\N	\N	QC
37	US VDRL	10	HPC	Difco	.	.	R	.	.	.	\N	\N	QC
39	US VDRL	12	NC	Difco	.	.	NR	.	.	.	\N	\N	QC
61	US USR	1	QL	QN: 2	4	8	16	32	64	128	256	Final	RESULT
68	STREP	6	Factors	PFGE	\N	Catalase	Lact	\N	\N	\N	\N	\N	ANALYTE
67	STREP	5	Group	Latex	Latex	Kilian	Suc	\N	\N	\N	\N	\N	ANALYTE
66	STREP	4	Typing pool	PYR	Hipp	Satellites	Malt	\N	\N	\N	\N	\N	ANALYTE
65	STREP	3	Bile sol	A disc	Camp	X+V	Dex	\N	\N	\N	\N	\N	ANALYTE
64	STREP	2	P disc	GmSt	GmSt	GmSt	GmSt	\N	\N	\N	\N	\N	ANALYTE
63	STREP	1	Strep pneumo	Group A Strep	Group B Strep	H Influenzae	N. meningitidis	\N	\N	\N	\N	\N	ANALYTE
70	MICRO	3	Spores	Lactose	Sorbitol	Arginine	\N	\N	\N	\N	\N	\N	ANALYTE
69	MICRO	2	42	Glucose	Salicin	Lysine	\N	\N	\N	\N	\N	\N	ANALYTE
71	MICRO	1	Colony morphology	.	Gram morphology	.	\N	\N	\N	\N	\N	\N	ANALYTE
79	MICRO	11	MacConkey	Fructose	Motility	Pyruvate	\N	\N	\N	\N	\N	\N	ANALYTE
78	MICRO	10	Serology	Inulin	.	6.5% salt	\N	\N	\N	\N	\N	\N	ANALYTE
77	MICRO	9	Satellites	Cellibiose	Alk Phos	Bile Esculin	\N	\N	\N	\N	\N	\N	ANALYTE
76	MICRO	8	Kilian test	Arabinose	PZA	Esculin	\N	\N	\N	\N	\N	\N	ANALYTE
75	MICRO	7	X+V Req	Xylose	Starch	Cetrimide	\N	\N	\N	\N	\N	\N	ANALYTE
87	MICRO	19	Lecthinase	Ribose	Phenylalanine	.	\N	\N	\N	\N	\N	\N	ANALYTE
86	MICRO	18	Lipase	Rhamnose	Acetate	FREEZE	\N	\N	\N	\N	\N	\N	ANALYTE
85	MICRO	17	.	Raffinose	Citrate	PFGE	\N	\N	\N	\N	\N	\N	ANALYTE
84	MICRO	16	Optochin	MMP	MR         VP	LAP         PYR	\N	\N	\N	\N	\N	\N	ANALYTE
83	MICRO	15	Camp	Melibiose	Indol	Erythromycin	\N	\N	\N	\N	\N	\N	ANALYTE
82	MICRO	14	Bacitracin	Mannose	Nitite	Vancomycin	\N	\N	\N	\N	\N	\N	ANALYTE
81	MICRO	13	Catalase	Glycerol	Nitrate	Coagulase	\N	\N	\N	\N	\N	\N	ANALYTE
80	MICRO	12	Oxidase	Galactose	Urease	MGP	\N	\N	\N	\N	\N	\N	ANALYTE
91	STREP	10	\N	\N	\N	\N	Serology	\N	\N	\N	\N	\N	ANALYTE
90	STREP	9	\N	\N	\N	\N	TM	\N	\N	\N	\N	\N	ANALYTE
89	STREP	8	\N	\N	\N	Serology	Oxidase	\N	\N	\N	\N	\N	ANALYTE
88	STREP	7	\N	\N	\N	Oxidase	Catalase	\N	\N	\N	\N	\N	ANALYTE
94	US USR	7	Kahn's solution	MDH	.	.	\N	\N	\N	\N	\N	\N	QC
1	TB	1	Micro Result	Culture Result	Report Date	\N	\N	\N	\N	\N	\N	\N	RESULT
2	GC	1	12 HOUR	24 HOUR	48 HOUR	\N	\N	\N	\N	\N	\N	\N	RESULT
9	US FTA	7	\N	\N	\N	\N	PBS	.	.	.	-	.	QC
10	US FTA	8	\N	\N	\N	\N	Sorbent	.	.	.	-	.	QC
8	US FTA	6	PBS	.	.	.	Nonspecific Control / Sorbent	.	.	.	-	.	QC
11	US FTA	1	    USR     Repeat Quant	   FTA      Current Run	    FTA     Previous Runs	   FTA         Final	  TPPA       Result	Comments	\N	\N	\N	\N	RESULT
26	US FTA	1	TEST	TESTing	\N	\N	\N	\N	\N	\N	\N	\N	ANALYTE
7	US FTA	5	.	.	.	.	Nonspecific Control/ PBS	.	.	.	>2+	.	QC
6	US FTA	4	FITCconjugate Working Dilution:	.	.	.	Minimally Reactive Control	.	.	.	1+	.	QC
5	US FTA	3	Sorbent	.	.	.	Reactive Control / Sorbent	.	.	.	3-4+	.	QC
4	US FTA	2	T Palladium antigen	.	.	.	Reactive Control/PBS	.	.	.	4+	.	QC
3	US FTA	1	Reagent	Source	Lot	Expire Date	Reagent	Source	Lot	Expires	Expect	Actual	QC
25	F	23	KNO3	RT incubation	.	.	\N	\N	\N	\N	\N	\N	ANALYTE
24	F	22	dulcitol	chlamydospores	.	.	\N	\N	\N	\N	\N	\N	ANALYTE
23	F	21	melibiose	ascospores	NO3	.	\N	\N	\N	\N	\N	\N	ANALYTE
22	F	20	trehalose	pigment	gelatin	.	\N	\N	\N	\N	\N	\N	ANALYTE
21	F	19	xylose	germ tubes	urea	probe (histo)	\N	\N	\N	\N	\N	\N	ANALYTE
20	F	18	inositol	urea	T4	probe (blasto)	\N	\N	\N	\N	\N	\N	ANALYTE
19	F	17	raffinose	OTHER TESTS	T3	probe (cocci)	\N	\N	\N	\N	\N	\N	ANALYTE
18	F	16	cellobiose	galactose	T2	PROBE TESTS	\N	\N	\N	\N	\N	\N	ANALYTE
17	F	15	galactose	trehalose	T1	.	\N	\N	\N	\N	\N	\N	ANALYTE
16	F	14	lactose	lactose	37 degrees	lysozyme	\N	\N	\N	\N	\N	\N	ANALYTE
15	F	13	sucrose	sucrose	RT incubation	xanthine	\N	\N	\N	\N	\N	\N	ANALYTE
14	F	12	maltose	maltose	sabs without CH	tyrosine	\N	\N	\N	\N	\N	\N	ANALYTE
13	F	11	dextrose	dextrose	sabs with CH	casein	\N	\N	\N	\N	\N	\N	ANALYTE
12	F	10	ASSIMILATIONS	FERMENTATIONS	FILAMENTOUS	ACTINOMYCETES	\N	\N	\N	\N	\N	\N	ANALYTE
62	US VDRL	1	QL	QN:2	4	8	16	32	64	128	256	Final	RESULT
93	US USR	15	Titer	.	.	.	.	.	.	.	\N	\N	QC
96	US FTA	10	\N	\N	\N	\N	TPPA - control	.	.	.	-	.	QC
95	US FTA	9	\N	\N	\N	\N	TPPA + control	.	.	.	+	.	QC
49	US USR	11	CONTROLS	SOURCE	LOT	EXPIRE DATE	RESULTS Qualitative Expect	RESULTS Qualitative  Actual	RESULTS Quantitative Expect	RESULTS Quantitative Actual	\N	\N	QC
48	US USR	10	Rotation of Slides	178-182	__________	rotations/min	\N	\N	\N	\N	\N	\N	QC
47	US USR	9	Temp of Lab	23-29	__________	degrees C	\N	\N	\N	\N	\N	\N	QC
46	US USR	6	Sterile DI H20	MDH	.	.	\N	\N	\N	\N	\N	\N	QC
45	US USR	8	USR working antigen	MDH	.	.	\N	\N	\N	\N	\N	\N	QC
44	US USR	5	Phosphate Buffer	MDH	.	.	\N	\N	\N	\N	\N	\N	QC
43	US USR	4	EDTA	MDH	.	.	\N	\N	\N	\N	\N	\N	QC
42	US USR	3	Choline Chloride	MDH	.	.	\N	\N	\N	\N	\N	\N	QC
41	US USR	2	VDRL Antigen Kit	Difco	.	.	\N	\N	\N	\N	\N	\N	QC
40	US USR	1	REAGENT	SOURCE	LOT	EXPIRE DATE	\N	\N	\N	\N	\N	\N	QC
52	US USR	14	NC	Difco	.	.	NR	.	.	.	\N	\N	QC
51	US USR	13	LPC	Difco	.	.	WR	.	.	.	\N	\N	QC
50	US USR	12	HPC	Difco	.	.	R	.	.	.	\N	\N	QC
55	HSV TYPING	3	Expiration Date:	________________	Negative Cells:	Lot _____________	\N	\N	\N	\N	\N	\N	QC
54	HSV TYPING	2	Lot:	________________	HSV2 Positive Cells:	Lot _____________	\N	\N	\N	\N	\N	\N	QC
53	HSV TYPING	1	HSV1 / HSV2 Typing Kit:	________________	HSV1 Positive Cells:	Lot _____________	\N	\N	\N	\N	\N	\N	QC
57	HSV TYPING	2	HSV-1 PC	.	.	.	.	.	.	.	\N	\N	RESULT
58	HSV TYPING	3	HSV-1 nc	.	.	.	.	.	.	.	\N	\N	RESULT
60	HSV TYPING	5	HSV-2 nc	.	.	.	.	.	.	.	\N	\N	RESULT
59	HSV TYPING	4	HSV-2 PC	.	.	.	.	.	.	.	\N	\N	RESULT
74	MICRO	6	Pigment	Mannitol	Casein	Gelatin	\N	\N	\N	\N	\N	\N	ANALYTE
73	MICRO	5	Hemolysis	Maltose	Trehalose	Litmus Milk	\N	\N	\N	\N	\N	\N	ANALYTE
72	MICRO	4	O2 Relation	Sucrose	Sorbose	Ornithine	\N	\N	\N	\N	\N	\N	ANALYTE
92	STREP	11	\N	\N	\N	\N	PFGE	\N	\N	\N	\N	\N	ANALYTE
35	US VDRL	8	Rotation of Slides	.	178 - 182	__________	rotation/min	\N	\N	\N	\N	\N	QC
34	US VDRL	7	Temp of Lab	.	23 - 29	__________	degrees C	\N	\N	\N	\N	\N	QC
36	US VDRL	9	CONTROLS	SOURCE	LOT	EXPIRE DATE	RESULT Qualitative Expect	RESULT Qualitative  Actual	RESULT Quantitative Expect	RESULT Quantitative Actual	\N	\N	QC
56	HSV TYPING	1	Specimen ID	Received Date	Source	Pass	HSV1	HSV2	Comments	Mailer	\N	\N	RESULT
27	VI	1	Comments	Results	Interpretation	\N	\N	\N	\N	\N	\N	\N	RESULT
32	US VDRL	5	VDRL working antigen	.	.	.	\N	\N	\N	\N	\N	\N	QC
31	US VDRL	4	10% Saline	.	.	.	\N	\N	\N	\N	\N	\N	QC
30	US VDRL	3	Kahn Saline 0.9%	.	.	.	\N	\N	\N	\N	\N	\N	QC
29	US VDRL	2	VDRL Antigen Kit	Difco	.	.	\N	\N	\N	\N	\N	\N	QC
28	US VDRL	1	REAGENT	SOURCE	LOT	EXPIRE DATE	\N	\N	\N	\N	\N	\N	QC
38	US VDRL	11	LPC	Difco	.	.	WR	.	.	.	\N	\N	QC
37	US VDRL	10	HPC	Difco	.	.	R	.	.	.	\N	\N	QC
39	US VDRL	12	NC	Difco	.	.	NR	.	.	.	\N	\N	QC
61	US USR	1	QL	QN: 2	4	8	16	32	64	128	256	Final	RESULT
68	STREP	6	Factors	PFGE	\N	Catalase	Lact	\N	\N	\N	\N	\N	ANALYTE
67	STREP	5	Group	Latex	Latex	Kilian	Suc	\N	\N	\N	\N	\N	ANALYTE
66	STREP	4	Typing pool	PYR	Hipp	Satellites	Malt	\N	\N	\N	\N	\N	ANALYTE
65	STREP	3	Bile sol	A disc	Camp	X+V	Dex	\N	\N	\N	\N	\N	ANALYTE
64	STREP	2	P disc	GmSt	GmSt	GmSt	GmSt	\N	\N	\N	\N	\N	ANALYTE
63	STREP	1	Strep pneumo	Group A Strep	Group B Strep	H Influenzae	N. meningitidis	\N	\N	\N	\N	\N	ANALYTE
70	MICRO	3	Spores	Lactose	Sorbitol	Arginine	\N	\N	\N	\N	\N	\N	ANALYTE
69	MICRO	2	42	Glucose	Salicin	Lysine	\N	\N	\N	\N	\N	\N	ANALYTE
71	MICRO	1	Colony morphology	.	Gram morphology	.	\N	\N	\N	\N	\N	\N	ANALYTE
79	MICRO	11	MacConkey	Fructose	Motility	Pyruvate	\N	\N	\N	\N	\N	\N	ANALYTE
78	MICRO	10	Serology	Inulin	.	6.5% salt	\N	\N	\N	\N	\N	\N	ANALYTE
77	MICRO	9	Satellites	Cellibiose	Alk Phos	Bile Esculin	\N	\N	\N	\N	\N	\N	ANALYTE
76	MICRO	8	Kilian test	Arabinose	PZA	Esculin	\N	\N	\N	\N	\N	\N	ANALYTE
75	MICRO	7	X+V Req	Xylose	Starch	Cetrimide	\N	\N	\N	\N	\N	\N	ANALYTE
87	MICRO	19	Lecthinase	Ribose	Phenylalanine	.	\N	\N	\N	\N	\N	\N	ANALYTE
86	MICRO	18	Lipase	Rhamnose	Acetate	FREEZE	\N	\N	\N	\N	\N	\N	ANALYTE
85	MICRO	17	.	Raffinose	Citrate	PFGE	\N	\N	\N	\N	\N	\N	ANALYTE
84	MICRO	16	Optochin	MMP	MR         VP	LAP         PYR	\N	\N	\N	\N	\N	\N	ANALYTE
83	MICRO	15	Camp	Melibiose	Indol	Erythromycin	\N	\N	\N	\N	\N	\N	ANALYTE
82	MICRO	14	Bacitracin	Mannose	Nitite	Vancomycin	\N	\N	\N	\N	\N	\N	ANALYTE
81	MICRO	13	Catalase	Glycerol	Nitrate	Coagulase	\N	\N	\N	\N	\N	\N	ANALYTE
80	MICRO	12	Oxidase	Galactose	Urease	MGP	\N	\N	\N	\N	\N	\N	ANALYTE
91	STREP	10	\N	\N	\N	\N	Serology	\N	\N	\N	\N	\N	ANALYTE
90	STREP	9	\N	\N	\N	\N	TM	\N	\N	\N	\N	\N	ANALYTE
89	STREP	8	\N	\N	\N	Serology	Oxidase	\N	\N	\N	\N	\N	ANALYTE
88	STREP	7	\N	\N	\N	Oxidase	Catalase	\N	\N	\N	\N	\N	ANALYTE
94	US USR	7	Kahn's solution	MDH	.	.	\N	\N	\N	\N	\N	\N	QC
\.


--
-- Data for Name: worksheet_item; Type: TABLE DATA; Schema: clinlims; Owner: clinlims
--

COPY worksheet_item (id, "position", worksheet_id) FROM stdin;
\.


--
-- Data for Name: worksheet_qc; Type: TABLE DATA; Schema: clinlims; Owner: clinlims
--

COPY worksheet_qc (id, sort_order, wq_type, value, worksheet_analysis_id, qc_analyte_id) FROM stdin;
\.


--
-- Data for Name: worksheets; Type: TABLE DATA; Schema: clinlims; Owner: clinlims
--

COPY worksheets (id, sys_user_id, test_id, created, status, number_format) FROM stdin;
\.


--
-- Name: analysis_pk; Type: CONSTRAINT; Schema: clinlims; Owner: clinlims; Tablespace: 
--

ALTER TABLE ONLY analysis
    ADD CONSTRAINT analysis_pk PRIMARY KEY (id);


--
-- Name: analyte_pk; Type: CONSTRAINT; Schema: clinlims; Owner: clinlims; Tablespace: 
--

ALTER TABLE ONLY analyte
    ADD CONSTRAINT analyte_pk PRIMARY KEY (id);


--
-- Name: analyzer_pk; Type: CONSTRAINT; Schema: clinlims; Owner: clinlims; Tablespace: 
--

ALTER TABLE ONLY analyzer
    ADD CONSTRAINT analyzer_pk PRIMARY KEY (id);


--
-- Name: analyzer_result_status_pk; Type: CONSTRAINT; Schema: clinlims; Owner: clinlims; Tablespace: 
--

ALTER TABLE ONLY analyzer_result_status
    ADD CONSTRAINT analyzer_result_status_pk PRIMARY KEY (id);


--
-- Name: analyzer_test_map_pk; Type: CONSTRAINT; Schema: clinlims; Owner: clinlims; Tablespace: 
--

ALTER TABLE ONLY analyzer_test_map
    ADD CONSTRAINT analyzer_test_map_pk PRIMARY KEY (analyzer_id, analyzer_test_name);


--
-- Name: anauser_pk; Type: CONSTRAINT; Schema: clinlims; Owner: clinlims; Tablespace: 
--

ALTER TABLE ONLY analysis_users
    ADD CONSTRAINT anauser_pk PRIMARY KEY (id);


--
-- Name: ani_samp_pk; Type: CONSTRAINT; Schema: clinlims; Owner: clinlims; Tablespace: 
--

ALTER TABLE ONLY sample_animal
    ADD CONSTRAINT ani_samp_pk PRIMARY KEY (id);


--
-- Name: anqaev_pk; Type: CONSTRAINT; Schema: clinlims; Owner: clinlims; Tablespace: 
--

ALTER TABLE ONLY analysis_qaevent
    ADD CONSTRAINT anqaev_pk PRIMARY KEY (id);


--
-- Name: anstore_pk; Type: CONSTRAINT; Schema: clinlims; Owner: clinlims; Tablespace: 
--

ALTER TABLE ONLY analysis_storages
    ADD CONSTRAINT anstore_pk PRIMARY KEY (id);


--
-- Name: attachment_item_pk; Type: CONSTRAINT; Schema: clinlims; Owner: clinlims; Tablespace: 
--

ALTER TABLE ONLY attachment_item
    ADD CONSTRAINT attachment_item_pk PRIMARY KEY (id);


--
-- Name: attachment_pk; Type: CONSTRAINT; Schema: clinlims; Owner: clinlims; Tablespace: 
--

ALTER TABLE ONLY attachment
    ADD CONSTRAINT attachment_pk PRIMARY KEY (id);


--
-- Name: auxdata_pk; Type: CONSTRAINT; Schema: clinlims; Owner: clinlims; Tablespace: 
--

ALTER TABLE ONLY aux_data
    ADD CONSTRAINT auxdata_pk PRIMARY KEY (id);


--
-- Name: auxfld_pk; Type: CONSTRAINT; Schema: clinlims; Owner: clinlims; Tablespace: 
--

ALTER TABLE ONLY aux_field
    ADD CONSTRAINT auxfld_pk PRIMARY KEY (id);


--
-- Name: auxfldval_pk; Type: CONSTRAINT; Schema: clinlims; Owner: clinlims; Tablespace: 
--

ALTER TABLE ONLY aux_field_values
    ADD CONSTRAINT auxfldval_pk PRIMARY KEY (id);


--
-- Name: code_element_type_pk; Type: CONSTRAINT; Schema: clinlims; Owner: clinlims; Tablespace: 
--

ALTER TABLE ONLY code_element_type
    ADD CONSTRAINT code_element_type_pk PRIMARY KEY (id);


--
-- Name: code_element_xref_pk; Type: CONSTRAINT; Schema: clinlims; Owner: clinlims; Tablespace: 
--

ALTER TABLE ONLY code_element_xref
    ADD CONSTRAINT code_element_xref_pk PRIMARY KEY (id);


--
-- Name: comm_anim_pk; Type: CONSTRAINT; Schema: clinlims; Owner: clinlims; Tablespace: 
--

ALTER TABLE ONLY animal_common_name
    ADD CONSTRAINT comm_anim_pk PRIMARY KEY (id);


--
-- Name: ct_pk; Type: CONSTRAINT; Schema: clinlims; Owner: clinlims; Tablespace: 
--

ALTER TABLE ONLY contact_type
    ADD CONSTRAINT ct_pk PRIMARY KEY (id);


--
-- Name: demog_hist_type_type_name_u; Type: CONSTRAINT; Schema: clinlims; Owner: clinlims; Tablespace: 
--

ALTER TABLE ONLY observation_history_type
    ADD CONSTRAINT demog_hist_type_type_name_u UNIQUE (type_name);


--
-- Name: demographic_history_type_pk; Type: CONSTRAINT; Schema: clinlims; Owner: clinlims; Tablespace: 
--

ALTER TABLE ONLY observation_history_type
    ADD CONSTRAINT demographic_history_type_pk PRIMARY KEY (id);


--
-- Name: demographics_history_pk; Type: CONSTRAINT; Schema: clinlims; Owner: clinlims; Tablespace: 
--

ALTER TABLE ONLY observation_history
    ADD CONSTRAINT demographics_history_pk PRIMARY KEY (id);


--
-- Name: dict_cat_desc_u; Type: CONSTRAINT; Schema: clinlims; Owner: clinlims; Tablespace: 
--

ALTER TABLE ONLY dictionary_category
    ADD CONSTRAINT dict_cat_desc_u UNIQUE (description);


--
-- Name: dict_cat_local_abbrev_u; Type: CONSTRAINT; Schema: clinlims; Owner: clinlims; Tablespace: 
--

ALTER TABLE ONLY dictionary_category
    ADD CONSTRAINT dict_cat_local_abbrev_u UNIQUE (local_abbrev);


--
-- Name: dict_dict_cat_id_dict_entry_u; Type: CONSTRAINT; Schema: clinlims; Owner: clinlims; Tablespace: 
--

ALTER TABLE ONLY dictionary
    ADD CONSTRAINT dict_dict_cat_id_dict_entry_u UNIQUE (dictionary_category_id, dict_entry);


--
-- Name: dict_pk; Type: CONSTRAINT; Schema: clinlims; Owner: clinlims; Tablespace: 
--

ALTER TABLE ONLY dictionary
    ADD CONSTRAINT dict_pk PRIMARY KEY (id);


--
-- Name: dictionary_category_pk; Type: CONSTRAINT; Schema: clinlims; Owner: clinlims; Tablespace: 
--

ALTER TABLE ONLY dictionary_category
    ADD CONSTRAINT dictionary_category_pk PRIMARY KEY (id);


--
-- Name: dist_pk; Type: CONSTRAINT; Schema: clinlims; Owner: clinlims; Tablespace: 
--

ALTER TABLE ONLY district
    ADD CONSTRAINT dist_pk PRIMARY KEY (id);


--
-- Name: env_samp_pk; Type: CONSTRAINT; Schema: clinlims; Owner: clinlims; Tablespace: 
--

ALTER TABLE ONLY sample_environmental
    ADD CONSTRAINT env_samp_pk PRIMARY KEY (id);


--
-- Name: ethnic_pk; Type: CONSTRAINT; Schema: clinlims; Owner: clinlims; Tablespace: 
--

ALTER TABLE ONLY ethnicity
    ADD CONSTRAINT ethnic_pk PRIMARY KEY (id);


--
-- Name: gender_pk; Type: CONSTRAINT; Schema: clinlims; Owner: clinlims; Tablespace: 
--

ALTER TABLE ONLY gender
    ADD CONSTRAINT gender_pk PRIMARY KEY (id);


--
-- Name: hist_pk; Type: CONSTRAINT; Schema: clinlims; Owner: clinlims; Tablespace: 
--

ALTER TABLE ONLY history
    ADD CONSTRAINT hist_pk PRIMARY KEY (id);


--
-- Name: hl7_encoding_type_pk; Type: CONSTRAINT; Schema: clinlims; Owner: clinlims; Tablespace: 
--

ALTER TABLE ONLY hl7_encoding_type
    ADD CONSTRAINT hl7_encoding_type_pk PRIMARY KEY (id);


--
-- Name: hum_pk; Type: CONSTRAINT; Schema: clinlims; Owner: clinlims; Tablespace: 
--

ALTER TABLE ONLY sample_human
    ADD CONSTRAINT hum_pk PRIMARY KEY (id);


--
-- Name: ia_pk; Type: CONSTRAINT; Schema: clinlims; Owner: clinlims; Tablespace: 
--

ALTER TABLE ONLY instrument_analyte
    ADD CONSTRAINT ia_pk PRIMARY KEY (id);


--
-- Name: id; Type: CONSTRAINT; Schema: clinlims; Owner: clinlims; Tablespace: 
--

ALTER TABLE ONLY analyzer_results
    ADD CONSTRAINT id PRIMARY KEY (id);


--
-- Name: identity_type_uk; Type: CONSTRAINT; Schema: clinlims; Owner: clinlims; Tablespace: 
--

ALTER TABLE ONLY patient_identity_type
    ADD CONSTRAINT identity_type_uk UNIQUE (identity_type);


--
-- Name: il_pk; Type: CONSTRAINT; Schema: clinlims; Owner: clinlims; Tablespace: 
--

ALTER TABLE ONLY instrument_log
    ADD CONSTRAINT il_pk PRIMARY KEY (id);


--
-- Name: instru_pk; Type: CONSTRAINT; Schema: clinlims; Owner: clinlims; Tablespace: 
--

ALTER TABLE ONLY instrument
    ADD CONSTRAINT instru_pk PRIMARY KEY (id);


--
-- Name: inv_recpt_pk; Type: CONSTRAINT; Schema: clinlims; Owner: clinlims; Tablespace: 
--

ALTER TABLE ONLY inventory_receipt
    ADD CONSTRAINT inv_recpt_pk PRIMARY KEY (id);


--
-- Name: invcomp_pk; Type: CONSTRAINT; Schema: clinlims; Owner: clinlims; Tablespace: 
--

ALTER TABLE ONLY inventory_component
    ADD CONSTRAINT invcomp_pk PRIMARY KEY (id);


--
-- Name: invitem_pk; Type: CONSTRAINT; Schema: clinlims; Owner: clinlims; Tablespace: 
--

ALTER TABLE ONLY inventory_item
    ADD CONSTRAINT invitem_pk PRIMARY KEY (id);


--
-- Name: invloc_pk; Type: CONSTRAINT; Schema: clinlims; Owner: clinlims; Tablespace: 
--

ALTER TABLE ONLY inventory_location
    ADD CONSTRAINT invloc_pk PRIMARY KEY (id);


--
-- Name: label_pk; Type: CONSTRAINT; Schema: clinlims; Owner: clinlims; Tablespace: 
--

ALTER TABLE ONLY label
    ADD CONSTRAINT label_pk PRIMARY KEY (id);


--
-- Name: login_user_pk; Type: CONSTRAINT; Schema: clinlims; Owner: clinlims; Tablespace: 
--

ALTER TABLE ONLY login_user
    ADD CONSTRAINT login_user_pk PRIMARY KEY (login_name);


--
-- Name: ma_pk; Type: CONSTRAINT; Schema: clinlims; Owner: clinlims; Tablespace: 
--

ALTER TABLE ONLY method_analyte
    ADD CONSTRAINT ma_pk PRIMARY KEY (id);


--
-- Name: message_org_pk; Type: CONSTRAINT; Schema: clinlims; Owner: clinlims; Tablespace: 
--

ALTER TABLE ONLY message_org
    ADD CONSTRAINT message_org_pk PRIMARY KEY (id);


--
-- Name: method_pk; Type: CONSTRAINT; Schema: clinlims; Owner: clinlims; Tablespace: 
--

ALTER TABLE ONLY method
    ADD CONSTRAINT method_pk PRIMARY KEY (id);


--
-- Name: methres_pk; Type: CONSTRAINT; Schema: clinlims; Owner: clinlims; Tablespace: 
--

ALTER TABLE ONLY method_result
    ADD CONSTRAINT methres_pk PRIMARY KEY (id);


--
-- Name: mls_lab_tp_pk; Type: CONSTRAINT; Schema: clinlims; Owner: clinlims; Tablespace: 
--

ALTER TABLE ONLY mls_lab_type
    ADD CONSTRAINT mls_lab_tp_pk PRIMARY KEY (id);


--
-- Name: newborn_pk; Type: CONSTRAINT; Schema: clinlims; Owner: clinlims; Tablespace: 
--

ALTER TABLE ONLY sample_newborn
    ADD CONSTRAINT newborn_pk PRIMARY KEY (id);


--
-- Name: note_id; Type: CONSTRAINT; Schema: clinlims; Owner: clinlims; Tablespace: 
--

ALTER TABLE ONLY note
    ADD CONSTRAINT note_id PRIMARY KEY (id);


--
-- Name: oct_pk; Type: CONSTRAINT; Schema: clinlims; Owner: clinlims; Tablespace: 
--

ALTER TABLE ONLY occupation
    ADD CONSTRAINT oct_pk PRIMARY KEY (id);


--
-- Name: or_properties_pkey; Type: CONSTRAINT; Schema: clinlims; Owner: clinlims; Tablespace: 
--

ALTER TABLE ONLY or_properties
    ADD CONSTRAINT or_properties_pkey PRIMARY KEY (property_id);


--
-- Name: or_properties_property_key_key; Type: CONSTRAINT; Schema: clinlims; Owner: clinlims; Tablespace: 
--

ALTER TABLE ONLY or_properties
    ADD CONSTRAINT or_properties_property_key_key UNIQUE (property_key);


--
-- Name: or_tags_pkey; Type: CONSTRAINT; Schema: clinlims; Owner: clinlims; Tablespace: 
--

ALTER TABLE ONLY or_tags
    ADD CONSTRAINT or_tags_pkey PRIMARY KEY (tag_id);


--
-- Name: ord_pk; Type: CONSTRAINT; Schema: clinlims; Owner: clinlims; Tablespace: 
--

ALTER TABLE ONLY orders
    ADD CONSTRAINT ord_pk PRIMARY KEY (id);


--
-- Name: orditem_pk; Type: CONSTRAINT; Schema: clinlims; Owner: clinlims; Tablespace: 
--

ALTER TABLE ONLY order_item
    ADD CONSTRAINT orditem_pk PRIMARY KEY (id);


--
-- Name: org_contac_pk; Type: CONSTRAINT; Schema: clinlims; Owner: clinlims; Tablespace: 
--

ALTER TABLE ONLY organization_contact
    ADD CONSTRAINT org_contac_pk PRIMARY KEY (id);


--
-- Name: org_ct_rpt_pk; Type: CONSTRAINT; Schema: clinlims; Owner: clinlims; Tablespace: 
--

ALTER TABLE ONLY organization_contact_reporting
    ADD CONSTRAINT org_ct_rpt_pk PRIMARY KEY (id);


--
-- Name: org_hl7_pk; Type: CONSTRAINT; Schema: clinlims; Owner: clinlims; Tablespace: 
--

ALTER TABLE ONLY org_hl7_encoding_type
    ADD CONSTRAINT org_hl7_pk PRIMARY KEY (organization_id, encoding_type_id);


--
-- Name: org_mlt_pk; Type: CONSTRAINT; Schema: clinlims; Owner: clinlims; Tablespace: 
--

ALTER TABLE ONLY org_mls_lab_type
    ADD CONSTRAINT org_mlt_pk PRIMARY KEY (org_mlt_id);


--
-- Name: org_org_type_pk; Type: CONSTRAINT; Schema: clinlims; Owner: clinlims; Tablespace: 
--

ALTER TABLE ONLY organization_organization_type
    ADD CONSTRAINT org_org_type_pk PRIMARY KEY (org_id, org_type_id);


--
-- Name: org_pk; Type: CONSTRAINT; Schema: clinlims; Owner: clinlims; Tablespace: 
--

ALTER TABLE ONLY organization
    ADD CONSTRAINT org_pk PRIMARY KEY (id);


--
-- Name: org_type_pk; Type: CONSTRAINT; Schema: clinlims; Owner: clinlims; Tablespace: 
--

ALTER TABLE ONLY organization_type
    ADD CONSTRAINT org_type_pk PRIMARY KEY (id);


--
-- Name: pac_pk; Type: CONSTRAINT; Schema: clinlims; Owner: clinlims; Tablespace: 
--

ALTER TABLE ONLY package_1
    ADD CONSTRAINT pac_pk PRIMARY KEY (id);


--
-- Name: pan_it_pk; Type: CONSTRAINT; Schema: clinlims; Owner: clinlims; Tablespace: 
--

ALTER TABLE ONLY panel_item
    ADD CONSTRAINT pan_it_pk PRIMARY KEY (id);


--
-- Name: panel_pk; Type: CONSTRAINT; Schema: clinlims; Owner: clinlims; Tablespace: 
--

ALTER TABLE ONLY panel
    ADD CONSTRAINT panel_pk PRIMARY KEY (id);


--
-- Name: pat_ident_type_pk; Type: CONSTRAINT; Schema: clinlims; Owner: clinlims; Tablespace: 
--

ALTER TABLE ONLY patient_identity_type
    ADD CONSTRAINT pat_ident_type_pk PRIMARY KEY (id);


--
-- Name: pat_identity_pk; Type: CONSTRAINT; Schema: clinlims; Owner: clinlims; Tablespace: 
--

ALTER TABLE ONLY patient_identity
    ADD CONSTRAINT pat_identity_pk PRIMARY KEY (id);


--
-- Name: pat_occupation_pk; Type: CONSTRAINT; Schema: clinlims; Owner: clinlims; Tablespace: 
--

ALTER TABLE ONLY patient_occupation
    ADD CONSTRAINT pat_occupation_pk PRIMARY KEY (id);


--
-- Name: pat_pat_type_pk; Type: CONSTRAINT; Schema: clinlims; Owner: clinlims; Tablespace: 
--

ALTER TABLE ONLY patient_patient_type
    ADD CONSTRAINT pat_pat_type_pk PRIMARY KEY (id);


--
-- Name: pat_pk; Type: CONSTRAINT; Schema: clinlims; Owner: clinlims; Tablespace: 
--

ALTER TABLE ONLY patient
    ADD CONSTRAINT pat_pk PRIMARY KEY (id);


--
-- Name: pat_type_pk; Type: CONSTRAINT; Schema: clinlims; Owner: clinlims; Tablespace: 
--

ALTER TABLE ONLY patient_type
    ADD CONSTRAINT pat_type_pk PRIMARY KEY (id);


--
-- Name: pay_type_pk; Type: CONSTRAINT; Schema: clinlims; Owner: clinlims; Tablespace: 
--

ALTER TABLE ONLY payment_type
    ADD CONSTRAINT pay_type_pk PRIMARY KEY (id);


--
-- Name: person_pk; Type: CONSTRAINT; Schema: clinlims; Owner: clinlims; Tablespace: 
--

ALTER TABLE ONLY person
    ADD CONSTRAINT person_pk PRIMARY KEY (id);


--
-- Name: pk_databasechangelog; Type: CONSTRAINT; Schema: clinlims; Owner: clinlims; Tablespace: 
--

ALTER TABLE ONLY databasechangelog
    ADD CONSTRAINT pk_databasechangelog PRIMARY KEY (id, author, filename);


--
-- Name: pk_databasechangeloglock; Type: CONSTRAINT; Schema: clinlims; Owner: clinlims; Tablespace: 
--

ALTER TABLE ONLY databasechangeloglock
    ADD CONSTRAINT pk_databasechangeloglock PRIMARY KEY (id);


--
-- Name: pr_pk; Type: CONSTRAINT; Schema: clinlims; Owner: clinlims; Tablespace: 
--

ALTER TABLE ONLY patient_relations
    ADD CONSTRAINT pr_pk PRIMARY KEY (id);


--
-- Name: progs_pk; Type: CONSTRAINT; Schema: clinlims; Owner: clinlims; Tablespace: 
--

ALTER TABLE ONLY program
    ADD CONSTRAINT progs_pk PRIMARY KEY (id);


--
-- Name: proj_pk; Type: CONSTRAINT; Schema: clinlims; Owner: clinlims; Tablespace: 
--

ALTER TABLE ONLY project
    ADD CONSTRAINT proj_pk PRIMARY KEY (id);


--
-- Name: project_org_pk; Type: CONSTRAINT; Schema: clinlims; Owner: clinlims; Tablespace: 
--

ALTER TABLE ONLY project_organization
    ADD CONSTRAINT project_org_pk PRIMARY KEY (project_id, org_id);


--
-- Name: projparam_pk; Type: CONSTRAINT; Schema: clinlims; Owner: clinlims; Tablespace: 
--

ALTER TABLE ONLY project_parameter
    ADD CONSTRAINT projparam_pk PRIMARY KEY (id);


--
-- Name: provider_pk; Type: CONSTRAINT; Schema: clinlims; Owner: clinlims; Tablespace: 
--

ALTER TABLE ONLY provider
    ADD CONSTRAINT provider_pk PRIMARY KEY (id);


--
-- Name: qa_event_pk; Type: CONSTRAINT; Schema: clinlims; Owner: clinlims; Tablespace: 
--

ALTER TABLE ONLY qa_event
    ADD CONSTRAINT qa_event_pk PRIMARY KEY (id);


--
-- Name: qc_analyt_pk; Type: CONSTRAINT; Schema: clinlims; Owner: clinlims; Tablespace: 
--

ALTER TABLE ONLY qc_analytes
    ADD CONSTRAINT qc_analyt_pk PRIMARY KEY (id);


--
-- Name: qc_pk; Type: CONSTRAINT; Schema: clinlims; Owner: clinlims; Tablespace: 
--

ALTER TABLE ONLY qc
    ADD CONSTRAINT qc_pk PRIMARY KEY (id);


--
-- Name: qrtz_blob_triggers_pkey; Type: CONSTRAINT; Schema: clinlims; Owner: clinlims; Tablespace: 
--

ALTER TABLE ONLY qrtz_blob_triggers
    ADD CONSTRAINT qrtz_blob_triggers_pkey PRIMARY KEY (trigger_name, trigger_group);


--
-- Name: qrtz_calendars_pkey; Type: CONSTRAINT; Schema: clinlims; Owner: clinlims; Tablespace: 
--

ALTER TABLE ONLY qrtz_calendars
    ADD CONSTRAINT qrtz_calendars_pkey PRIMARY KEY (calendar_name);


--
-- Name: qrtz_cron_triggers_pkey; Type: CONSTRAINT; Schema: clinlims; Owner: clinlims; Tablespace: 
--

ALTER TABLE ONLY qrtz_cron_triggers
    ADD CONSTRAINT qrtz_cron_triggers_pkey PRIMARY KEY (trigger_name, trigger_group);


--
-- Name: qrtz_fired_triggers_pkey; Type: CONSTRAINT; Schema: clinlims; Owner: clinlims; Tablespace: 
--

ALTER TABLE ONLY qrtz_fired_triggers
    ADD CONSTRAINT qrtz_fired_triggers_pkey PRIMARY KEY (entry_id);


--
-- Name: qrtz_job_details_pkey; Type: CONSTRAINT; Schema: clinlims; Owner: clinlims; Tablespace: 
--

ALTER TABLE ONLY qrtz_job_details
    ADD CONSTRAINT qrtz_job_details_pkey PRIMARY KEY (job_name, job_group);


--
-- Name: qrtz_job_listeners_pkey; Type: CONSTRAINT; Schema: clinlims; Owner: clinlims; Tablespace: 
--

ALTER TABLE ONLY qrtz_job_listeners
    ADD CONSTRAINT qrtz_job_listeners_pkey PRIMARY KEY (job_name, job_group, job_listener);


--
-- Name: qrtz_locks_pkey; Type: CONSTRAINT; Schema: clinlims; Owner: clinlims; Tablespace: 
--

ALTER TABLE ONLY qrtz_locks
    ADD CONSTRAINT qrtz_locks_pkey PRIMARY KEY (lock_name);


--
-- Name: qrtz_paused_trigger_grps_pkey; Type: CONSTRAINT; Schema: clinlims; Owner: clinlims; Tablespace: 
--

ALTER TABLE ONLY qrtz_paused_trigger_grps
    ADD CONSTRAINT qrtz_paused_trigger_grps_pkey PRIMARY KEY (trigger_group);


--
-- Name: qrtz_scheduler_state_pkey; Type: CONSTRAINT; Schema: clinlims; Owner: clinlims; Tablespace: 
--

ALTER TABLE ONLY qrtz_scheduler_state
    ADD CONSTRAINT qrtz_scheduler_state_pkey PRIMARY KEY (instance_name);


--
-- Name: qrtz_simple_triggers_pkey; Type: CONSTRAINT; Schema: clinlims; Owner: clinlims; Tablespace: 
--

ALTER TABLE ONLY qrtz_simple_triggers
    ADD CONSTRAINT qrtz_simple_triggers_pkey PRIMARY KEY (trigger_name, trigger_group);


--
-- Name: qrtz_trigger_listeners_pkey; Type: CONSTRAINT; Schema: clinlims; Owner: clinlims; Tablespace: 
--

ALTER TABLE ONLY qrtz_trigger_listeners
    ADD CONSTRAINT qrtz_trigger_listeners_pkey PRIMARY KEY (trigger_name, trigger_group, trigger_listener);


--
-- Name: qrtz_triggers_pkey; Type: CONSTRAINT; Schema: clinlims; Owner: clinlims; Tablespace: 
--

ALTER TABLE ONLY qrtz_triggers
    ADD CONSTRAINT qrtz_triggers_pkey PRIMARY KEY (trigger_name, trigger_group);


--
-- Name: race_pk; Type: CONSTRAINT; Schema: clinlims; Owner: clinlims; Tablespace: 
--

ALTER TABLE ONLY race
    ADD CONSTRAINT race_pk PRIMARY KEY (id);


--
-- Name: receiver_code_element_pk; Type: CONSTRAINT; Schema: clinlims; Owner: clinlims; Tablespace: 
--

ALTER TABLE ONLY receiver_code_element
    ADD CONSTRAINT receiver_code_element_pk PRIMARY KEY (id);


--
-- Name: referral_pk; Type: CONSTRAINT; Schema: clinlims; Owner: clinlims; Tablespace: 
--

ALTER TABLE ONLY referral
    ADD CONSTRAINT referral_pk PRIMARY KEY (id);


--
-- Name: referral_reason_pk; Type: CONSTRAINT; Schema: clinlims; Owner: clinlims; Tablespace: 
--

ALTER TABLE ONLY referral_reason
    ADD CONSTRAINT referral_reason_pk PRIMARY KEY (id);


--
-- Name: referral_result_pk; Type: CONSTRAINT; Schema: clinlims; Owner: clinlims; Tablespace: 
--

ALTER TABLE ONLY referral_result
    ADD CONSTRAINT referral_result_pk PRIMARY KEY (id);


--
-- Name: referral_type_pk; Type: CONSTRAINT; Schema: clinlims; Owner: clinlims; Tablespace: 
--

ALTER TABLE ONLY referral_type
    ADD CONSTRAINT referral_type_pk PRIMARY KEY (id);


--
-- Name: region_pk; Type: CONSTRAINT; Schema: clinlims; Owner: clinlims; Tablespace: 
--

ALTER TABLE ONLY region
    ADD CONSTRAINT region_pk PRIMARY KEY (id);


--
-- Name: report_alert_name_key; Type: CONSTRAINT; Schema: clinlims; Owner: clinlims; Tablespace: 
--

ALTER TABLE ONLY report_alert
    ADD CONSTRAINT report_alert_name_key UNIQUE (name);


--
-- Name: report_alert_pkey; Type: CONSTRAINT; Schema: clinlims; Owner: clinlims; Tablespace: 
--

ALTER TABLE ONLY report_alert
    ADD CONSTRAINT report_alert_pkey PRIMARY KEY (alert_id);


--
-- Name: report_chart_name_key; Type: CONSTRAINT; Schema: clinlims; Owner: clinlims; Tablespace: 
--

ALTER TABLE ONLY report_chart
    ADD CONSTRAINT report_chart_name_key UNIQUE (name);


--
-- Name: report_chart_pkey; Type: CONSTRAINT; Schema: clinlims; Owner: clinlims; Tablespace: 
--

ALTER TABLE ONLY report_chart
    ADD CONSTRAINT report_chart_pkey PRIMARY KEY (chart_id);


--
-- Name: report_datasource_name_key; Type: CONSTRAINT; Schema: clinlims; Owner: clinlims; Tablespace: 
--

ALTER TABLE ONLY report_datasource
    ADD CONSTRAINT report_datasource_name_key UNIQUE (name);


--
-- Name: report_datasource_pkey; Type: CONSTRAINT; Schema: clinlims; Owner: clinlims; Tablespace: 
--

ALTER TABLE ONLY report_datasource
    ADD CONSTRAINT report_datasource_pkey PRIMARY KEY (datasource_id);


--
-- Name: report_delivery_log_pkey; Type: CONSTRAINT; Schema: clinlims; Owner: clinlims; Tablespace: 
--

ALTER TABLE ONLY report_delivery_log
    ADD CONSTRAINT report_delivery_log_pkey PRIMARY KEY (delivery_log_id);


--
-- Name: report_export_options_pkey; Type: CONSTRAINT; Schema: clinlims; Owner: clinlims; Tablespace: 
--

ALTER TABLE ONLY report_export_options
    ADD CONSTRAINT report_export_options_pkey PRIMARY KEY (export_option_id);


--
-- Name: report_group_map_pkey; Type: CONSTRAINT; Schema: clinlims; Owner: clinlims; Tablespace: 
--

ALTER TABLE ONLY report_group_map
    ADD CONSTRAINT report_group_map_pkey PRIMARY KEY (group_id, map_id);


--
-- Name: report_group_name_key; Type: CONSTRAINT; Schema: clinlims; Owner: clinlims; Tablespace: 
--

ALTER TABLE ONLY report_group
    ADD CONSTRAINT report_group_name_key UNIQUE (name);


--
-- Name: report_group_pkey; Type: CONSTRAINT; Schema: clinlims; Owner: clinlims; Tablespace: 
--

ALTER TABLE ONLY report_group
    ADD CONSTRAINT report_group_pkey PRIMARY KEY (group_id);


--
-- Name: report_log_pkey; Type: CONSTRAINT; Schema: clinlims; Owner: clinlims; Tablespace: 
--

ALTER TABLE ONLY report_log
    ADD CONSTRAINT report_log_pkey PRIMARY KEY (log_id);


--
-- Name: report_name_key; Type: CONSTRAINT; Schema: clinlims; Owner: clinlims; Tablespace: 
--

ALTER TABLE ONLY report
    ADD CONSTRAINT report_name_key UNIQUE (name);


--
-- Name: report_parameter_map_pkey; Type: CONSTRAINT; Schema: clinlims; Owner: clinlims; Tablespace: 
--

ALTER TABLE ONLY report_parameter_map
    ADD CONSTRAINT report_parameter_map_pkey PRIMARY KEY (report_id, map_id);


--
-- Name: report_parameter_name_key; Type: CONSTRAINT; Schema: clinlims; Owner: clinlims; Tablespace: 
--

ALTER TABLE ONLY report_parameter
    ADD CONSTRAINT report_parameter_name_key UNIQUE (name);


--
-- Name: report_parameter_pkey; Type: CONSTRAINT; Schema: clinlims; Owner: clinlims; Tablespace: 
--

ALTER TABLE ONLY report_parameter
    ADD CONSTRAINT report_parameter_pkey PRIMARY KEY (parameter_id);


--
-- Name: report_pkey; Type: CONSTRAINT; Schema: clinlims; Owner: clinlims; Tablespace: 
--

ALTER TABLE ONLY report
    ADD CONSTRAINT report_pkey PRIMARY KEY (report_id);


--
-- Name: report_user_name_key; Type: CONSTRAINT; Schema: clinlims; Owner: clinlims; Tablespace: 
--

ALTER TABLE ONLY report_user
    ADD CONSTRAINT report_user_name_key UNIQUE (name);


--
-- Name: report_user_pkey; Type: CONSTRAINT; Schema: clinlims; Owner: clinlims; Tablespace: 
--

ALTER TABLE ONLY report_user
    ADD CONSTRAINT report_user_pkey PRIMARY KEY (reportuser_id);


--
-- Name: requester_type_pk; Type: CONSTRAINT; Schema: clinlims; Owner: clinlims; Tablespace: 
--

ALTER TABLE ONLY requester_type
    ADD CONSTRAINT requester_type_pk PRIMARY KEY (id);


--
-- Name: result_inventory_pk; Type: CONSTRAINT; Schema: clinlims; Owner: clinlims; Tablespace: 
--

ALTER TABLE ONLY result_inventory
    ADD CONSTRAINT result_inventory_pk PRIMARY KEY (id);


--
-- Name: result_limits_pk; Type: CONSTRAINT; Schema: clinlims; Owner: clinlims; Tablespace: 
--

ALTER TABLE ONLY result_limits
    ADD CONSTRAINT result_limits_pk PRIMARY KEY (id);


--
-- Name: result_pk; Type: CONSTRAINT; Schema: clinlims; Owner: clinlims; Tablespace: 
--

ALTER TABLE ONLY result
    ADD CONSTRAINT result_pk PRIMARY KEY (id);


--
-- Name: result_result_limit_pk; Type: CONSTRAINT; Schema: clinlims; Owner: clinlims; Tablespace: 
--

ALTER TABLE ONLY result_context
    ADD CONSTRAINT result_result_limit_pk PRIMARY KEY (result_id);


--
-- Name: result_signature_pk; Type: CONSTRAINT; Schema: clinlims; Owner: clinlims; Tablespace: 
--

ALTER TABLE ONLY result_signature
    ADD CONSTRAINT result_signature_pk PRIMARY KEY (id);


--
-- Name: rt_pk; Type: CONSTRAINT; Schema: clinlims; Owner: clinlims; Tablespace: 
--

ALTER TABLE ONLY reference_tables
    ADD CONSTRAINT rt_pk PRIMARY KEY (id);


--
-- Name: samp_org_pk; Type: CONSTRAINT; Schema: clinlims; Owner: clinlims; Tablespace: 
--

ALTER TABLE ONLY sample_organization
    ADD CONSTRAINT samp_org_pk PRIMARY KEY (id);


--
-- Name: samp_pk; Type: CONSTRAINT; Schema: clinlims; Owner: clinlims; Tablespace: 
--

ALTER TABLE ONLY sample
    ADD CONSTRAINT samp_pk PRIMARY KEY (id);


--
-- Name: sampitem_pk; Type: CONSTRAINT; Schema: clinlims; Owner: clinlims; Tablespace: 
--

ALTER TABLE ONLY sample_item
    ADD CONSTRAINT sampitem_pk PRIMARY KEY (id);


--
-- Name: sample_human_samp_id_u; Type: CONSTRAINT; Schema: clinlims; Owner: clinlims; Tablespace: 
--

ALTER TABLE ONLY sample_human
    ADD CONSTRAINT sample_human_samp_id_u UNIQUE (samp_id);


--
-- Name: sample_pdf_pk; Type: CONSTRAINT; Schema: clinlims; Owner: clinlims; Tablespace: 
--

ALTER TABLE ONLY sample_pdf
    ADD CONSTRAINT sample_pdf_pk PRIMARY KEY (id);


--
-- Name: sample_projects_pk_i; Type: CONSTRAINT; Schema: clinlims; Owner: clinlims; Tablespace: 
--

ALTER TABLE ONLY sample_projects
    ADD CONSTRAINT sample_projects_pk_i PRIMARY KEY (id);


--
-- Name: sample_qaevent_action_pkey; Type: CONSTRAINT; Schema: clinlims; Owner: clinlims; Tablespace: 
--

ALTER TABLE ONLY sample_qaevent_action
    ADD CONSTRAINT sample_qaevent_action_pkey PRIMARY KEY (id);


--
-- Name: sample_qaevent_pkey; Type: CONSTRAINT; Schema: clinlims; Owner: clinlims; Tablespace: 
--

ALTER TABLE ONLY sample_qaevent
    ADD CONSTRAINT sample_qaevent_pkey PRIMARY KEY (id);


--
-- Name: sample_requester_pk; Type: CONSTRAINT; Schema: clinlims; Owner: clinlims; Tablespace: 
--

ALTER TABLE ONLY sample_requester
    ADD CONSTRAINT sample_requester_pk PRIMARY KEY (sample_id, requester_id, requester_type_id);


--
-- Name: sampledom_pk; Type: CONSTRAINT; Schema: clinlims; Owner: clinlims; Tablespace: 
--

ALTER TABLE ONLY sample_domain
    ADD CONSTRAINT sampledom_pk PRIMARY KEY (id);


--
-- Name: sampletype_panel_pkey; Type: CONSTRAINT; Schema: clinlims; Owner: clinlims; Tablespace: 
--

ALTER TABLE ONLY sampletype_panel
    ADD CONSTRAINT sampletype_panel_pkey PRIMARY KEY (id);


--
-- Name: sampletype_test_pkey; Type: CONSTRAINT; Schema: clinlims; Owner: clinlims; Tablespace: 
--

ALTER TABLE ONLY sampletype_test
    ADD CONSTRAINT sampletype_test_pkey PRIMARY KEY (id);


--
-- Name: sci_name_pk; Type: CONSTRAINT; Schema: clinlims; Owner: clinlims; Tablespace: 
--

ALTER TABLE ONLY animal_scientific_name
    ADD CONSTRAINT sci_name_pk PRIMARY KEY (id);


--
-- Name: scr_pk; Type: CONSTRAINT; Schema: clinlims; Owner: clinlims; Tablespace: 
--

ALTER TABLE ONLY state_code
    ADD CONSTRAINT scr_pk PRIMARY KEY (id);


--
-- Name: scrip_pk; Type: CONSTRAINT; Schema: clinlims; Owner: clinlims; Tablespace: 
--

ALTER TABLE ONLY scriptlet
    ADD CONSTRAINT scrip_pk PRIMARY KEY (id);


--
-- Name: site_info_pk; Type: CONSTRAINT; Schema: clinlims; Owner: clinlims; Tablespace: 
--

ALTER TABLE ONLY site_information
    ADD CONSTRAINT site_info_pk PRIMARY KEY (id);


--
-- Name: source_pk; Type: CONSTRAINT; Schema: clinlims; Owner: clinlims; Tablespace: 
--

ALTER TABLE ONLY source_of_sample
    ADD CONSTRAINT source_pk PRIMARY KEY (id);


--
-- Name: storage_pk; Type: CONSTRAINT; Schema: clinlims; Owner: clinlims; Tablespace: 
--

ALTER TABLE ONLY storage_location
    ADD CONSTRAINT storage_pk PRIMARY KEY (id);


--
-- Name: su_pk; Type: CONSTRAINT; Schema: clinlims; Owner: clinlims; Tablespace: 
--

ALTER TABLE ONLY storage_unit
    ADD CONSTRAINT su_pk PRIMARY KEY (id);


--
-- Name: sys_c003998; Type: CONSTRAINT; Schema: clinlims; Owner: clinlims; Tablespace: 
--

ALTER TABLE ONLY action
    ADD CONSTRAINT sys_c003998 PRIMARY KEY (id);


--
-- Name: sys_c003999; Type: CONSTRAINT; Schema: clinlims; Owner: clinlims; Tablespace: 
--

ALTER TABLE ONLY action
    ADD CONSTRAINT sys_c003999 UNIQUE (code);


--
-- Name: sys_c004009; Type: CONSTRAINT; Schema: clinlims; Owner: clinlims; Tablespace: 
--

ALTER TABLE ONLY analysis_qaevent_action
    ADD CONSTRAINT sys_c004009 PRIMARY KEY (id);


--
-- Name: sys_c004307; Type: CONSTRAINT; Schema: clinlims; Owner: clinlims; Tablespace: 
--

ALTER TABLE ONLY status_of_sample
    ADD CONSTRAINT sys_c004307 PRIMARY KEY (id);


--
-- Name: sys_mod_pk; Type: CONSTRAINT; Schema: clinlims; Owner: clinlims; Tablespace: 
--

ALTER TABLE ONLY system_module
    ADD CONSTRAINT sys_mod_pk PRIMARY KEY (id);


--
-- Name: sys_role_mo_pk; Type: CONSTRAINT; Schema: clinlims; Owner: clinlims; Tablespace: 
--

ALTER TABLE ONLY system_role_module
    ADD CONSTRAINT sys_role_mo_pk PRIMARY KEY (id);


--
-- Name: sys_use_mo_pk; Type: CONSTRAINT; Schema: clinlims; Owner: clinlims; Tablespace: 
--

ALTER TABLE ONLY system_user_module
    ADD CONSTRAINT sys_use_mo_pk PRIMARY KEY (id);


--
-- Name: sys_use_se_pk; Type: CONSTRAINT; Schema: clinlims; Owner: clinlims; Tablespace: 
--

ALTER TABLE ONLY system_user_section
    ADD CONSTRAINT sys_use_se_pk PRIMARY KEY (id);


--
-- Name: sys_user_pk; Type: CONSTRAINT; Schema: clinlims; Owner: clinlims; Tablespace: 
--

ALTER TABLE ONLY system_user
    ADD CONSTRAINT sys_user_pk PRIMARY KEY (id);


--
-- Name: sys_usr_pk; Type: CONSTRAINT; Schema: clinlims; Owner: clinlims; Tablespace: 
--

ALTER TABLE ONLY system_user_role
    ADD CONSTRAINT sys_usr_pk PRIMARY KEY (system_user_id, role_id);


--
-- Name: system_role_pkey; Type: CONSTRAINT; Schema: clinlims; Owner: clinlims; Tablespace: 
--

ALTER TABLE ONLY system_role
    ADD CONSTRAINT system_role_pkey PRIMARY KEY (id);


--
-- Name: test_analyte_pk; Type: CONSTRAINT; Schema: clinlims; Owner: clinlims; Tablespace: 
--

ALTER TABLE ONLY test_analyte
    ADD CONSTRAINT test_analyte_pk PRIMARY KEY (id);


--
-- Name: test_hl7_code_pk; Type: CONSTRAINT; Schema: clinlims; Owner: clinlims; Tablespace: 
--

ALTER TABLE ONLY test_hl7_code
    ADD CONSTRAINT test_hl7_code_pk PRIMARY KEY (test_id, encoding_type_id);


--
-- Name: test_pk; Type: CONSTRAINT; Schema: clinlims; Owner: clinlims; Tablespace: 
--

ALTER TABLE ONLY test
    ADD CONSTRAINT test_pk PRIMARY KEY (id);


--
-- Name: test_reflx_pk; Type: CONSTRAINT; Schema: clinlims; Owner: clinlims; Tablespace: 
--

ALTER TABLE ONLY test_reflex
    ADD CONSTRAINT test_reflx_pk PRIMARY KEY (id);


--
-- Name: test_sect_pk; Type: CONSTRAINT; Schema: clinlims; Owner: clinlims; Tablespace: 
--

ALTER TABLE ONLY test_section
    ADD CONSTRAINT test_sect_pk PRIMARY KEY (id);


--
-- Name: testfrmt_pk; Type: CONSTRAINT; Schema: clinlims; Owner: clinlims; Tablespace: 
--

ALTER TABLE ONLY test_formats
    ADD CONSTRAINT testfrmt_pk PRIMARY KEY (id);


--
-- Name: tst_rslt_pk; Type: CONSTRAINT; Schema: clinlims; Owner: clinlims; Tablespace: 
--

ALTER TABLE ONLY test_result
    ADD CONSTRAINT tst_rslt_pk PRIMARY KEY (id);


--
-- Name: tsttrlr_pk; Type: CONSTRAINT; Schema: clinlims; Owner: clinlims; Tablespace: 
--

ALTER TABLE ONLY test_trailer
    ADD CONSTRAINT tsttrlr_pk PRIMARY KEY (id);


--
-- Name: tw_pk; Type: CONSTRAINT; Schema: clinlims; Owner: clinlims; Tablespace: 
--

ALTER TABLE ONLY test_worksheets
    ADD CONSTRAINT tw_pk PRIMARY KEY (id);


--
-- Name: twi_pk; Type: CONSTRAINT; Schema: clinlims; Owner: clinlims; Tablespace: 
--

ALTER TABLE ONLY test_worksheet_item
    ADD CONSTRAINT twi_pk PRIMARY KEY (id);


--
-- Name: type_of_test_result_pk; Type: CONSTRAINT; Schema: clinlims; Owner: clinlims; Tablespace: 
--

ALTER TABLE ONLY type_of_test_result
    ADD CONSTRAINT type_of_test_result_pk PRIMARY KEY (id);


--
-- Name: typeosamp_pk; Type: CONSTRAINT; Schema: clinlims; Owner: clinlims; Tablespace: 
--

ALTER TABLE ONLY type_of_sample
    ADD CONSTRAINT typeosamp_pk PRIMARY KEY (id);


--
-- Name: typofprovider_pk; Type: CONSTRAINT; Schema: clinlims; Owner: clinlims; Tablespace: 
--

ALTER TABLE ONLY type_of_provider
    ADD CONSTRAINT typofprovider_pk PRIMARY KEY (id);


--
-- Name: uom_pk; Type: CONSTRAINT; Schema: clinlims; Owner: clinlims; Tablespace: 
--

ALTER TABLE ONLY unit_of_measure
    ADD CONSTRAINT uom_pk PRIMARY KEY (id);


--
-- Name: user_alert_map_pkey; Type: CONSTRAINT; Schema: clinlims; Owner: clinlims; Tablespace: 
--

ALTER TABLE ONLY user_alert_map
    ADD CONSTRAINT user_alert_map_pkey PRIMARY KEY (user_id, map_id);


--
-- Name: user_group_map_pkey; Type: CONSTRAINT; Schema: clinlims; Owner: clinlims; Tablespace: 
--

ALTER TABLE ONLY user_group_map
    ADD CONSTRAINT user_group_map_pkey PRIMARY KEY (user_id, map_id);


--
-- Name: workst_pk; Type: CONSTRAINT; Schema: clinlims; Owner: clinlims; Tablespace: 
--

ALTER TABLE ONLY worksheets
    ADD CONSTRAINT workst_pk PRIMARY KEY (id);


--
-- Name: wq_pk; Type: CONSTRAINT; Schema: clinlims; Owner: clinlims; Tablespace: 
--

ALTER TABLE ONLY worksheet_qc
    ADD CONSTRAINT wq_pk PRIMARY KEY (id);


--
-- Name: wrkst_anls_pk; Type: CONSTRAINT; Schema: clinlims; Owner: clinlims; Tablespace: 
--

ALTER TABLE ONLY worksheet_analysis
    ADD CONSTRAINT wrkst_anls_pk PRIMARY KEY (id);


--
-- Name: wrkst_anlt_pk; Type: CONSTRAINT; Schema: clinlims; Owner: clinlims; Tablespace: 
--

ALTER TABLE ONLY worksheet_analyte
    ADD CONSTRAINT wrkst_anlt_pk PRIMARY KEY (id);


--
-- Name: wrkst_item_pk; Type: CONSTRAINT; Schema: clinlims; Owner: clinlims; Tablespace: 
--

ALTER TABLE ONLY worksheet_item
    ADD CONSTRAINT wrkst_item_pk PRIMARY KEY (id);


--
-- Name: accnum_uk; Type: INDEX; Schema: clinlims; Owner: clinlims; Tablespace: 
--

CREATE UNIQUE INDEX accnum_uk ON sample USING btree (accession_number);


--
-- Name: ad_afield_fk_i; Type: INDEX; Schema: clinlims; Owner: clinlims; Tablespace: 
--

CREATE INDEX ad_afield_fk_i ON aux_data USING btree (aux_field_id);


--
-- Name: af_analyte_fk_i; Type: INDEX; Schema: clinlims; Owner: clinlims; Tablespace: 
--

CREATE INDEX af_analyte_fk_i ON aux_field USING btree (analyte_id);


--
-- Name: af_script_fk_i; Type: INDEX; Schema: clinlims; Owner: clinlims; Tablespace: 
--

CREATE INDEX af_script_fk_i ON aux_field USING btree (scriptlet_id);


--
-- Name: afv_afield_fk_i; Type: INDEX; Schema: clinlims; Owner: clinlims; Tablespace: 
--

CREATE INDEX afv_afield_fk_i ON aux_field_values USING btree (aux_field_id);


--
-- Name: analysis_sampitem_fk_i; Type: INDEX; Schema: clinlims; Owner: clinlims; Tablespace: 
--

CREATE INDEX analysis_sampitem_fk_i ON analysis USING btree (sampitem_id);


--
-- Name: analysis_test_fk_i; Type: INDEX; Schema: clinlims; Owner: clinlims; Tablespace: 
--

CREATE INDEX analysis_test_fk_i ON analysis USING btree (test_id);


--
-- Name: analysis_test_sect_fk_i; Type: INDEX; Schema: clinlims; Owner: clinlims; Tablespace: 
--

CREATE INDEX analysis_test_sect_fk_i ON analysis USING btree (test_sect_id);


--
-- Name: analyte_analyte_fk_i; Type: INDEX; Schema: clinlims; Owner: clinlims; Tablespace: 
--

CREATE INDEX analyte_analyte_fk_i ON analyte USING btree (analyte_id);


--
-- Name: ani_samp_comm_anim_fk_i; Type: INDEX; Schema: clinlims; Owner: clinlims; Tablespace: 
--

CREATE INDEX ani_samp_comm_anim_fk_i ON sample_animal USING btree (comm_anim_id);


--
-- Name: ani_samp_samp_fk_i; Type: INDEX; Schema: clinlims; Owner: clinlims; Tablespace: 
--

CREATE INDEX ani_samp_samp_fk_i ON sample_animal USING btree (samp_id);


--
-- Name: ani_samp_sci_name_fk_i; Type: INDEX; Schema: clinlims; Owner: clinlims; Tablespace: 
--

CREATE INDEX ani_samp_sci_name_fk_i ON sample_animal USING btree (sci_name_id);


--
-- Name: anqaev_anal_fk_i; Type: INDEX; Schema: clinlims; Owner: clinlims; Tablespace: 
--

CREATE INDEX anqaev_anal_fk_i ON analysis_qaevent USING btree (analysis_id);


--
-- Name: anqaev_qa_event_fk_i; Type: INDEX; Schema: clinlims; Owner: clinlims; Tablespace: 
--

CREATE INDEX anqaev_qa_event_fk_i ON analysis_qaevent USING btree (qa_event_id);


--
-- Name: anst_anal_fk_i; Type: INDEX; Schema: clinlims; Owner: clinlims; Tablespace: 
--

CREATE INDEX anst_anal_fk_i ON analysis_storages USING btree (analysis_id);


--
-- Name: anstore_storage_fk_i; Type: INDEX; Schema: clinlims; Owner: clinlims; Tablespace: 
--

CREATE INDEX anstore_storage_fk_i ON analysis_storages USING btree (storage_id);


--
-- Name: anus_anal_fk_i; Type: INDEX; Schema: clinlims; Owner: clinlims; Tablespace: 
--

CREATE INDEX anus_anal_fk_i ON analysis_users USING btree (analysis_id);


--
-- Name: anus_sysuser_fk_i; Type: INDEX; Schema: clinlims; Owner: clinlims; Tablespace: 
--

CREATE INDEX anus_sysuser_fk_i ON analysis_users USING btree (system_user_id);


--
-- Name: attachmtitem_attachmt_fk_i; Type: INDEX; Schema: clinlims; Owner: clinlims; Tablespace: 
--

CREATE INDEX attachmtitem_attachmt_fk_i ON attachment_item USING btree (attachment_id);


--
-- Name: env_samp_samp_fk_i; Type: INDEX; Schema: clinlims; Owner: clinlims; Tablespace: 
--

CREATE INDEX env_samp_samp_fk_i ON sample_environmental USING btree (samp_id);


--
-- Name: hist_sys_user_fk_i; Type: INDEX; Schema: clinlims; Owner: clinlims; Tablespace: 
--

CREATE INDEX hist_sys_user_fk_i ON history USING btree (sys_user_id);


--
-- Name: hum_pat_fk_i; Type: INDEX; Schema: clinlims; Owner: clinlims; Tablespace: 
--

CREATE INDEX hum_pat_fk_i ON sample_human USING btree (patient_id);


--
-- Name: hum_provider_fk_i; Type: INDEX; Schema: clinlims; Owner: clinlims; Tablespace: 
--

CREATE INDEX hum_provider_fk_i ON sample_human USING btree (provider_id);


--
-- Name: hum_samp_fk_i; Type: INDEX; Schema: clinlims; Owner: clinlims; Tablespace: 
--

CREATE INDEX hum_samp_fk_i ON sample_human USING btree (samp_id);


--
-- Name: ia_analyte_fk_i; Type: INDEX; Schema: clinlims; Owner: clinlims; Tablespace: 
--

CREATE INDEX ia_analyte_fk_i ON instrument_analyte USING btree (analyte_id);


--
-- Name: ia_instru_fk_i; Type: INDEX; Schema: clinlims; Owner: clinlims; Tablespace: 
--

CREATE INDEX ia_instru_fk_i ON instrument_analyte USING btree (instru_id);


--
-- Name: ia_method_fk_i; Type: INDEX; Schema: clinlims; Owner: clinlims; Tablespace: 
--

CREATE INDEX ia_method_fk_i ON instrument_analyte USING btree (method_id);


--
-- Name: il_instru_fk_i; Type: INDEX; Schema: clinlims; Owner: clinlims; Tablespace: 
--

CREATE INDEX il_instru_fk_i ON instrument_log USING btree (instru_id);


--
-- Name: il_inv_item_fk_i; Type: INDEX; Schema: clinlims; Owner: clinlims; Tablespace: 
--

CREATE INDEX il_inv_item_fk_i ON inventory_location USING btree (inv_item_id);


--
-- Name: instru_scrip_fk_i; Type: INDEX; Schema: clinlims; Owner: clinlims; Tablespace: 
--

CREATE INDEX instru_scrip_fk_i ON instrument USING btree (scrip_id);


--
-- Name: inv_recpt_invitem_fk_i; Type: INDEX; Schema: clinlims; Owner: clinlims; Tablespace: 
--

CREATE INDEX inv_recpt_invitem_fk_i ON inventory_receipt USING btree (invitem_id);


--
-- Name: invcomp_invitem_fk_i; Type: INDEX; Schema: clinlims; Owner: clinlims; Tablespace: 
--

CREATE INDEX invcomp_invitem_fk_i ON inventory_component USING btree (invitem_id);


--
-- Name: invcomp_matcomp_fk_ii; Type: INDEX; Schema: clinlims; Owner: clinlims; Tablespace: 
--

CREATE INDEX invcomp_matcomp_fk_ii ON inventory_component USING btree (material_component_id);


--
-- Name: invitem_invname_uk; Type: INDEX; Schema: clinlims; Owner: clinlims; Tablespace: 
--

CREATE UNIQUE INDEX invitem_invname_uk ON inventory_item USING btree (name);


--
-- Name: invitem_uom_fk_i; Type: INDEX; Schema: clinlims; Owner: clinlims; Tablespace: 
--

CREATE INDEX invitem_uom_fk_i ON inventory_item USING btree (uom_id);


--
-- Name: invloc_storage_fk_i; Type: INDEX; Schema: clinlims; Owner: clinlims; Tablespace: 
--

CREATE INDEX invloc_storage_fk_i ON inventory_location USING btree (storage_id);


--
-- Name: invrec_org_fk_ii; Type: INDEX; Schema: clinlims; Owner: clinlims; Tablespace: 
--

CREATE INDEX invrec_org_fk_ii ON inventory_receipt USING btree (org_id);


--
-- Name: label_script_fk_i; Type: INDEX; Schema: clinlims; Owner: clinlims; Tablespace: 
--

CREATE INDEX label_script_fk_i ON label USING btree (scriptlet_id);


--
-- Name: ma_analyte_fk_i; Type: INDEX; Schema: clinlims; Owner: clinlims; Tablespace: 
--

CREATE INDEX ma_analyte_fk_i ON method_analyte USING btree (analyte_id);


--
-- Name: ma_method_fk_i; Type: INDEX; Schema: clinlims; Owner: clinlims; Tablespace: 
--

CREATE INDEX ma_method_fk_i ON method_analyte USING btree (method_id);


--
-- Name: methres_method_fk_iii; Type: INDEX; Schema: clinlims; Owner: clinlims; Tablespace: 
--

CREATE INDEX methres_method_fk_iii ON method_result USING btree (method_id);


--
-- Name: methres_scrip_fk_i; Type: INDEX; Schema: clinlims; Owner: clinlims; Tablespace: 
--

CREATE INDEX methres_scrip_fk_i ON method_result USING btree (scrip_id);


--
-- Name: mls_lab_tp_org_mlt_fk_i; Type: INDEX; Schema: clinlims; Owner: clinlims; Tablespace: 
--

CREATE INDEX mls_lab_tp_org_mlt_fk_i ON mls_lab_type USING btree (org_mlt_org_mlt_id);


--
-- Name: note_sys_user_fk_i; Type: INDEX; Schema: clinlims; Owner: clinlims; Tablespace: 
--

CREATE INDEX note_sys_user_fk_i ON note USING btree (sys_user_id);


--
-- Name: ord_org_fk_i; Type: INDEX; Schema: clinlims; Owner: clinlims; Tablespace: 
--

CREATE INDEX ord_org_fk_i ON orders USING btree (org_id);


--
-- Name: ord_sys_user_fk_i; Type: INDEX; Schema: clinlims; Owner: clinlims; Tablespace: 
--

CREATE INDEX ord_sys_user_fk_i ON orders USING btree (sys_user_id);


--
-- Name: orditem_inv_loc_fk_iii; Type: INDEX; Schema: clinlims; Owner: clinlims; Tablespace: 
--

CREATE INDEX orditem_inv_loc_fk_iii ON order_item USING btree (inv_loc_id);


--
-- Name: orditem_ord_fk_i; Type: INDEX; Schema: clinlims; Owner: clinlims; Tablespace: 
--

CREATE INDEX orditem_ord_fk_i ON order_item USING btree (ord_id);


--
-- Name: org_contac_ct_fk_i; Type: INDEX; Schema: clinlims; Owner: clinlims; Tablespace: 
--

CREATE INDEX org_contac_ct_fk_i ON organization_contact USING btree (ct_id);


--
-- Name: org_contac_org_fk_i; Type: INDEX; Schema: clinlims; Owner: clinlims; Tablespace: 
--

CREATE INDEX org_contac_org_fk_i ON organization_contact USING btree (org_id);


--
-- Name: org_org_fk_i; Type: INDEX; Schema: clinlims; Owner: clinlims; Tablespace: 
--

CREATE INDEX org_org_fk_i ON organization USING btree (org_id);


--
-- Name: org_org_mlt_fk_i; Type: INDEX; Schema: clinlims; Owner: clinlims; Tablespace: 
--

CREATE INDEX org_org_mlt_fk_i ON organization USING btree (org_mlt_org_mlt_id);


--
-- Name: orgcontactrep_orgcontact_fk_i; Type: INDEX; Schema: clinlims; Owner: clinlims; Tablespace: 
--

CREATE INDEX orgcontactrep_orgcontact_fk_i ON organization_contact_reporting USING btree (org_contact_id);


--
-- Name: pan_it_panel_fk_i; Type: INDEX; Schema: clinlims; Owner: clinlims; Tablespace: 
--

CREATE INDEX pan_it_panel_fk_i ON panel_item USING btree (panel_id);


--
-- Name: pat_person_fk_i; Type: INDEX; Schema: clinlims; Owner: clinlims; Tablespace: 
--

CREATE INDEX pat_person_fk_i ON patient USING btree (person_id);


--
-- Name: pr_pat_fk_i; Type: INDEX; Schema: clinlims; Owner: clinlims; Tablespace: 
--

CREATE INDEX pr_pat_fk_i ON patient_relations USING btree (pat_id);


--
-- Name: pr_pat_source_fk_i; Type: INDEX; Schema: clinlims; Owner: clinlims; Tablespace: 
--

CREATE INDEX pr_pat_source_fk_i ON patient_relations USING btree (pat_id_source);


--
-- Name: proj_sys_user_fk_i; Type: INDEX; Schema: clinlims; Owner: clinlims; Tablespace: 
--

CREATE INDEX proj_sys_user_fk_i ON project USING btree (sys_user_id);


--
-- Name: project_script_fk_iii; Type: INDEX; Schema: clinlims; Owner: clinlims; Tablespace: 
--

CREATE INDEX project_script_fk_iii ON project USING btree (scriptlet_id);


--
-- Name: projectparam_proj_fk_i; Type: INDEX; Schema: clinlims; Owner: clinlims; Tablespace: 
--

CREATE INDEX projectparam_proj_fk_i ON project_parameter USING btree (project_id);


--
-- Name: provider_person_fk_i; Type: INDEX; Schema: clinlims; Owner: clinlims; Tablespace: 
--

CREATE INDEX provider_person_fk_i ON provider USING btree (person_id);


--
-- Name: qaev_test_fk_i; Type: INDEX; Schema: clinlims; Owner: clinlims; Tablespace: 
--

CREATE INDEX qaev_test_fk_i ON qa_event USING btree (test_id);


--
-- Name: qc_sys_user_fk_i; Type: INDEX; Schema: clinlims; Owner: clinlims; Tablespace: 
--

CREATE INDEX qc_sys_user_fk_i ON qc USING btree (sys_user_id);


--
-- Name: qc_uom_fk_i; Type: INDEX; Schema: clinlims; Owner: clinlims; Tablespace: 
--

CREATE INDEX qc_uom_fk_i ON qc USING btree (uom_id);


--
-- Name: qcanlyt_analyte_fk_i; Type: INDEX; Schema: clinlims; Owner: clinlims; Tablespace: 
--

CREATE INDEX qcanlyt_analyte_fk_i ON qc_analytes USING btree (analyte_id);


--
-- Name: result_analysis_fk_i; Type: INDEX; Schema: clinlims; Owner: clinlims; Tablespace: 
--

CREATE INDEX result_analysis_fk_i ON result USING btree (analysis_id);


--
-- Name: result_analyte_fk_iii; Type: INDEX; Schema: clinlims; Owner: clinlims; Tablespace: 
--

CREATE INDEX result_analyte_fk_iii ON result USING btree (analyte_id);


--
-- Name: result_testresult_fk_1; Type: INDEX; Schema: clinlims; Owner: clinlims; Tablespace: 
--

CREATE INDEX result_testresult_fk_1 ON result USING btree (test_result_id);


--
-- Name: samp_org_org_fk_i; Type: INDEX; Schema: clinlims; Owner: clinlims; Tablespace: 
--

CREATE INDEX samp_org_org_fk_i ON sample_organization USING btree (org_id);


--
-- Name: samp_org_samp_fk_i; Type: INDEX; Schema: clinlims; Owner: clinlims; Tablespace: 
--

CREATE INDEX samp_org_samp_fk_i ON sample_organization USING btree (samp_id);


--
-- Name: samp_package_1_fk_i; Type: INDEX; Schema: clinlims; Owner: clinlims; Tablespace: 
--

CREATE INDEX samp_package_1_fk_i ON sample USING btree (package_id);


--
-- Name: samp_sys_user_fk_i; Type: INDEX; Schema: clinlims; Owner: clinlims; Tablespace: 
--

CREATE INDEX samp_sys_user_fk_i ON sample USING btree (sys_user_id);


--
-- Name: sampitem_samp_fk_i; Type: INDEX; Schema: clinlims; Owner: clinlims; Tablespace: 
--

CREATE INDEX sampitem_samp_fk_i ON sample_item USING btree (samp_id);


--
-- Name: sampitem_samp_item_uk_uk; Type: INDEX; Schema: clinlims; Owner: clinlims; Tablespace: 
--

CREATE UNIQUE INDEX sampitem_samp_item_uk_uk ON sample_item USING btree (id, sort_order);


--
-- Name: sampitem_sampitem_fk_i; Type: INDEX; Schema: clinlims; Owner: clinlims; Tablespace: 
--

CREATE INDEX sampitem_sampitem_fk_i ON sample_item USING btree (sampitem_id);


--
-- Name: sampitem_source_fk_i; Type: INDEX; Schema: clinlims; Owner: clinlims; Tablespace: 
--

CREATE INDEX sampitem_source_fk_i ON sample_item USING btree (source_id);


--
-- Name: sampitem_typeosamp_fk_i; Type: INDEX; Schema: clinlims; Owner: clinlims; Tablespace: 
--

CREATE INDEX sampitem_typeosamp_fk_i ON sample_item USING btree (typeosamp_id);


--
-- Name: sampitem_uom_fk_i; Type: INDEX; Schema: clinlims; Owner: clinlims; Tablespace: 
--

CREATE INDEX sampitem_uom_fk_i ON sample_item USING btree (uom_id);


--
-- Name: sample_projects_pk; Type: INDEX; Schema: clinlims; Owner: clinlims; Tablespace: 
--

CREATE UNIQUE INDEX sample_projects_pk ON sample_projects USING btree (id);


--
-- Name: sampledom_dom_uk_uk; Type: INDEX; Schema: clinlims; Owner: clinlims; Tablespace: 
--

CREATE UNIQUE INDEX sampledom_dom_uk_uk ON sample_domain USING btree (domain);


--
-- Name: sci_name_comm_anim_fk_i; Type: INDEX; Schema: clinlims; Owner: clinlims; Tablespace: 
--

CREATE INDEX sci_name_comm_anim_fk_i ON animal_scientific_name USING btree (comm_anim_id);


--
-- Name: source_dom_desc_uk_uk; Type: INDEX; Schema: clinlims; Owner: clinlims; Tablespace: 
--

CREATE UNIQUE INDEX source_dom_desc_uk_uk ON source_of_sample USING btree (description, domain);


--
-- Name: sp_proj_fk_i; Type: INDEX; Schema: clinlims; Owner: clinlims; Tablespace: 
--

CREATE INDEX sp_proj_fk_i ON sample_projects USING btree (proj_id);


--
-- Name: sp_samp_fk_i; Type: INDEX; Schema: clinlims; Owner: clinlims; Tablespace: 
--

CREATE INDEX sp_samp_fk_i ON sample_projects USING btree (samp_id);


--
-- Name: storloc_parent_storloc_fk_i; Type: INDEX; Schema: clinlims; Owner: clinlims; Tablespace: 
--

CREATE INDEX storloc_parent_storloc_fk_i ON storage_location USING btree (parent_storageloc_id);


--
-- Name: storloc_storunit_fk_i; Type: INDEX; Schema: clinlims; Owner: clinlims; Tablespace: 
--

CREATE INDEX storloc_storunit_fk_i ON storage_location USING btree (storage_unit_id);


--
-- Name: sysrolemodule_sysmodule_fk_i; Type: INDEX; Schema: clinlims; Owner: clinlims; Tablespace: 
--

CREATE INDEX sysrolemodule_sysmodule_fk_i ON system_role_module USING btree (system_module_id);


--
-- Name: sysrolemodule_sysuser_fk_i; Type: INDEX; Schema: clinlims; Owner: clinlims; Tablespace: 
--

CREATE INDEX sysrolemodule_sysuser_fk_i ON system_role_module USING btree (system_role_id);


--
-- Name: sysusermodule_sysmodule_fk_i; Type: INDEX; Schema: clinlims; Owner: clinlims; Tablespace: 
--

CREATE INDEX sysusermodule_sysmodule_fk_i ON system_user_module USING btree (system_module_id);


--
-- Name: sysusermodule_sysuser_fk_i; Type: INDEX; Schema: clinlims; Owner: clinlims; Tablespace: 
--

CREATE INDEX sysusermodule_sysuser_fk_i ON system_user_module USING btree (system_user_id);


--
-- Name: sysusersect_sysuser_fk_i; Type: INDEX; Schema: clinlims; Owner: clinlims; Tablespace: 
--

CREATE INDEX sysusersect_sysuser_fk_i ON system_user_section USING btree (system_user_id);


--
-- Name: sysusersect_testsect_fk_i; Type: INDEX; Schema: clinlims; Owner: clinlims; Tablespace: 
--

CREATE INDEX sysusersect_testsect_fk_i ON system_user_section USING btree (test_section_id);


--
-- Name: test_desc_uk; Type: INDEX; Schema: clinlims; Owner: clinlims; Tablespace: 
--

CREATE UNIQUE INDEX test_desc_uk ON test USING btree (description);


--
-- Name: test_label_fk_i; Type: INDEX; Schema: clinlims; Owner: clinlims; Tablespace: 
--

CREATE INDEX test_label_fk_i ON test USING btree (label_id);


--
-- Name: test_method_fk_i; Type: INDEX; Schema: clinlims; Owner: clinlims; Tablespace: 
--

CREATE INDEX test_method_fk_i ON test USING btree (method_id);


--
-- Name: test_reflx_tst_rslt_fk_i; Type: INDEX; Schema: clinlims; Owner: clinlims; Tablespace: 
--

CREATE INDEX test_reflx_tst_rslt_fk_i ON test_reflex USING btree (tst_rslt_id);


--
-- Name: test_scriptlet_fk_i; Type: INDEX; Schema: clinlims; Owner: clinlims; Tablespace: 
--

CREATE INDEX test_scriptlet_fk_i ON test USING btree (scriptlet_id);


--
-- Name: test_sect_org_fk_i; Type: INDEX; Schema: clinlims; Owner: clinlims; Tablespace: 
--

CREATE INDEX test_sect_org_fk_i ON test_section USING btree (org_id);


--
-- Name: test_testformat_fk_i; Type: INDEX; Schema: clinlims; Owner: clinlims; Tablespace: 
--

CREATE INDEX test_testformat_fk_i ON test USING btree (test_format_id);


--
-- Name: test_testsect_fk_i; Type: INDEX; Schema: clinlims; Owner: clinlims; Tablespace: 
--

CREATE INDEX test_testsect_fk_i ON test USING btree (test_section_id);


--
-- Name: test_testtrailer_fk_i; Type: INDEX; Schema: clinlims; Owner: clinlims; Tablespace: 
--

CREATE INDEX test_testtrailer_fk_i ON test USING btree (test_trailer_id);


--
-- Name: test_uom_fk_i; Type: INDEX; Schema: clinlims; Owner: clinlims; Tablespace: 
--

CREATE INDEX test_uom_fk_i ON test USING btree (uom_id);


--
-- Name: testalyt_analyte_fk_i; Type: INDEX; Schema: clinlims; Owner: clinlims; Tablespace: 
--

CREATE INDEX testalyt_analyte_fk_i ON test_analyte USING btree (analyte_id);


--
-- Name: testalyt_test_fk_i; Type: INDEX; Schema: clinlims; Owner: clinlims; Tablespace: 
--

CREATE INDEX testalyt_test_fk_i ON test_analyte USING btree (test_id);


--
-- Name: testreflex_addtest_fk_i; Type: INDEX; Schema: clinlims; Owner: clinlims; Tablespace: 
--

CREATE INDEX testreflex_addtest_fk_i ON test_reflex USING btree (add_test_id);


--
-- Name: testreflex_test_fk_i; Type: INDEX; Schema: clinlims; Owner: clinlims; Tablespace: 
--

CREATE INDEX testreflex_test_fk_i ON test_reflex USING btree (test_id);


--
-- Name: testreflex_testanalyt_fk_i; Type: INDEX; Schema: clinlims; Owner: clinlims; Tablespace: 
--

CREATE INDEX testreflex_testanalyt_fk_i ON test_reflex USING btree (test_analyte_id);


--
-- Name: testresult_scriptlet_fk_i; Type: INDEX; Schema: clinlims; Owner: clinlims; Tablespace: 
--

CREATE INDEX testresult_scriptlet_fk_i ON test_result USING btree (scriptlet_id);


--
-- Name: tst_rslt_test_fk_i; Type: INDEX; Schema: clinlims; Owner: clinlims; Tablespace: 
--

CREATE INDEX tst_rslt_test_fk_i ON test_result USING btree (test_id);


--
-- Name: tw_test_fk_i; Type: INDEX; Schema: clinlims; Owner: clinlims; Tablespace: 
--

CREATE INDEX tw_test_fk_i ON test_worksheets USING btree (test_id);


--
-- Name: twi_qc_fk_i; Type: INDEX; Schema: clinlims; Owner: clinlims; Tablespace: 
--

CREATE INDEX twi_qc_fk_i ON test_worksheet_item USING btree (qc_id);


--
-- Name: twi_tw_fk_i; Type: INDEX; Schema: clinlims; Owner: clinlims; Tablespace: 
--

CREATE INDEX twi_tw_fk_i ON test_worksheet_item USING btree (tw_id);


--
-- Name: typeosamp_dom_desc_uk_uk; Type: INDEX; Schema: clinlims; Owner: clinlims; Tablespace: 
--

CREATE UNIQUE INDEX typeosamp_dom_desc_uk_uk ON type_of_sample USING btree (description, domain);


--
-- Name: typofprov_desc_uk_uk; Type: INDEX; Schema: clinlims; Owner: clinlims; Tablespace: 
--

CREATE UNIQUE INDEX typofprov_desc_uk_uk ON type_of_provider USING btree (description);


--
-- Name: wkshtanalysis_wkshtitem_fk_i; Type: INDEX; Schema: clinlims; Owner: clinlims; Tablespace: 
--

CREATE INDEX wkshtanalysis_wkshtitem_fk_i ON worksheet_analysis USING btree (worksheet_item_id);


--
-- Name: wkshtanalyte_result_fk_i; Type: INDEX; Schema: clinlims; Owner: clinlims; Tablespace: 
--

CREATE INDEX wkshtanalyte_result_fk_i ON worksheet_analyte USING btree (result_id);


--
-- Name: wkshtitem_wksht_fk_i; Type: INDEX; Schema: clinlims; Owner: clinlims; Tablespace: 
--

CREATE INDEX wkshtitem_wksht_fk_i ON worksheet_item USING btree (worksheet_id);


--
-- Name: wkshtqc_qcanalyte_fk_i; Type: INDEX; Schema: clinlims; Owner: clinlims; Tablespace: 
--

CREATE INDEX wkshtqc_qcanalyte_fk_i ON worksheet_qc USING btree (qc_analyte_id);


--
-- Name: wkshtqc_wkshtanalysis_fk_i; Type: INDEX; Schema: clinlims; Owner: clinlims; Tablespace: 
--

CREATE INDEX wkshtqc_wkshtanalysis_fk_i ON worksheet_qc USING btree (worksheet_analysis_id);


--
-- Name: workst_sys_user_fk_i; Type: INDEX; Schema: clinlims; Owner: clinlims; Tablespace: 
--

CREATE INDEX workst_sys_user_fk_i ON worksheets USING btree (sys_user_id);


--
-- Name: workst_test_fk_i; Type: INDEX; Schema: clinlims; Owner: clinlims; Tablespace: 
--

CREATE INDEX workst_test_fk_i ON worksheets USING btree (test_id);


--
-- Name: wrkst_anlt_wrkst_anls_fk_i; Type: INDEX; Schema: clinlims; Owner: clinlims; Tablespace: 
--

CREATE INDEX wrkst_anlt_wrkst_anls_fk_i ON worksheet_analyte USING btree (wrkst_anls_id);


--
-- Name: ad_afield_fk; Type: FK CONSTRAINT; Schema: clinlims; Owner: clinlims
--

ALTER TABLE ONLY aux_data
    ADD CONSTRAINT ad_afield_fk FOREIGN KEY (aux_field_id) REFERENCES aux_field(id) MATCH FULL;


--
-- Name: af_analyte_fk; Type: FK CONSTRAINT; Schema: clinlims; Owner: clinlims
--

ALTER TABLE ONLY aux_field
    ADD CONSTRAINT af_analyte_fk FOREIGN KEY (analyte_id) REFERENCES analyte(id) MATCH FULL;


--
-- Name: af_script_fk; Type: FK CONSTRAINT; Schema: clinlims; Owner: clinlims
--

ALTER TABLE ONLY aux_field
    ADD CONSTRAINT af_script_fk FOREIGN KEY (scriptlet_id) REFERENCES scriptlet(id) MATCH FULL;


--
-- Name: afv_afield_fk; Type: FK CONSTRAINT; Schema: clinlims; Owner: clinlims
--

ALTER TABLE ONLY aux_field_values
    ADD CONSTRAINT afv_afield_fk FOREIGN KEY (aux_field_id) REFERENCES aux_field(id) MATCH FULL;


--
-- Name: analysis_parent_analysis_fk; Type: FK CONSTRAINT; Schema: clinlims; Owner: clinlims
--

ALTER TABLE ONLY analysis
    ADD CONSTRAINT analysis_parent_analysis_fk FOREIGN KEY (parent_analysis_id) REFERENCES analysis(id) MATCH FULL;


--
-- Name: analysis_parent_result_fk; Type: FK CONSTRAINT; Schema: clinlims; Owner: clinlims
--

ALTER TABLE ONLY analysis
    ADD CONSTRAINT analysis_parent_result_fk FOREIGN KEY (parent_result_id) REFERENCES result(id) MATCH FULL;


--
-- Name: analysis_sampitem_fk; Type: FK CONSTRAINT; Schema: clinlims; Owner: clinlims
--

ALTER TABLE ONLY analysis
    ADD CONSTRAINT analysis_sampitem_fk FOREIGN KEY (sampitem_id) REFERENCES sample_item(id) MATCH FULL;


--
-- Name: analysis_status_fk; Type: FK CONSTRAINT; Schema: clinlims; Owner: clinlims
--

ALTER TABLE ONLY analysis
    ADD CONSTRAINT analysis_status_fk FOREIGN KEY (status_id) REFERENCES status_of_sample(id);


--
-- Name: analysis_test_fk; Type: FK CONSTRAINT; Schema: clinlims; Owner: clinlims
--

ALTER TABLE ONLY analysis
    ADD CONSTRAINT analysis_test_fk FOREIGN KEY (test_id) REFERENCES test(id) MATCH FULL;


--
-- Name: analysis_test_sect_fk; Type: FK CONSTRAINT; Schema: clinlims; Owner: clinlims
--

ALTER TABLE ONLY analysis
    ADD CONSTRAINT analysis_test_sect_fk FOREIGN KEY (test_sect_id) REFERENCES test_section(id) MATCH FULL;


--
-- Name: analyte_analyte_fk; Type: FK CONSTRAINT; Schema: clinlims; Owner: clinlims
--

ALTER TABLE ONLY analyte
    ADD CONSTRAINT analyte_analyte_fk FOREIGN KEY (analyte_id) REFERENCES analyte(id) MATCH FULL;


--
-- Name: analyzer_fk; Type: FK CONSTRAINT; Schema: clinlims; Owner: clinlims
--

ALTER TABLE ONLY analyzer_results
    ADD CONSTRAINT analyzer_fk FOREIGN KEY (analyzer_id) REFERENCES analyzer(id);


--
-- Name: analyzer_results_test_fk; Type: FK CONSTRAINT; Schema: clinlims; Owner: clinlims
--

ALTER TABLE ONLY analyzer_results
    ADD CONSTRAINT analyzer_results_test_fk FOREIGN KEY (test_id) REFERENCES test(id);


--
-- Name: analyzer_test_map_analyzer_fk; Type: FK CONSTRAINT; Schema: clinlims; Owner: clinlims
--

ALTER TABLE ONLY analyzer_test_map
    ADD CONSTRAINT analyzer_test_map_analyzer_fk FOREIGN KEY (analyzer_id) REFERENCES analyzer(id);


--
-- Name: analyzer_test_map_test_fk; Type: FK CONSTRAINT; Schema: clinlims; Owner: clinlims
--

ALTER TABLE ONLY analyzer_test_map
    ADD CONSTRAINT analyzer_test_map_test_fk FOREIGN KEY (test_id) REFERENCES test(id);


--
-- Name: ani_samp_comm_anim_fk; Type: FK CONSTRAINT; Schema: clinlims; Owner: clinlims
--

ALTER TABLE ONLY sample_animal
    ADD CONSTRAINT ani_samp_comm_anim_fk FOREIGN KEY (comm_anim_id) REFERENCES animal_common_name(id) MATCH FULL;


--
-- Name: ani_samp_samp_fk; Type: FK CONSTRAINT; Schema: clinlims; Owner: clinlims
--

ALTER TABLE ONLY sample_animal
    ADD CONSTRAINT ani_samp_samp_fk FOREIGN KEY (samp_id) REFERENCES sample(id) MATCH FULL;


--
-- Name: ani_samp_sci_name_fk; Type: FK CONSTRAINT; Schema: clinlims; Owner: clinlims
--

ALTER TABLE ONLY sample_animal
    ADD CONSTRAINT ani_samp_sci_name_fk FOREIGN KEY (sci_name_id) REFERENCES animal_scientific_name(id) MATCH FULL;


--
-- Name: anqaev_anal_fk; Type: FK CONSTRAINT; Schema: clinlims; Owner: clinlims
--

ALTER TABLE ONLY analysis_qaevent
    ADD CONSTRAINT anqaev_anal_fk FOREIGN KEY (analysis_id) REFERENCES analysis(id) MATCH FULL;


--
-- Name: anqaev_qa_event_fk; Type: FK CONSTRAINT; Schema: clinlims; Owner: clinlims
--

ALTER TABLE ONLY analysis_qaevent
    ADD CONSTRAINT anqaev_qa_event_fk FOREIGN KEY (qa_event_id) REFERENCES qa_event(id) MATCH FULL;


--
-- Name: anst_anal_fk; Type: FK CONSTRAINT; Schema: clinlims; Owner: clinlims
--

ALTER TABLE ONLY analysis_storages
    ADD CONSTRAINT anst_anal_fk FOREIGN KEY (analysis_id) REFERENCES analysis(id) MATCH FULL;


--
-- Name: anstore_storage_fk; Type: FK CONSTRAINT; Schema: clinlims; Owner: clinlims
--

ALTER TABLE ONLY analysis_storages
    ADD CONSTRAINT anstore_storage_fk FOREIGN KEY (storage_id) REFERENCES storage_location(id) MATCH FULL;


--
-- Name: anus_anal_fk; Type: FK CONSTRAINT; Schema: clinlims; Owner: clinlims
--

ALTER TABLE ONLY analysis_users
    ADD CONSTRAINT anus_anal_fk FOREIGN KEY (analysis_id) REFERENCES analysis(id) MATCH FULL;


--
-- Name: anus_sysuser_fk; Type: FK CONSTRAINT; Schema: clinlims; Owner: clinlims
--

ALTER TABLE ONLY analysis_users
    ADD CONSTRAINT anus_sysuser_fk FOREIGN KEY (system_user_id) REFERENCES system_user(id) MATCH FULL;


--
-- Name: attachmtitem_attachmt_fk; Type: FK CONSTRAINT; Schema: clinlims; Owner: clinlims
--

ALTER TABLE ONLY attachment_item
    ADD CONSTRAINT attachmtitem_attachmt_fk FOREIGN KEY (attachment_id) REFERENCES attachment(id) MATCH FULL;


--
-- Name: cd_elmt_xref_cd_elmt_type_fk; Type: FK CONSTRAINT; Schema: clinlims; Owner: clinlims
--

ALTER TABLE ONLY code_element_xref
    ADD CONSTRAINT cd_elmt_xref_cd_elmt_type_fk FOREIGN KEY (code_element_type_id) REFERENCES code_element_type(id) MATCH FULL;


--
-- Name: cd_elmt_xref_message_org_fk; Type: FK CONSTRAINT; Schema: clinlims; Owner: clinlims
--

ALTER TABLE ONLY code_element_xref
    ADD CONSTRAINT cd_elmt_xref_message_org_fk FOREIGN KEY (message_org_id) REFERENCES message_org(id) MATCH FULL;


--
-- Name: cd_elmt_xref_rcvr_cd_elmt_fk; Type: FK CONSTRAINT; Schema: clinlims; Owner: clinlims
--

ALTER TABLE ONLY code_element_xref
    ADD CONSTRAINT cd_elmt_xref_rcvr_cd_elmt_fk FOREIGN KEY (receiver_code_element_id) REFERENCES receiver_code_element(id) MATCH FULL;


--
-- Name: demographics_history_type_fk; Type: FK CONSTRAINT; Schema: clinlims; Owner: clinlims
--

ALTER TABLE ONLY observation_history
    ADD CONSTRAINT demographics_history_type_fk FOREIGN KEY (observation_history_type_id) REFERENCES observation_history_type(id);


--
-- Name: dictionary_dict_cat_fk; Type: FK CONSTRAINT; Schema: clinlims; Owner: clinlims
--

ALTER TABLE ONLY dictionary
    ADD CONSTRAINT dictionary_dict_cat_fk FOREIGN KEY (dictionary_category_id) REFERENCES dictionary_category(id) MATCH FULL;


--
-- Name: env_samp_samp_fk; Type: FK CONSTRAINT; Schema: clinlims; Owner: clinlims
--

ALTER TABLE ONLY sample_environmental
    ADD CONSTRAINT env_samp_samp_fk FOREIGN KEY (samp_id) REFERENCES sample(id) MATCH FULL;


--
-- Name: fk23ff1fbb1afad98d; Type: FK CONSTRAINT; Schema: clinlims; Owner: clinlims
--

ALTER TABLE ONLY report_parameter_map
    ADD CONSTRAINT fk23ff1fbb1afad98d FOREIGN KEY (parameter_id) REFERENCES report_parameter(parameter_id);


--
-- Name: fk23ff1fbbaaef4a13; Type: FK CONSTRAINT; Schema: clinlims; Owner: clinlims
--

ALTER TABLE ONLY report_parameter_map
    ADD CONSTRAINT fk23ff1fbbaaef4a13 FOREIGN KEY (report_id) REFERENCES report(report_id);


--
-- Name: fk7364f3f6ee01fd95; Type: FK CONSTRAINT; Schema: clinlims; Owner: clinlims
--

ALTER TABLE ONLY report_user
    ADD CONSTRAINT fk7364f3f6ee01fd95 FOREIGN KEY (default_report_id) REFERENCES report(report_id);


--
-- Name: fk7de1c934e4b42987; Type: FK CONSTRAINT; Schema: clinlims; Owner: clinlims
--

ALTER TABLE ONLY user_security
    ADD CONSTRAINT fk7de1c934e4b42987 FOREIGN KEY (user_id) REFERENCES report_user(reportuser_id);


--
-- Name: fk8fdf4934164aa2ed; Type: FK CONSTRAINT; Schema: clinlims; Owner: clinlims
--

ALTER TABLE ONLY report
    ADD CONSTRAINT fk8fdf4934164aa2ed FOREIGN KEY (chart_id) REFERENCES report_chart(chart_id);


--
-- Name: fk8fdf49344330d5a7; Type: FK CONSTRAINT; Schema: clinlims; Owner: clinlims
--

ALTER TABLE ONLY report
    ADD CONSTRAINT fk8fdf49344330d5a7 FOREIGN KEY (datasource_id) REFERENCES report_datasource(datasource_id);


--
-- Name: fk8fdf4934f4dd5a50; Type: FK CONSTRAINT; Schema: clinlims; Owner: clinlims
--

ALTER TABLE ONLY report
    ADD CONSTRAINT fk8fdf4934f4dd5a50 FOREIGN KEY (export_option_id) REFERENCES report_export_options(export_option_id);


--
-- Name: fk901be59920da4a2d; Type: FK CONSTRAINT; Schema: clinlims; Owner: clinlims
--

ALTER TABLE ONLY report_log
    ADD CONSTRAINT fk901be59920da4a2d FOREIGN KEY (alert_id) REFERENCES report_alert(alert_id);


--
-- Name: fk901be599aaef4a13; Type: FK CONSTRAINT; Schema: clinlims; Owner: clinlims
--

ALTER TABLE ONLY report_log
    ADD CONSTRAINT fk901be599aaef4a13 FOREIGN KEY (report_id) REFERENCES report(report_id);


--
-- Name: fk901be599e4b42987; Type: FK CONSTRAINT; Schema: clinlims; Owner: clinlims
--

ALTER TABLE ONLY report_log
    ADD CONSTRAINT fk901be599e4b42987 FOREIGN KEY (user_id) REFERENCES report_user(reportuser_id);


--
-- Name: fk_sibling_reflex; Type: FK CONSTRAINT; Schema: clinlims; Owner: clinlims
--

ALTER TABLE ONLY test_reflex
    ADD CONSTRAINT fk_sibling_reflex FOREIGN KEY (sibling_reflex) REFERENCES test_reflex(id) ON DELETE CASCADE;


--
-- Name: fkbc64163e4330d5a7; Type: FK CONSTRAINT; Schema: clinlims; Owner: clinlims
--

ALTER TABLE ONLY report_parameter
    ADD CONSTRAINT fkbc64163e4330d5a7 FOREIGN KEY (datasource_id) REFERENCES report_datasource(datasource_id);


--
-- Name: fkc49ebe8df17134d; Type: FK CONSTRAINT; Schema: clinlims; Owner: clinlims
--

ALTER TABLE ONLY user_group_map
    ADD CONSTRAINT fkc49ebe8df17134d FOREIGN KEY (group_id) REFERENCES report_group(group_id);


--
-- Name: fkc49ebe8e4b42987; Type: FK CONSTRAINT; Schema: clinlims; Owner: clinlims
--

ALTER TABLE ONLY user_group_map
    ADD CONSTRAINT fkc49ebe8e4b42987 FOREIGN KEY (user_id) REFERENCES report_user(reportuser_id);


--
-- Name: fkc783fd84632801ed; Type: FK CONSTRAINT; Schema: clinlims; Owner: clinlims
--

ALTER TABLE ONLY report_delivery_log
    ADD CONSTRAINT fkc783fd84632801ed FOREIGN KEY (log_id) REFERENCES report_log(log_id);


--
-- Name: fkd83c84520da4a2d; Type: FK CONSTRAINT; Schema: clinlims; Owner: clinlims
--

ALTER TABLE ONLY user_alert_map
    ADD CONSTRAINT fkd83c84520da4a2d FOREIGN KEY (alert_id) REFERENCES report_alert(alert_id);


--
-- Name: fkd83c845aaef4a13; Type: FK CONSTRAINT; Schema: clinlims; Owner: clinlims
--

ALTER TABLE ONLY user_alert_map
    ADD CONSTRAINT fkd83c845aaef4a13 FOREIGN KEY (report_id) REFERENCES report(report_id);


--
-- Name: fkd83c845e4b42987; Type: FK CONSTRAINT; Schema: clinlims; Owner: clinlims
--

ALTER TABLE ONLY user_alert_map
    ADD CONSTRAINT fkd83c845e4b42987 FOREIGN KEY (user_id) REFERENCES report_user(reportuser_id);


--
-- Name: fkef946211aaef4a13; Type: FK CONSTRAINT; Schema: clinlims; Owner: clinlims
--

ALTER TABLE ONLY report_group_map
    ADD CONSTRAINT fkef946211aaef4a13 FOREIGN KEY (report_id) REFERENCES report(report_id);


--
-- Name: fkef946211df17134d; Type: FK CONSTRAINT; Schema: clinlims; Owner: clinlims
--

ALTER TABLE ONLY report_group_map
    ADD CONSTRAINT fkef946211df17134d FOREIGN KEY (group_id) REFERENCES report_group(group_id);


--
-- Name: fkf81c86714330d5a7; Type: FK CONSTRAINT; Schema: clinlims; Owner: clinlims
--

ALTER TABLE ONLY report_alert
    ADD CONSTRAINT fkf81c86714330d5a7 FOREIGN KEY (datasource_id) REFERENCES report_datasource(datasource_id);


--
-- Name: fkf836d4f34330d5a7; Type: FK CONSTRAINT; Schema: clinlims; Owner: clinlims
--

ALTER TABLE ONLY report_chart
    ADD CONSTRAINT fkf836d4f34330d5a7 FOREIGN KEY (datasource_id) REFERENCES report_datasource(datasource_id);


--
-- Name: fkf836d4f3aaef4a13; Type: FK CONSTRAINT; Schema: clinlims; Owner: clinlims
--

ALTER TABLE ONLY report_chart
    ADD CONSTRAINT fkf836d4f3aaef4a13 FOREIGN KEY (report_id) REFERENCES report(report_id);


--
-- Name: fkf836d4f3c83b69fc; Type: FK CONSTRAINT; Schema: clinlims; Owner: clinlims
--

ALTER TABLE ONLY report_chart
    ADD CONSTRAINT fkf836d4f3c83b69fc FOREIGN KEY (overlay_chart_id) REFERENCES report_chart(chart_id);


--
-- Name: history_sysuer_fk; Type: FK CONSTRAINT; Schema: clinlims; Owner: clinlims
--

ALTER TABLE ONLY history
    ADD CONSTRAINT history_sysuer_fk FOREIGN KEY (sys_user_id) REFERENCES system_user(id) MATCH FULL;


--
-- Name: ia_analyte_fk; Type: FK CONSTRAINT; Schema: clinlims; Owner: clinlims
--

ALTER TABLE ONLY instrument_analyte
    ADD CONSTRAINT ia_analyte_fk FOREIGN KEY (analyte_id) REFERENCES analyte(id) MATCH FULL;


--
-- Name: ia_instru_fk; Type: FK CONSTRAINT; Schema: clinlims; Owner: clinlims
--

ALTER TABLE ONLY instrument_analyte
    ADD CONSTRAINT ia_instru_fk FOREIGN KEY (instru_id) REFERENCES instrument(id) MATCH FULL;


--
-- Name: ia_method_fk; Type: FK CONSTRAINT; Schema: clinlims; Owner: clinlims
--

ALTER TABLE ONLY instrument_analyte
    ADD CONSTRAINT ia_method_fk FOREIGN KEY (method_id) REFERENCES method(id) MATCH FULL;


--
-- Name: identity_type_fk; Type: FK CONSTRAINT; Schema: clinlims; Owner: clinlims
--

ALTER TABLE ONLY patient_identity
    ADD CONSTRAINT identity_type_fk FOREIGN KEY (identity_type_id) REFERENCES patient_identity_type(id);


--
-- Name: il_instru_fk; Type: FK CONSTRAINT; Schema: clinlims; Owner: clinlims
--

ALTER TABLE ONLY instrument_log
    ADD CONSTRAINT il_instru_fk FOREIGN KEY (instru_id) REFERENCES instrument(id) MATCH FULL;


--
-- Name: il_inv_item_fk; Type: FK CONSTRAINT; Schema: clinlims; Owner: clinlims
--

ALTER TABLE ONLY inventory_location
    ADD CONSTRAINT il_inv_item_fk FOREIGN KEY (inv_item_id) REFERENCES inventory_item(id) MATCH FULL;


--
-- Name: inv_recpt_invitem_fk; Type: FK CONSTRAINT; Schema: clinlims; Owner: clinlims
--

ALTER TABLE ONLY inventory_receipt
    ADD CONSTRAINT inv_recpt_invitem_fk FOREIGN KEY (invitem_id) REFERENCES inventory_item(id) MATCH FULL;


--
-- Name: invcomp_invitem_fk; Type: FK CONSTRAINT; Schema: clinlims; Owner: clinlims
--

ALTER TABLE ONLY inventory_component
    ADD CONSTRAINT invcomp_invitem_fk FOREIGN KEY (invitem_id) REFERENCES inventory_item(id) MATCH FULL;


--
-- Name: invcomp_matcomp_fk_iii; Type: FK CONSTRAINT; Schema: clinlims; Owner: clinlims
--

ALTER TABLE ONLY inventory_component
    ADD CONSTRAINT invcomp_matcomp_fk_iii FOREIGN KEY (material_component_id) REFERENCES inventory_item(id) MATCH FULL;


--
-- Name: inventory__location_fk; Type: FK CONSTRAINT; Schema: clinlims; Owner: clinlims
--

ALTER TABLE ONLY result_inventory
    ADD CONSTRAINT inventory__location_fk FOREIGN KEY (inventory_location_id) REFERENCES inventory_location(id);


--
-- Name: invitem_uom_fk; Type: FK CONSTRAINT; Schema: clinlims; Owner: clinlims
--

ALTER TABLE ONLY inventory_item
    ADD CONSTRAINT invitem_uom_fk FOREIGN KEY (uom_id) REFERENCES unit_of_measure(id) MATCH FULL;


--
-- Name: invloc_storage_fk; Type: FK CONSTRAINT; Schema: clinlims; Owner: clinlims
--

ALTER TABLE ONLY inventory_location
    ADD CONSTRAINT invloc_storage_fk FOREIGN KEY (storage_id) REFERENCES storage_location(id) MATCH FULL;


--
-- Name: invrec_org_fk_iii; Type: FK CONSTRAINT; Schema: clinlims; Owner: clinlims
--

ALTER TABLE ONLY inventory_receipt
    ADD CONSTRAINT invrec_org_fk_iii FOREIGN KEY (org_id) REFERENCES organization(id) MATCH FULL;


--
-- Name: label_script_fk; Type: FK CONSTRAINT; Schema: clinlims; Owner: clinlims
--

ALTER TABLE ONLY label
    ADD CONSTRAINT label_script_fk FOREIGN KEY (scriptlet_id) REFERENCES scriptlet(id) MATCH FULL;


--
-- Name: ma_analyte_fk; Type: FK CONSTRAINT; Schema: clinlims; Owner: clinlims
--

ALTER TABLE ONLY method_analyte
    ADD CONSTRAINT ma_analyte_fk FOREIGN KEY (analyte_id) REFERENCES analyte(id) MATCH FULL;


--
-- Name: ma_method_fk; Type: FK CONSTRAINT; Schema: clinlims; Owner: clinlims
--

ALTER TABLE ONLY method_analyte
    ADD CONSTRAINT ma_method_fk FOREIGN KEY (method_id) REFERENCES method(id) MATCH FULL;


--
-- Name: methres_method_fk_ii; Type: FK CONSTRAINT; Schema: clinlims; Owner: clinlims
--

ALTER TABLE ONLY method_result
    ADD CONSTRAINT methres_method_fk_ii FOREIGN KEY (method_id) REFERENCES method(id) MATCH FULL;


--
-- Name: methres_scrip_fk; Type: FK CONSTRAINT; Schema: clinlims; Owner: clinlims
--

ALTER TABLE ONLY method_result
    ADD CONSTRAINT methres_scrip_fk FOREIGN KEY (scrip_id) REFERENCES scriptlet(id) MATCH FULL;


--
-- Name: mls_lab_tp_org_mlt_fk; Type: FK CONSTRAINT; Schema: clinlims; Owner: clinlims
--

ALTER TABLE ONLY mls_lab_type
    ADD CONSTRAINT mls_lab_tp_org_mlt_fk FOREIGN KEY (org_mlt_org_mlt_id) REFERENCES org_mls_lab_type(org_mlt_id) MATCH FULL;


--
-- Name: note_sys_user_fk; Type: FK CONSTRAINT; Schema: clinlims; Owner: clinlims
--

ALTER TABLE ONLY note
    ADD CONSTRAINT note_sys_user_fk FOREIGN KEY (sys_user_id) REFERENCES system_user(id) MATCH FULL;


--
-- Name: ord_org_fk; Type: FK CONSTRAINT; Schema: clinlims; Owner: clinlims
--

ALTER TABLE ONLY orders
    ADD CONSTRAINT ord_org_fk FOREIGN KEY (org_id) REFERENCES organization(id) MATCH FULL;


--
-- Name: ord_sys_user_fk; Type: FK CONSTRAINT; Schema: clinlims; Owner: clinlims
--

ALTER TABLE ONLY orders
    ADD CONSTRAINT ord_sys_user_fk FOREIGN KEY (sys_user_id) REFERENCES system_user(id) MATCH FULL;


--
-- Name: orditem_inv_loc_fk_ii; Type: FK CONSTRAINT; Schema: clinlims; Owner: clinlims
--

ALTER TABLE ONLY order_item
    ADD CONSTRAINT orditem_inv_loc_fk_ii FOREIGN KEY (inv_loc_id) REFERENCES inventory_location(id) MATCH FULL;


--
-- Name: orditem_ord_fk; Type: FK CONSTRAINT; Schema: clinlims; Owner: clinlims
--

ALTER TABLE ONLY order_item
    ADD CONSTRAINT orditem_ord_fk FOREIGN KEY (ord_id) REFERENCES orders(id) MATCH FULL;


--
-- Name: org_contac_ct_fk; Type: FK CONSTRAINT; Schema: clinlims; Owner: clinlims
--

ALTER TABLE ONLY organization_contact
    ADD CONSTRAINT org_contac_ct_fk FOREIGN KEY (ct_id) REFERENCES contact_type(id) MATCH FULL;


--
-- Name: org_contac_org_fk; Type: FK CONSTRAINT; Schema: clinlims; Owner: clinlims
--

ALTER TABLE ONLY organization_contact
    ADD CONSTRAINT org_contac_org_fk FOREIGN KEY (org_id) REFERENCES organization(id) MATCH FULL;


--
-- Name: org_hl7_encoding_id_fk; Type: FK CONSTRAINT; Schema: clinlims; Owner: clinlims
--

ALTER TABLE ONLY org_hl7_encoding_type
    ADD CONSTRAINT org_hl7_encoding_id_fk FOREIGN KEY (encoding_type_id) REFERENCES hl7_encoding_type(id);


--
-- Name: org_hl7_org_id_fk; Type: FK CONSTRAINT; Schema: clinlims; Owner: clinlims
--

ALTER TABLE ONLY org_hl7_encoding_type
    ADD CONSTRAINT org_hl7_org_id_fk FOREIGN KEY (organization_id) REFERENCES organization(id);


--
-- Name: org_org_fk; Type: FK CONSTRAINT; Schema: clinlims; Owner: clinlims
--

ALTER TABLE ONLY organization
    ADD CONSTRAINT org_org_fk FOREIGN KEY (org_id) REFERENCES organization(id) MATCH FULL;


--
-- Name: org_org_mlt_fk; Type: FK CONSTRAINT; Schema: clinlims; Owner: clinlims
--

ALTER TABLE ONLY organization
    ADD CONSTRAINT org_org_mlt_fk FOREIGN KEY (org_mlt_org_mlt_id) REFERENCES org_mls_lab_type(org_mlt_id) MATCH FULL;


--
-- Name: organization_fk; Type: FK CONSTRAINT; Schema: clinlims; Owner: clinlims
--

ALTER TABLE ONLY organization_organization_type
    ADD CONSTRAINT organization_fk FOREIGN KEY (org_id) REFERENCES organization(id);


--
-- Name: organization_fk; Type: FK CONSTRAINT; Schema: clinlims; Owner: clinlims
--

ALTER TABLE ONLY project_organization
    ADD CONSTRAINT organization_fk FOREIGN KEY (org_id) REFERENCES organization(id);


--
-- Name: organization_type_fk; Type: FK CONSTRAINT; Schema: clinlims; Owner: clinlims
--

ALTER TABLE ONLY organization_organization_type
    ADD CONSTRAINT organization_type_fk FOREIGN KEY (org_type_id) REFERENCES organization_type(id);


--
-- Name: orgcontactrep_orgcontact_fk; Type: FK CONSTRAINT; Schema: clinlims; Owner: clinlims
--

ALTER TABLE ONLY organization_contact_reporting
    ADD CONSTRAINT orgcontactrep_orgcontact_fk FOREIGN KEY (org_contact_id) REFERENCES organization_contact(id) MATCH FULL;


--
-- Name: pan_it_panel_fk; Type: FK CONSTRAINT; Schema: clinlims; Owner: clinlims
--

ALTER TABLE ONLY panel_item
    ADD CONSTRAINT pan_it_panel_fk FOREIGN KEY (panel_id) REFERENCES panel(id) MATCH FULL;


--
-- Name: parent_test_sec_test_sect_fk; Type: FK CONSTRAINT; Schema: clinlims; Owner: clinlims
--

ALTER TABLE ONLY test_section
    ADD CONSTRAINT parent_test_sec_test_sect_fk FOREIGN KEY (parent_test_section) REFERENCES test_section(id) MATCH FULL;


--
-- Name: pat_id_fk; Type: FK CONSTRAINT; Schema: clinlims; Owner: clinlims
--

ALTER TABLE ONLY patient_occupation
    ADD CONSTRAINT pat_id_fk FOREIGN KEY (patient_id) REFERENCES patient(id);


--
-- Name: pat_person_fk; Type: FK CONSTRAINT; Schema: clinlims; Owner: clinlims
--

ALTER TABLE ONLY patient
    ADD CONSTRAINT pat_person_fk FOREIGN KEY (person_id) REFERENCES person(id) MATCH FULL;


--
-- Name: patient_fk; Type: FK CONSTRAINT; Schema: clinlims; Owner: clinlims
--

ALTER TABLE ONLY patient_identity
    ADD CONSTRAINT patient_fk FOREIGN KEY (patient_id) REFERENCES patient(id);


--
-- Name: patient_fk; Type: FK CONSTRAINT; Schema: clinlims; Owner: clinlims
--

ALTER TABLE ONLY patient_patient_type
    ADD CONSTRAINT patient_fk FOREIGN KEY (patient_id) REFERENCES patient(id);


--
-- Name: patient_fk; Type: FK CONSTRAINT; Schema: clinlims; Owner: clinlims
--

ALTER TABLE ONLY observation_history
    ADD CONSTRAINT patient_fk FOREIGN KEY (patient_id) REFERENCES patient(id);


--
-- Name: patient_type_fk; Type: FK CONSTRAINT; Schema: clinlims; Owner: clinlims
--

ALTER TABLE ONLY patient_patient_type
    ADD CONSTRAINT patient_type_fk FOREIGN KEY (patient_type_id) REFERENCES patient_type(id);


--
-- Name: pr_pat_fk; Type: FK CONSTRAINT; Schema: clinlims; Owner: clinlims
--

ALTER TABLE ONLY patient_relations
    ADD CONSTRAINT pr_pat_fk FOREIGN KEY (pat_id) REFERENCES patient(id) MATCH FULL;


--
-- Name: pr_pat_source_fk; Type: FK CONSTRAINT; Schema: clinlims; Owner: clinlims
--

ALTER TABLE ONLY patient_relations
    ADD CONSTRAINT pr_pat_source_fk FOREIGN KEY (pat_id_source) REFERENCES patient(id) MATCH FULL;


--
-- Name: project_fk; Type: FK CONSTRAINT; Schema: clinlims; Owner: clinlims
--

ALTER TABLE ONLY project_organization
    ADD CONSTRAINT project_fk FOREIGN KEY (project_id) REFERENCES project(id);


--
-- Name: project_script_fk_ii; Type: FK CONSTRAINT; Schema: clinlims; Owner: clinlims
--

ALTER TABLE ONLY project
    ADD CONSTRAINT project_script_fk_ii FOREIGN KEY (scriptlet_id) REFERENCES scriptlet(id) MATCH FULL;


--
-- Name: project_sysuer_fk; Type: FK CONSTRAINT; Schema: clinlims; Owner: clinlims
--

ALTER TABLE ONLY project
    ADD CONSTRAINT project_sysuer_fk FOREIGN KEY (sys_user_id) REFERENCES system_user(id) MATCH FULL;


--
-- Name: projectparam_proj_fk; Type: FK CONSTRAINT; Schema: clinlims; Owner: clinlims
--

ALTER TABLE ONLY project_parameter
    ADD CONSTRAINT projectparam_proj_fk FOREIGN KEY (project_id) REFERENCES project(id) MATCH FULL;


--
-- Name: prov_person_fk; Type: FK CONSTRAINT; Schema: clinlims; Owner: clinlims
--

ALTER TABLE ONLY provider
    ADD CONSTRAINT prov_person_fk FOREIGN KEY (person_id) REFERENCES person(id) MATCH FULL;


--
-- Name: qaev_test_fk; Type: FK CONSTRAINT; Schema: clinlims; Owner: clinlims
--

ALTER TABLE ONLY qa_event
    ADD CONSTRAINT qaev_test_fk FOREIGN KEY (test_id) REFERENCES test(id) MATCH FULL;


--
-- Name: qc_sys_user_fk; Type: FK CONSTRAINT; Schema: clinlims; Owner: clinlims
--

ALTER TABLE ONLY qc
    ADD CONSTRAINT qc_sys_user_fk FOREIGN KEY (sys_user_id) REFERENCES system_user(id) MATCH FULL;


--
-- Name: qc_uom_fk; Type: FK CONSTRAINT; Schema: clinlims; Owner: clinlims
--

ALTER TABLE ONLY qc
    ADD CONSTRAINT qc_uom_fk FOREIGN KEY (uom_id) REFERENCES unit_of_measure(id) MATCH FULL;


--
-- Name: qcanlyt_analyte_fk; Type: FK CONSTRAINT; Schema: clinlims; Owner: clinlims
--

ALTER TABLE ONLY qc_analytes
    ADD CONSTRAINT qcanlyt_analyte_fk FOREIGN KEY (analyte_id) REFERENCES analyte(id) MATCH FULL;


--
-- Name: qrtz_blob_triggers_trigger_name_fkey; Type: FK CONSTRAINT; Schema: clinlims; Owner: clinlims
--

ALTER TABLE ONLY qrtz_blob_triggers
    ADD CONSTRAINT qrtz_blob_triggers_trigger_name_fkey FOREIGN KEY (trigger_name, trigger_group) REFERENCES qrtz_triggers(trigger_name, trigger_group);


--
-- Name: qrtz_cron_triggers_trigger_name_fkey; Type: FK CONSTRAINT; Schema: clinlims; Owner: clinlims
--

ALTER TABLE ONLY qrtz_cron_triggers
    ADD CONSTRAINT qrtz_cron_triggers_trigger_name_fkey FOREIGN KEY (trigger_name, trigger_group) REFERENCES qrtz_triggers(trigger_name, trigger_group);


--
-- Name: qrtz_job_listeners_job_name_fkey; Type: FK CONSTRAINT; Schema: clinlims; Owner: clinlims
--

ALTER TABLE ONLY qrtz_job_listeners
    ADD CONSTRAINT qrtz_job_listeners_job_name_fkey FOREIGN KEY (job_name, job_group) REFERENCES qrtz_job_details(job_name, job_group);


--
-- Name: qrtz_simple_triggers_trigger_name_fkey; Type: FK CONSTRAINT; Schema: clinlims; Owner: clinlims
--

ALTER TABLE ONLY qrtz_simple_triggers
    ADD CONSTRAINT qrtz_simple_triggers_trigger_name_fkey FOREIGN KEY (trigger_name, trigger_group) REFERENCES qrtz_triggers(trigger_name, trigger_group);


--
-- Name: qrtz_trigger_listeners_trigger_name_fkey; Type: FK CONSTRAINT; Schema: clinlims; Owner: clinlims
--

ALTER TABLE ONLY qrtz_trigger_listeners
    ADD CONSTRAINT qrtz_trigger_listeners_trigger_name_fkey FOREIGN KEY (trigger_name, trigger_group) REFERENCES qrtz_triggers(trigger_name, trigger_group);


--
-- Name: qrtz_triggers_job_name_fkey; Type: FK CONSTRAINT; Schema: clinlims; Owner: clinlims
--

ALTER TABLE ONLY qrtz_triggers
    ADD CONSTRAINT qrtz_triggers_job_name_fkey FOREIGN KEY (job_name, job_group) REFERENCES qrtz_job_details(job_name, job_group);


--
-- Name: receiver_code_code_element_fk; Type: FK CONSTRAINT; Schema: clinlims; Owner: clinlims
--

ALTER TABLE ONLY receiver_code_element
    ADD CONSTRAINT receiver_code_code_element_fk FOREIGN KEY (code_element_type_id) REFERENCES code_element_type(id) MATCH FULL;


--
-- Name: receiver_code_message_org_fk; Type: FK CONSTRAINT; Schema: clinlims; Owner: clinlims
--

ALTER TABLE ONLY receiver_code_element
    ADD CONSTRAINT receiver_code_message_org_fk FOREIGN KEY (message_org_id) REFERENCES message_org(id) MATCH FULL;


--
-- Name: referral_analysis_fk; Type: FK CONSTRAINT; Schema: clinlims; Owner: clinlims
--

ALTER TABLE ONLY referral
    ADD CONSTRAINT referral_analysis_fk FOREIGN KEY (analysis_id) REFERENCES analysis(id);


--
-- Name: referral_organization_fk; Type: FK CONSTRAINT; Schema: clinlims; Owner: clinlims
--

ALTER TABLE ONLY referral
    ADD CONSTRAINT referral_organization_fk FOREIGN KEY (organization_id) REFERENCES organization(id);


--
-- Name: referral_reason_fk; Type: FK CONSTRAINT; Schema: clinlims; Owner: clinlims
--

ALTER TABLE ONLY referral
    ADD CONSTRAINT referral_reason_fk FOREIGN KEY (referral_reason_id) REFERENCES referral_reason(id);


--
-- Name: referral_result_referral_fk; Type: FK CONSTRAINT; Schema: clinlims; Owner: clinlims
--

ALTER TABLE ONLY referral_result
    ADD CONSTRAINT referral_result_referral_fk FOREIGN KEY (referral_id) REFERENCES referral(id);


--
-- Name: referral_result_result; Type: FK CONSTRAINT; Schema: clinlims; Owner: clinlims
--

ALTER TABLE ONLY referral_result
    ADD CONSTRAINT referral_result_result FOREIGN KEY (result_id) REFERENCES result(id);


--
-- Name: referral_result_test_fk; Type: FK CONSTRAINT; Schema: clinlims; Owner: clinlims
--

ALTER TABLE ONLY referral_result
    ADD CONSTRAINT referral_result_test_fk FOREIGN KEY (test_id) REFERENCES test(id);


--
-- Name: referral_type_fk; Type: FK CONSTRAINT; Schema: clinlims; Owner: clinlims
--

ALTER TABLE ONLY referral
    ADD CONSTRAINT referral_type_fk FOREIGN KEY (referral_type_id) REFERENCES referral_type(id);


--
-- Name: requester_type_fk; Type: FK CONSTRAINT; Schema: clinlims; Owner: clinlims
--

ALTER TABLE ONLY sample_requester
    ADD CONSTRAINT requester_type_fk FOREIGN KEY (requester_type_id) REFERENCES requester_type(id);


--
-- Name: result_analysis_fk; Type: FK CONSTRAINT; Schema: clinlims; Owner: clinlims
--

ALTER TABLE ONLY result
    ADD CONSTRAINT result_analysis_fk FOREIGN KEY (analysis_id) REFERENCES analysis(id) MATCH FULL;


--
-- Name: result_analyte_fk_ii; Type: FK CONSTRAINT; Schema: clinlims; Owner: clinlims
--

ALTER TABLE ONLY result
    ADD CONSTRAINT result_analyte_fk_ii FOREIGN KEY (analyte_id) REFERENCES analyte(id) MATCH FULL;


--
-- Name: result_fk; Type: FK CONSTRAINT; Schema: clinlims; Owner: clinlims
--

ALTER TABLE ONLY result_inventory
    ADD CONSTRAINT result_fk FOREIGN KEY (result_id) REFERENCES result(id);


--
-- Name: result_fk; Type: FK CONSTRAINT; Schema: clinlims; Owner: clinlims
--

ALTER TABLE ONLY result_context
    ADD CONSTRAINT result_fk FOREIGN KEY (result_id) REFERENCES result(id);


--
-- Name: result_id_fk; Type: FK CONSTRAINT; Schema: clinlims; Owner: clinlims
--

ALTER TABLE ONLY result_signature
    ADD CONSTRAINT result_id_fk FOREIGN KEY (result_id) REFERENCES result(id);


--
-- Name: result_testresult_fk; Type: FK CONSTRAINT; Schema: clinlims; Owner: clinlims
--

ALTER TABLE ONLY result
    ADD CONSTRAINT result_testresult_fk FOREIGN KEY (test_result_id) REFERENCES test_result(id) MATCH FULL;


--
-- Name: role_fk; Type: FK CONSTRAINT; Schema: clinlims; Owner: clinlims
--

ALTER TABLE ONLY system_user_role
    ADD CONSTRAINT role_fk FOREIGN KEY (role_id) REFERENCES system_role(id) ON DELETE CASCADE;


--
-- Name: role_parent_role_fk; Type: FK CONSTRAINT; Schema: clinlims; Owner: clinlims
--

ALTER TABLE ONLY system_role
    ADD CONSTRAINT role_parent_role_fk FOREIGN KEY (grouping_parent) REFERENCES system_role(id);


--
-- Name: samp_org_org_fk; Type: FK CONSTRAINT; Schema: clinlims; Owner: clinlims
--

ALTER TABLE ONLY sample_organization
    ADD CONSTRAINT samp_org_org_fk FOREIGN KEY (org_id) REFERENCES organization(id) MATCH FULL;


--
-- Name: samp_org_samp_fk; Type: FK CONSTRAINT; Schema: clinlims; Owner: clinlims
--

ALTER TABLE ONLY sample_organization
    ADD CONSTRAINT samp_org_samp_fk FOREIGN KEY (samp_id) REFERENCES sample(id) MATCH FULL;


--
-- Name: samphuman_patient_fk; Type: FK CONSTRAINT; Schema: clinlims; Owner: clinlims
--

ALTER TABLE ONLY sample_human
    ADD CONSTRAINT samphuman_patient_fk FOREIGN KEY (patient_id) REFERENCES patient(id) MATCH FULL;


--
-- Name: samphuman_provider_fk; Type: FK CONSTRAINT; Schema: clinlims; Owner: clinlims
--

ALTER TABLE ONLY sample_human
    ADD CONSTRAINT samphuman_provider_fk FOREIGN KEY (provider_id) REFERENCES provider(id) MATCH FULL;


--
-- Name: samphuman_sample_fk; Type: FK CONSTRAINT; Schema: clinlims; Owner: clinlims
--

ALTER TABLE ONLY sample_human
    ADD CONSTRAINT samphuman_sample_fk FOREIGN KEY (samp_id) REFERENCES sample(id) MATCH FULL;


--
-- Name: sampitem_sampitem_fk; Type: FK CONSTRAINT; Schema: clinlims; Owner: clinlims
--

ALTER TABLE ONLY sample_item
    ADD CONSTRAINT sampitem_sampitem_fk FOREIGN KEY (sampitem_id) REFERENCES sample_item(id) MATCH FULL;


--
-- Name: sampitem_sample_fk; Type: FK CONSTRAINT; Schema: clinlims; Owner: clinlims
--

ALTER TABLE ONLY sample_item
    ADD CONSTRAINT sampitem_sample_fk FOREIGN KEY (samp_id) REFERENCES sample(id) MATCH FULL;


--
-- Name: sampitem_sourceosamp_fk; Type: FK CONSTRAINT; Schema: clinlims; Owner: clinlims
--

ALTER TABLE ONLY sample_item
    ADD CONSTRAINT sampitem_sourceosamp_fk FOREIGN KEY (source_id) REFERENCES source_of_sample(id) MATCH FULL;


--
-- Name: sampitem_typeosamp_fk; Type: FK CONSTRAINT; Schema: clinlims; Owner: clinlims
--

ALTER TABLE ONLY sample_item
    ADD CONSTRAINT sampitem_typeosamp_fk FOREIGN KEY (typeosamp_id) REFERENCES type_of_sample(id) MATCH FULL;


--
-- Name: sampitem_uom_fk; Type: FK CONSTRAINT; Schema: clinlims; Owner: clinlims
--

ALTER TABLE ONLY sample_item
    ADD CONSTRAINT sampitem_uom_fk FOREIGN KEY (uom_id) REFERENCES unit_of_measure(id) MATCH FULL;


--
-- Name: sample_fk; Type: FK CONSTRAINT; Schema: clinlims; Owner: clinlims
--

ALTER TABLE ONLY observation_history
    ADD CONSTRAINT sample_fk FOREIGN KEY (sample_id) REFERENCES sample(id);


--
-- Name: sample_package_fk; Type: FK CONSTRAINT; Schema: clinlims; Owner: clinlims
--

ALTER TABLE ONLY sample
    ADD CONSTRAINT sample_package_fk FOREIGN KEY (package_id) REFERENCES package_1(id) MATCH FULL;


--
-- Name: sample_qaevent_sampleitem_fk; Type: FK CONSTRAINT; Schema: clinlims; Owner: clinlims
--

ALTER TABLE ONLY sample_qaevent
    ADD CONSTRAINT sample_qaevent_sampleitem_fk FOREIGN KEY (sampleitem_id) REFERENCES sample_item(id);


--
-- Name: sample_status_fk; Type: FK CONSTRAINT; Schema: clinlims; Owner: clinlims
--

ALTER TABLE ONLY sample
    ADD CONSTRAINT sample_status_fk FOREIGN KEY (status_id) REFERENCES status_of_sample(id);


--
-- Name: sample_sysuser_fk; Type: FK CONSTRAINT; Schema: clinlims; Owner: clinlims
--

ALTER TABLE ONLY sample
    ADD CONSTRAINT sample_sysuser_fk FOREIGN KEY (sys_user_id) REFERENCES system_user(id) MATCH FULL;


--
-- Name: sampletype_panel_panel_id_fkey; Type: FK CONSTRAINT; Schema: clinlims; Owner: clinlims
--

ALTER TABLE ONLY sampletype_panel
    ADD CONSTRAINT sampletype_panel_panel_id_fkey FOREIGN KEY (panel_id) REFERENCES panel(id);


--
-- Name: sampletype_panel_sample_type_id_fkey; Type: FK CONSTRAINT; Schema: clinlims; Owner: clinlims
--

ALTER TABLE ONLY sampletype_panel
    ADD CONSTRAINT sampletype_panel_sample_type_id_fkey FOREIGN KEY (sample_type_id) REFERENCES type_of_sample(id);


--
-- Name: sampletype_test_sample_type_id_fkey; Type: FK CONSTRAINT; Schema: clinlims; Owner: clinlims
--

ALTER TABLE ONLY sampletype_test
    ADD CONSTRAINT sampletype_test_sample_type_id_fkey FOREIGN KEY (sample_type_id) REFERENCES type_of_sample(id);


--
-- Name: sampletype_test_test_id_fkey; Type: FK CONSTRAINT; Schema: clinlims; Owner: clinlims
--

ALTER TABLE ONLY sampletype_test
    ADD CONSTRAINT sampletype_test_test_id_fkey FOREIGN KEY (test_id) REFERENCES test(id);


--
-- Name: sampnewborn_sample_fk; Type: FK CONSTRAINT; Schema: clinlims; Owner: clinlims
--

ALTER TABLE ONLY sample_newborn
    ADD CONSTRAINT sampnewborn_sample_fk FOREIGN KEY (id) REFERENCES sample_human(id);


--
-- Name: sampproj_project_fk; Type: FK CONSTRAINT; Schema: clinlims; Owner: clinlims
--

ALTER TABLE ONLY sample_projects
    ADD CONSTRAINT sampproj_project_fk FOREIGN KEY (proj_id) REFERENCES project(id) MATCH FULL;


--
-- Name: sampproj_sample_fk; Type: FK CONSTRAINT; Schema: clinlims; Owner: clinlims
--

ALTER TABLE ONLY sample_projects
    ADD CONSTRAINT sampproj_sample_fk FOREIGN KEY (samp_id) REFERENCES sample(id) MATCH FULL;


--
-- Name: sci_name_comm_anim_fk; Type: FK CONSTRAINT; Schema: clinlims; Owner: clinlims
--

ALTER TABLE ONLY animal_scientific_name
    ADD CONSTRAINT sci_name_comm_anim_fk FOREIGN KEY (comm_anim_id) REFERENCES animal_common_name(id) MATCH FULL;


--
-- Name: status_fk; Type: FK CONSTRAINT; Schema: clinlims; Owner: clinlims
--

ALTER TABLE ONLY analyzer_results
    ADD CONSTRAINT status_fk FOREIGN KEY (status_id) REFERENCES analyzer_result_status(id);


--
-- Name: storloc_parent_storloc_fk; Type: FK CONSTRAINT; Schema: clinlims; Owner: clinlims
--

ALTER TABLE ONLY storage_location
    ADD CONSTRAINT storloc_parent_storloc_fk FOREIGN KEY (parent_storageloc_id) REFERENCES storage_location(id) MATCH FULL;


--
-- Name: storloc_storunit_fk; Type: FK CONSTRAINT; Schema: clinlims; Owner: clinlims
--

ALTER TABLE ONLY storage_location
    ADD CONSTRAINT storloc_storunit_fk FOREIGN KEY (storage_unit_id) REFERENCES storage_unit(id) MATCH FULL;


--
-- Name: sysrolemodule_sysmodule_fk; Type: FK CONSTRAINT; Schema: clinlims; Owner: clinlims
--

ALTER TABLE ONLY system_role_module
    ADD CONSTRAINT sysrolemodule_sysmodule_fk FOREIGN KEY (system_module_id) REFERENCES system_module(id) MATCH FULL ON DELETE CASCADE;


--
-- Name: sysrolemodule_sysrole_fk; Type: FK CONSTRAINT; Schema: clinlims; Owner: clinlims
--

ALTER TABLE ONLY system_role_module
    ADD CONSTRAINT sysrolemodule_sysrole_fk FOREIGN KEY (system_role_id) REFERENCES system_role(id) MATCH FULL ON DELETE CASCADE;


--
-- Name: system_user_fk; Type: FK CONSTRAINT; Schema: clinlims; Owner: clinlims
--

ALTER TABLE ONLY system_user_role
    ADD CONSTRAINT system_user_fk FOREIGN KEY (system_user_id) REFERENCES system_user(id) ON DELETE CASCADE;


--
-- Name: system_user_id_fk; Type: FK CONSTRAINT; Schema: clinlims; Owner: clinlims
--

ALTER TABLE ONLY result_signature
    ADD CONSTRAINT system_user_id_fk FOREIGN KEY (system_user_id) REFERENCES system_user(id);


--
-- Name: sysusermodule_sysmodule_fk; Type: FK CONSTRAINT; Schema: clinlims; Owner: clinlims
--

ALTER TABLE ONLY system_user_module
    ADD CONSTRAINT sysusermodule_sysmodule_fk FOREIGN KEY (system_module_id) REFERENCES system_module(id) MATCH FULL;


--
-- Name: sysusermodule_sysuser_fk; Type: FK CONSTRAINT; Schema: clinlims; Owner: clinlims
--

ALTER TABLE ONLY system_user_module
    ADD CONSTRAINT sysusermodule_sysuser_fk FOREIGN KEY (system_user_id) REFERENCES system_user(id) MATCH FULL;


--
-- Name: sysusersect_sysuser_fk; Type: FK CONSTRAINT; Schema: clinlims; Owner: clinlims
--

ALTER TABLE ONLY system_user_section
    ADD CONSTRAINT sysusersect_sysuser_fk FOREIGN KEY (system_user_id) REFERENCES system_user(id) MATCH FULL;


--
-- Name: sysusersect_testsect_fk; Type: FK CONSTRAINT; Schema: clinlims; Owner: clinlims
--

ALTER TABLE ONLY system_user_section
    ADD CONSTRAINT sysusersect_testsect_fk FOREIGN KEY (test_section_id) REFERENCES test_section(id) MATCH FULL;


--
-- Name: test_fk; Type: FK CONSTRAINT; Schema: clinlims; Owner: clinlims
--

ALTER TABLE ONLY result_limits
    ADD CONSTRAINT test_fk FOREIGN KEY (test_id) REFERENCES test(id);


--
-- Name: test_hl7_encoding_id_fk; Type: FK CONSTRAINT; Schema: clinlims; Owner: clinlims
--

ALTER TABLE ONLY test_hl7_code
    ADD CONSTRAINT test_hl7_encoding_id_fk FOREIGN KEY (encoding_type_id) REFERENCES hl7_encoding_type(id);


--
-- Name: test_hl7_test_id_fk; Type: FK CONSTRAINT; Schema: clinlims; Owner: clinlims
--

ALTER TABLE ONLY test_hl7_code
    ADD CONSTRAINT test_hl7_test_id_fk FOREIGN KEY (test_id) REFERENCES test(id);


--
-- Name: test_label_fk; Type: FK CONSTRAINT; Schema: clinlims; Owner: clinlims
--

ALTER TABLE ONLY test
    ADD CONSTRAINT test_label_fk FOREIGN KEY (label_id) REFERENCES label(id) MATCH FULL;


--
-- Name: test_method_fk; Type: FK CONSTRAINT; Schema: clinlims; Owner: clinlims
--

ALTER TABLE ONLY test
    ADD CONSTRAINT test_method_fk FOREIGN KEY (method_id) REFERENCES method(id) MATCH FULL;


--
-- Name: test_reflex_scriptlet_fk; Type: FK CONSTRAINT; Schema: clinlims; Owner: clinlims
--

ALTER TABLE ONLY test_reflex
    ADD CONSTRAINT test_reflex_scriptlet_fk FOREIGN KEY (scriptlet_id) REFERENCES scriptlet(id);


--
-- Name: test_result_type_fk; Type: FK CONSTRAINT; Schema: clinlims; Owner: clinlims
--

ALTER TABLE ONLY result_limits
    ADD CONSTRAINT test_result_type_fk FOREIGN KEY (test_result_type_id) REFERENCES type_of_test_result(id);


--
-- Name: test_scriptlet_fk; Type: FK CONSTRAINT; Schema: clinlims; Owner: clinlims
--

ALTER TABLE ONLY test
    ADD CONSTRAINT test_scriptlet_fk FOREIGN KEY (scriptlet_id) REFERENCES scriptlet(id) MATCH FULL;


--
-- Name: test_sect_org_fk; Type: FK CONSTRAINT; Schema: clinlims; Owner: clinlims
--

ALTER TABLE ONLY test_section
    ADD CONSTRAINT test_sect_org_fk FOREIGN KEY (org_id) REFERENCES organization(id) MATCH FULL;


--
-- Name: test_testformat_fk; Type: FK CONSTRAINT; Schema: clinlims; Owner: clinlims
--

ALTER TABLE ONLY test
    ADD CONSTRAINT test_testformat_fk FOREIGN KEY (test_format_id) REFERENCES test_formats(id) MATCH FULL;


--
-- Name: test_testsect_fk; Type: FK CONSTRAINT; Schema: clinlims; Owner: clinlims
--

ALTER TABLE ONLY test
    ADD CONSTRAINT test_testsect_fk FOREIGN KEY (test_section_id) REFERENCES test_section(id) MATCH FULL;


--
-- Name: test_testtrailer_fk; Type: FK CONSTRAINT; Schema: clinlims; Owner: clinlims
--

ALTER TABLE ONLY test
    ADD CONSTRAINT test_testtrailer_fk FOREIGN KEY (test_trailer_id) REFERENCES test_trailer(id) MATCH FULL;


--
-- Name: test_uom_fk; Type: FK CONSTRAINT; Schema: clinlims; Owner: clinlims
--

ALTER TABLE ONLY test
    ADD CONSTRAINT test_uom_fk FOREIGN KEY (uom_id) REFERENCES unit_of_measure(id) MATCH FULL;


--
-- Name: testalyt_analyte_fk; Type: FK CONSTRAINT; Schema: clinlims; Owner: clinlims
--

ALTER TABLE ONLY test_analyte
    ADD CONSTRAINT testalyt_analyte_fk FOREIGN KEY (analyte_id) REFERENCES analyte(id) MATCH FULL;


--
-- Name: testalyt_test_fk; Type: FK CONSTRAINT; Schema: clinlims; Owner: clinlims
--

ALTER TABLE ONLY test_analyte
    ADD CONSTRAINT testalyt_test_fk FOREIGN KEY (test_id) REFERENCES test(id) MATCH FULL;


--
-- Name: testreflex_addtest_fk; Type: FK CONSTRAINT; Schema: clinlims; Owner: clinlims
--

ALTER TABLE ONLY test_reflex
    ADD CONSTRAINT testreflex_addtest_fk FOREIGN KEY (add_test_id) REFERENCES test(id) MATCH FULL;


--
-- Name: testreflex_test_fk; Type: FK CONSTRAINT; Schema: clinlims; Owner: clinlims
--

ALTER TABLE ONLY test_reflex
    ADD CONSTRAINT testreflex_test_fk FOREIGN KEY (test_id) REFERENCES test(id) MATCH FULL;


--
-- Name: testreflex_testanalyt_fk; Type: FK CONSTRAINT; Schema: clinlims; Owner: clinlims
--

ALTER TABLE ONLY test_reflex
    ADD CONSTRAINT testreflex_testanalyt_fk FOREIGN KEY (test_analyte_id) REFERENCES test_analyte(id) MATCH FULL;


--
-- Name: testreflex_tstrslt_fk; Type: FK CONSTRAINT; Schema: clinlims; Owner: clinlims
--

ALTER TABLE ONLY test_reflex
    ADD CONSTRAINT testreflex_tstrslt_fk FOREIGN KEY (tst_rslt_id) REFERENCES test_result(id) MATCH FULL;


--
-- Name: testresult_scriptlet_fk; Type: FK CONSTRAINT; Schema: clinlims; Owner: clinlims
--

ALTER TABLE ONLY test_result
    ADD CONSTRAINT testresult_scriptlet_fk FOREIGN KEY (scriptlet_id) REFERENCES scriptlet(id) MATCH FULL;


--
-- Name: testresult_test_fk; Type: FK CONSTRAINT; Schema: clinlims; Owner: clinlims
--

ALTER TABLE ONLY test_result
    ADD CONSTRAINT testresult_test_fk FOREIGN KEY (test_id) REFERENCES test(id) MATCH FULL;


--
-- Name: tw_test_fk; Type: FK CONSTRAINT; Schema: clinlims; Owner: clinlims
--

ALTER TABLE ONLY test_worksheets
    ADD CONSTRAINT tw_test_fk FOREIGN KEY (test_id) REFERENCES test(id) MATCH FULL;


--
-- Name: twi_qc_fk; Type: FK CONSTRAINT; Schema: clinlims; Owner: clinlims
--

ALTER TABLE ONLY test_worksheet_item
    ADD CONSTRAINT twi_qc_fk FOREIGN KEY (qc_id) REFERENCES qc(id) MATCH FULL;


--
-- Name: twi_tw_fk; Type: FK CONSTRAINT; Schema: clinlims; Owner: clinlims
--

ALTER TABLE ONLY test_worksheet_item
    ADD CONSTRAINT twi_tw_fk FOREIGN KEY (tw_id) REFERENCES test_worksheets(id) MATCH FULL;


--
-- Name: wkshtanalysis_wkshtitem_fk; Type: FK CONSTRAINT; Schema: clinlims; Owner: clinlims
--

ALTER TABLE ONLY worksheet_analysis
    ADD CONSTRAINT wkshtanalysis_wkshtitem_fk FOREIGN KEY (worksheet_item_id) REFERENCES worksheet_item(id) MATCH FULL;


--
-- Name: wkshtanalyte_result_fk; Type: FK CONSTRAINT; Schema: clinlims; Owner: clinlims
--

ALTER TABLE ONLY worksheet_analyte
    ADD CONSTRAINT wkshtanalyte_result_fk FOREIGN KEY (result_id) REFERENCES result(id) MATCH FULL;


--
-- Name: wkshtitem_wksht_fk; Type: FK CONSTRAINT; Schema: clinlims; Owner: clinlims
--

ALTER TABLE ONLY worksheet_item
    ADD CONSTRAINT wkshtitem_wksht_fk FOREIGN KEY (worksheet_id) REFERENCES worksheets(id) MATCH FULL;


--
-- Name: wkshtqc_qcanalyte_fk; Type: FK CONSTRAINT; Schema: clinlims; Owner: clinlims
--

ALTER TABLE ONLY worksheet_qc
    ADD CONSTRAINT wkshtqc_qcanalyte_fk FOREIGN KEY (qc_analyte_id) REFERENCES qc_analytes(id) MATCH FULL;


--
-- Name: wkshtqc_wkshtanalysis_fk; Type: FK CONSTRAINT; Schema: clinlims; Owner: clinlims
--

ALTER TABLE ONLY worksheet_qc
    ADD CONSTRAINT wkshtqc_wkshtanalysis_fk FOREIGN KEY (worksheet_analysis_id) REFERENCES worksheet_analysis(id) MATCH FULL;


--
-- Name: workst_sys_user_fk; Type: FK CONSTRAINT; Schema: clinlims; Owner: clinlims
--

ALTER TABLE ONLY worksheets
    ADD CONSTRAINT workst_sys_user_fk FOREIGN KEY (sys_user_id) REFERENCES system_user(id) MATCH FULL;


--
-- Name: workst_test_fk; Type: FK CONSTRAINT; Schema: clinlims; Owner: clinlims
--

ALTER TABLE ONLY worksheets
    ADD CONSTRAINT workst_test_fk FOREIGN KEY (test_id) REFERENCES test(id) MATCH FULL;


--
-- Name: wrkst_anlt_wrkst_anls_fk; Type: FK CONSTRAINT; Schema: clinlims; Owner: clinlims
--

ALTER TABLE ONLY worksheet_analyte
    ADD CONSTRAINT wrkst_anlt_wrkst_anls_fk FOREIGN KEY (wrkst_anls_id) REFERENCES worksheet_analysis(id) MATCH FULL;


--
-- Name: public; Type: ACL; Schema: -; Owner: postgres
--

REVOKE ALL ON SCHEMA public FROM PUBLIC;
REVOKE ALL ON SCHEMA public FROM postgres;
GRANT ALL ON SCHEMA public TO postgres;
GRANT ALL ON SCHEMA public TO PUBLIC;


--
-- PostgreSQL database dump complete
--

